setting,cellIndex,embedding1,embedding2,cell_type,raw_pathway_attention_score,mean_pathway_edge_attention,n_pathway_edges
UMAP2,0,6.143066,-0.06364363,Pre-endocrine,0.9083309,0.010440585,87
UMAP2,1,-9.906417,0.19777754,Ductal,0.9822349,0.011290057,87
UMAP2,2,7.559791,0.58376163,Alpha,0.86699605,0.009965472,87
UMAP2,3,-11.283765,4.2189984,Ductal,0.95945877,0.011028262,87
UMAP2,4,1.7215647,-4.7534075,Ngn3 high EP,1.0031915,0.011530937,87
UMAP2,5,-10.936558,0.7738829,Ductal,0.97294414,0.011183266,87
UMAP2,6,6.77662,3.7410977,Alpha,0.7478798,0.00859632,87
UMAP2,7,-12.126013,1.7461848,Ductal,0.96499705,0.011091921,87
UMAP2,8,-10.632554,6.0370817,Ductal,1.0315237,0.011856594,87
UMAP2,9,-9.427508,0.89788103,Ductal,0.9742604,0.011198395,87
UMAP2,10,9.560197,-1.0534916,Delta,0.76717854,0.008818144,87
UMAP2,11,-11.894205,3.6242454,Ductal,0.99195874,0.011401825,87
UMAP2,12,4.693863,1.3343334,Beta,0.9525298,0.010948618,87
UMAP2,13,-10.719007,5.060998,Ductal,1.0526057,0.012098917,87
UMAP2,14,-11.215404,0.6751544,Ductal,0.9626354,0.011064774,87
UMAP2,15,-8.569838,-0.17490867,Ductal,0.9967799,0.01145724,87
UMAP2,16,3.280925,5.031543,Beta,4.6706953,0.053686153,87
UMAP2,17,8.28469,5.2083616,Alpha,0.7818603,0.0089869,87
UMAP2,18,-2.2122872,-2.038088,Ngn3 high EP,1.1497493,0.013215509,87
UMAP2,19,-3.6094487,-4.16496,Ngn3 high EP,1.0491917,0.012059675,87
UMAP2,20,-8.909535,0.37737897,Ngn3 low EP,0.9974932,0.01146544,87
UMAP2,21,3.5693967,0.03259685,Pre-endocrine,0.8982637,0.01032487,87
UMAP2,22,4.4251614,3.1630082,Beta,0.949932,0.010918759,87
UMAP2,23,6.319591,-1.5163502,Pre-endocrine,0.8243634,0.009475442,87
UMAP2,24,6.654441,1.6738739,Alpha,0.8111514,0.009323579,87
UMAP2,25,7.159107,1.6885645,Alpha,0.8181686,0.009404236,87
UMAP2,26,3.1209917,4.762562,Beta,4.562416,0.052441563,87
UMAP2,27,3.0020232,4.7021656,Beta,4.968799,0.057112634,87
UMAP2,28,-10.667444,-0.32679078,Ngn3 low EP,0.9721726,0.011174398,87
UMAP2,29,1.8618637,5.9189177,Beta,5.6463757,0.06490087,87
UMAP2,30,-11.509517,5.4464297,Ductal,0.99220717,0.01140468,87
UMAP2,31,-11.218836,-1.0843626,Ductal,0.9807198,0.011272642,87
UMAP2,32,8.002446,2.3274739,Alpha,0.7605431,0.008741875,87
UMAP2,33,5.79169,-1.0305629,Pre-endocrine,0.85513467,0.009829134,87
UMAP2,34,4.4625125,-4.057958,Pre-endocrine,0.8719137,0.010021997,87
UMAP2,35,-9.445645,2.2992373,Ductal,0.9718271,0.011170426,87
UMAP2,36,-9.852467,4.860494,Ductal,1.1141157,0.012805928,87
UMAP2,37,5.51126,0.93228024,Beta,0.9092765,0.010451454,87
UMAP2,38,4.6758804,0.84089965,Delta,0.88658035,0.010190579,87
UMAP2,39,6.6280966,1.5069003,Alpha,0.84896374,0.009758204,87
UMAP2,40,2.1794276,6.232158,Beta,5.568077,0.06400089,87
UMAP2,41,-11.909684,4.7213106,Ductal,0.9684175,0.011131236,87
UMAP2,42,8.1335945,3.927814,Alpha,0.7326826,0.008421639,87
UMAP2,43,2.5234935,5.7503653,Beta,6.153144,0.07072579,87
UMAP2,44,2.3779438,5.0204988,Beta,6.172076,0.07094341,87
UMAP2,45,8.305771,4.1690755,Alpha,0.74107873,0.008518146,87
UMAP2,46,-4.846345,-3.1631942,Ngn3 high EP,1.0117054,0.011628797,87
UMAP2,47,-0.5807117,-4.0239515,Ngn3 high EP,0.9969677,0.011459398,87
UMAP2,48,1.496808,-3.991346,Ngn3 high EP,0.95378435,0.010963039,87
UMAP2,49,7.570063,3.3770149,Alpha,0.72446764,0.008327214,87
UMAP2,50,3.8384395,0.42988414,Pre-endocrine,0.889331,0.010222196,87
UMAP2,51,6.629303,2.9662538,Alpha,0.78863776,0.009064802,87
UMAP2,52,7.5601845,4.17288,Alpha,0.771378,0.0088664135,87
UMAP2,53,-11.349223,5.678881,Ductal,0.98308134,0.011299785,87
UMAP2,54,-1.1936877,-3.7616882,Ngn3 high EP,0.99580204,0.011446,87
UMAP2,55,5.3650627,-3.0849836,Pre-endocrine,0.9133415,0.010498178,87
UMAP2,56,7.546737,4.0811286,Alpha,0.7512175,0.008634684,87
UMAP2,57,-4.320397,-3.6954503,Ngn3 high EP,1.0519183,0.0120910145,87
UMAP2,58,0.09243224,-3.8010116,Ngn3 high EP,0.9808409,0.011274033,87
UMAP2,59,1.975073,-4.02992,Ngn3 high EP,0.94103664,0.010816514,87
UMAP2,60,-8.5062685,3.9896288,Ngn3 low EP,1.1125013,0.012787371,87
UMAP2,61,2.476689,-4.1314106,Ngn3 high EP,0.90781236,0.010434625,87
UMAP2,62,-4.754584,-3.0777972,Ngn3 high EP,1.0302619,0.011842091,87
UMAP2,63,3.4371498,2.6033788,Epsilon,0.78955853,0.0090753855,87
UMAP2,64,-4.2721395,-3.435313,Ngn3 high EP,1.0402153,0.011956497,87
UMAP2,65,1.9274687,5.7674994,Beta,5.682263,0.06531337,87
UMAP2,66,6.1857824,-1.9117875,Pre-endocrine,0.8581526,0.009863824,87
UMAP2,67,-0.79702216,-4.941495,Ngn3 high EP,0.9896666,0.011375478,87
UMAP2,68,6.1596775,-2.6213596,Pre-endocrine,0.8813509,0.01013047,87
UMAP2,69,-0.3789697,-5.2596617,Ngn3 high EP,0.968108,0.011127678,87
UMAP2,70,-3.7240732,-3.8476381,Ngn3 high EP,1.0353426,0.011900489,87
UMAP2,71,4.5485315,3.1380405,Beta,1.2676604,0.014570809,87
UMAP2,72,-3.5543253,-4.315498,Ngn3 high EP,1.0123386,0.0116360765,87
UMAP2,73,2.663227,5.2265043,Beta,6.5525904,0.07531713,87
UMAP2,74,5.8947663,1.3489676,Beta,0.8088946,0.009297639,87
UMAP2,75,7.779183,3.4933803,Alpha,0.7513817,0.0086365715,87
UMAP2,76,6.3117266,2.5173495,Alpha,0.75826967,0.008715743,87
UMAP2,77,-12.134493,2.6418145,Ductal,0.975643,0.011214287,87
UMAP2,78,4.2139473,0.87867403,Pre-endocrine,0.8013595,0.009211028,87
UMAP2,79,7.919234,5.3213305,Alpha,0.7201237,0.008277284,87
UMAP2,80,-9.277945,5.4018846,Ductal,1.1876917,0.013651629,87
UMAP2,81,6.304165,4.044516,Alpha,0.7669699,0.008815746,87
UMAP2,82,-10.6074095,0.07127509,Ductal,0.97416407,0.0111972885,87
UMAP2,83,6.0370474,-1.7489895,Pre-endocrine,0.9050707,0.010403112,87
UMAP2,84,4.579713,1.0014968,Beta,0.88848007,0.010212415,87
UMAP2,85,-7.7785473,-1.1465534,Ngn3 low EP,1.0012256,0.01150834,87
UMAP2,86,8.025878,4.690022,Alpha,0.7590662,0.008724899,87
UMAP2,87,2.3430178,6.5196714,Beta,5.88796,0.0676777,87
UMAP2,88,-5.4848437,-2.8574429,Ngn3 high EP,1.0022755,0.011520408,87
UMAP2,89,-11.013531,-0.6728261,Ductal,0.97383326,0.011193486,87
UMAP2,90,3.8064725,4.323861,Beta,2.8261006,0.032483913,87
UMAP2,91,-5.035715,-3.5273523,Ngn3 high EP,1.0145829,0.011661872,87
UMAP2,92,-11.570084,4.6332374,Ductal,0.9551116,0.010978295,87
UMAP2,93,-10.594983,6.1573443,Ductal,1.0810164,0.012425476,87
UMAP2,94,3.1369705,-3.7435684,Pre-endocrine,0.8871292,0.010196887,87
UMAP2,95,8.165062,5.123174,Alpha,0.7442995,0.008555166,87
UMAP2,96,-7.95078,-1.7666882,Ngn3 low EP,0.9922079,0.0114046885,87
UMAP2,97,-0.44779184,-4.057664,Ngn3 high EP,0.9896301,0.011375058,87
UMAP2,98,-12.090604,3.9986148,Ductal,0.98906726,0.0113685895,87
UMAP2,99,-1.8059943,-4.994431,Ngn3 high EP,0.99237156,0.01140657,87
UMAP2,100,4.1258698,0.65790063,Pre-endocrine,0.8365127,0.009615088,87
UMAP2,101,2.3830097,5.3754697,Beta,5.6526027,0.064972445,87
UMAP2,102,7.110726,1.1133856,Alpha,0.7934503,0.009120119,87
UMAP2,103,-9.363262,0.32207733,Ngn3 low EP,0.99488556,0.011435466,87
UMAP2,104,-10.495506,-1.2921832,Ductal,0.9898189,0.011377228,87
UMAP2,105,-10.367674,1.2070645,Ductal,0.9488871,0.0109067485,87
UMAP2,106,5.4034476,2.2823207,Beta,0.86485696,0.009940885,87
UMAP2,107,1.4744543,-1.336417,Pre-endocrine,0.91793406,0.0105509665,87
UMAP2,108,-10.846176,-1.008293,Ductal,0.9827427,0.011295893,87
UMAP2,109,7.2306137,4.5599537,Alpha,0.77827156,0.00894565,87
UMAP2,110,4.3299494,0.016993912,Pre-endocrine,0.9004509,0.01035001,87
UMAP2,111,5.2444687,1.0347878,Beta,0.86651075,0.009959893,87
UMAP2,112,-7.720163,-1.6348033,Ngn3 low EP,0.99560916,0.0114437835,87
UMAP2,113,-12.41564,3.335895,Ductal,0.97279406,0.011181541,87
UMAP2,114,8.525829,-1.0844926,Delta,0.74199057,0.008528627,87
UMAP2,115,5.3779593,-2.249274,Pre-endocrine,0.9986395,0.011478615,87
UMAP2,116,-11.047429,6.037519,Ductal,1.0011517,0.011507491,87
UMAP2,117,-10.719046,-1.2876067,Ductal,0.98916996,0.011369769,87
UMAP2,118,1.9706423,-4.608252,Ngn3 high EP,0.92609453,0.010644765,87
UMAP2,119,-8.37968,2.4396873,Ngn3 low EP,1.0009091,0.011504702,87
UMAP2,120,3.4800649,2.4080207,Epsilon,0.8043395,0.009245282,87
UMAP2,121,-11.588832,-0.73962325,Ductal,0.9818697,0.011285858,87
UMAP2,122,-10.684874,-0.07954098,Ductal,0.97849125,0.011247026,87
UMAP2,123,3.4157054,-3.683029,Pre-endocrine,0.9078189,0.0104347,87
UMAP2,124,6.1202593,1.4535599,Beta,0.83680964,0.009618501,87
UMAP2,125,-5.010132,-2.822764,Ngn3 high EP,1.0160475,0.011678707,87
UMAP2,126,-10.362076,-0.5544115,Ductal,0.9787636,0.011250156,87
UMAP2,127,-9.791051,-1.155077,Ngn3 low EP,0.9958069,0.011446056,87
UMAP2,128,-10.12584,3.2204719,Ductal,0.97485334,0.01120521,87
UMAP2,129,6.346333,1.9683311,Alpha,0.76055974,0.008742066,87
UMAP2,130,4.6885996,0.7533395,Beta,0.95821416,0.011013956,87
UMAP2,131,7.021126,4.6734366,Alpha,0.74813974,0.008599307,87
UMAP2,132,0.088717766,-4.05758,Ngn3 high EP,0.997659,0.011467345,87
UMAP2,133,7.8193364,1.2517631,Alpha,0.84977597,0.00976754,87
UMAP2,134,0.49603632,-3.9175951,Ngn3 high EP,0.9815004,0.011281613,87
UMAP2,135,4.7876906,1.8888563,Beta,0.9071214,0.010426683,87
UMAP2,136,6.8747277,5.1272035,Alpha,0.8021825,0.009220488,87
UMAP2,137,-11.915075,4.6746097,Ductal,0.9663026,0.011106926,87
UMAP2,138,4.188297,3.5361834,Beta,1.2379404,0.014229201,87
UMAP2,139,1.9140369,0.3907657,Epsilon,0.9488219,0.010905999,87
UMAP2,140,5.5188513,-0.3910093,Beta,0.9335004,0.010729889,87
UMAP2,141,-10.291771,0.4086713,Ductal,0.97154653,0.011167201,87
UMAP2,142,-9.461829,1.6082355,Ductal,0.9720061,0.011172484,87
UMAP2,143,4.0181117,2.8151193,Beta,1.1574363,0.013303865,87
UMAP2,144,-11.255505,5.369324,Ductal,0.9814781,0.011281357,87
UMAP2,145,0.5290485,-3.530486,Ngn3 high EP,0.96387863,0.011079065,87
UMAP2,146,-11.241039,-1.4444996,Ductal,0.98827225,0.011359451,87
UMAP2,147,4.520283,-3.0893703,Pre-endocrine,0.9394521,0.0107983,87
UMAP2,148,-9.204985,-1.4518561,Ductal,1.0029557,0.011528227,87
UMAP2,149,7.6484504,2.894297,Alpha,0.7186321,0.008260139,87
UMAP2,150,6.0361323,1.941564,Alpha,0.7230561,0.0083109895,87
UMAP2,151,3.7333078,1.4692426,Epsilon,0.8191209,0.009415182,87
UMAP2,152,2.9773006,5.4371915,Beta,6.139001,0.07056323,87
UMAP2,153,-11.472138,4.1609783,Ductal,0.9630096,0.011069076,87
UMAP2,154,-2.381858,-4.7297397,Ngn3 high EP,0.9968065,0.011457546,87
UMAP2,155,-6.190496,-2.6830711,Ngn3 high EP,0.9919653,0.0114019,87
UMAP2,156,-8.498111,2.3271487,Ductal,0.9978901,0.011470001,87
UMAP2,157,-0.3686588,-5.2803617,Ngn3 high EP,0.9600539,0.011035102,87
UMAP2,158,7.114554,5.1295547,Alpha,0.7738899,0.008895286,87
UMAP2,159,-11.173181,-0.23364486,Ductal,0.9761604,0.011220234,87
UMAP2,160,-9.196832,0.23601624,Ngn3 low EP,0.98643357,0.011338317,87
UMAP2,161,7.1930304,-0.690909,Alpha,0.80979264,0.009307961,87
UMAP2,162,4.520586,-3.817292,Pre-endocrine,0.90105337,0.010356936,87
UMAP2,163,5.5733194,1.6694338,Alpha,0.7538264,0.008664671,87
UMAP2,164,5.393578,-2.1503365,Pre-endocrine,0.8891918,0.010220596,87
UMAP2,165,6.8509884,2.7394633,Alpha,0.7421874,0.00853089,87
UMAP2,166,4.895575,2.6582427,Beta,0.8616942,0.009904531,87
UMAP2,167,-6.092449,-2.79109,Ngn3 high EP,0.9943971,0.011429852,87
UMAP2,168,6.046676,-2.374115,Pre-endocrine,0.8789695,0.010103097,87
UMAP2,169,0.051720344,-3.3204794,Ngn3 high EP,1.0068684,0.011573199,87
UMAP2,170,2.7087297,4.390323,Beta,5.859883,0.06735498,87
UMAP2,171,-11.912753,3.6445534,Ductal,0.99156654,0.011397316,87
UMAP2,172,-4.462868,-3.420645,Ngn3 high EP,1.0232441,0.011761427,87
UMAP2,173,-8.372979,-1.1617931,Ngn3 low EP,0.99896085,0.011482309,87
UMAP2,174,5.0980964,-2.696502,Pre-endocrine,0.9342049,0.010737987,87
UMAP2,175,2.7282043,-1.9846003,Pre-endocrine,0.90414524,0.010392474,87
UMAP2,176,-10.396271,0.16280559,Ductal,0.97890127,0.011251738,87
UMAP2,177,1.3439193,-2.5575938,Pre-endocrine,0.9365692,0.010765163,87
UMAP2,178,9.353281,-1.3498038,Delta,0.7874017,0.009050594,87
UMAP2,179,5.7243953,0.9349374,Beta,0.9035809,0.010385987,87
UMAP2,180,-5.5150414,-3.642048,Ngn3 high EP,1.0147114,0.011663349,87
UMAP2,181,-0.87164825,-5.09364,Ngn3 high EP,0.97869986,0.011249424,87
UMAP2,182,-11.3952055,-0.8900811,Ductal,0.98459804,0.011317219,87
UMAP2,183,2.37413,-0.08229823,Epsilon,0.91092,0.010470345,87
UMAP2,184,0.5280131,-4.9937525,Ngn3 high EP,0.948098,0.010897678,87
UMAP2,185,-0.31275338,-5.1481266,Ngn3 high EP,0.9820993,0.011288498,87
UMAP2,186,-1.4587305,-4.408066,Ngn3 high EP,0.97849345,0.011247051,87
UMAP2,187,7.102697,1.7050588,Alpha,0.8357843,0.009606716,87
UMAP2,188,2.2595377,6.0349364,Beta,5.8350267,0.06706927,87
UMAP2,189,2.4216826,5.9850206,Beta,6.1423073,0.07060123,87
UMAP2,190,8.384479,5.238558,Alpha,0.78595537,0.00903397,87
UMAP2,191,5.0814004,1.6830095,Beta,0.98181736,0.0112852575,87
UMAP2,192,-11.210487,0.5376771,Ductal,0.9731623,0.011185774,87
UMAP2,193,3.6040623,4.2538505,Beta,3.0983996,0.03561379,87
UMAP2,194,-11.467683,4.7080665,Ductal,0.977275,0.011233046,87
UMAP2,195,1.0239607,-4.1809516,Ngn3 high EP,0.9707956,0.01115857,87
UMAP2,196,5.3639483,0.7832773,Beta,0.8766682,0.010076646,87
UMAP2,197,4.0963306,4.7069917,Beta,2.5524642,0.029338669,87
UMAP2,198,7.5236063,3.6738956,Alpha,0.7287269,0.008376172,87
UMAP2,199,-1.509695,-3.7886882,Ngn3 high EP,0.9793187,0.0112565365,87
UMAP2,200,0.52455854,-4.9841423,Ngn3 high EP,0.9598121,0.011032323,87
UMAP2,201,2.8409936,2.0126941,Epsilon,0.9125726,0.010489341,87
UMAP2,202,-12.289029,2.354205,Ductal,0.9689144,0.011136947,87
UMAP2,203,1.5525346,-3.2210817,Pre-endocrine,0.9270065,0.010655247,87
UMAP2,204,5.5511217,-2.0360284,Pre-endocrine,0.8586769,0.009869849,87
UMAP2,205,6.836996,1.2850064,Alpha,0.8668112,0.009963348,87
UMAP2,206,8.224972,-1.2287211,Delta,0.727617,0.008363414,87
UMAP2,207,4.683941,4.2946253,Beta,1.3933197,0.01601517,87
UMAP2,208,-9.511768,-1.6576182,Ductal,0.9978835,0.011469925,87
UMAP2,209,-9.823419,-1.0399162,Ductal,0.99114746,0.011392499,87
UMAP2,210,5.3172975,0.97625095,Beta,0.88950515,0.010224197,87
UMAP2,211,4.572343,0.56579596,Pre-endocrine,0.83398825,0.009586072,87
UMAP2,212,-10.92072,-0.6133015,Ductal,0.9798001,0.01126207,87
UMAP2,213,-0.2899037,-4.1817517,Ngn3 high EP,0.9649197,0.011091031,87
UMAP2,214,2.5100691,-4.370455,Pre-endocrine,0.90619606,0.010416047,87
UMAP2,215,-2.4735217,-4.1929164,Ngn3 high EP,1.0045245,0.011546258,87
UMAP2,216,5.6316285,-1.073256,Pre-endocrine,0.9309187,0.010700215,87
UMAP2,217,7.5755777,3.8535607,Alpha,0.7425164,0.008534671,87
UMAP2,218,6.513249,3.7417588,Alpha,0.7528472,0.008653416,87
UMAP2,219,-10.724938,3.3942788,Ductal,0.9633774,0.011073303,87
UMAP2,220,7.64146,5.18426,Alpha,0.74120426,0.008519589,87
UMAP2,221,-1.5740901,-4.6944647,Ngn3 high EP,1.0048392,0.011549876,87
UMAP2,222,-11.364916,4.344074,Ductal,0.96004236,0.011034969,87
UMAP2,223,8.412721,4.2674565,Alpha,0.7595339,0.008730275,87
UMAP2,224,-11.003931,-1.1728581,Ductal,0.99353874,0.011419985,87
UMAP2,225,6.511388,2.0635886,Alpha,0.76429033,0.008784946,87
UMAP2,226,-10.640585,0.11699703,Ductal,0.97405595,0.011196045,87
UMAP2,227,7.1827517,5.100609,Alpha,0.7735449,0.008891321,87
UMAP2,228,-9.242672,3.1085637,Ductal,0.9823606,0.011291501,87
UMAP2,229,-10.241841,0.727951,Ductal,0.963026,0.011069264,87
UMAP2,230,3.3452432,-1.4667065,Pre-endocrine,0.9455534,0.01086843,87
UMAP2,231,-12.143137,2.5351555,Ductal,0.97301733,0.0111841075,87
UMAP2,232,5.0929728,2.5482855,Beta,0.89569205,0.010295311,87
UMAP2,233,6.331028,2.254438,Alpha,0.7376656,0.008478915,87
UMAP2,234,-7.717052,-2.022987,Ngn3 high EP,0.98767227,0.011352555,87
UMAP2,235,1.6285424,-3.9161441,Ngn3 high EP,0.9456557,0.0108696055,87
UMAP2,236,3.2888467,5.075647,Beta,5.343002,0.061413813,87
UMAP2,237,-7.7232585,-1.7825981,Ngn3 low EP,0.9877503,0.011353452,87
UMAP2,238,-8.885527,-0.17575195,Ngn3 low EP,1.0016339,0.011513033,87
UMAP2,239,4.0303802,-3.5861921,Pre-endocrine,0.9026966,0.010375823,87
UMAP2,240,2.628814,-2.0395703,Pre-endocrine,0.930323,0.010693368,87
UMAP2,241,2.3579855,-2.252564,Pre-endocrine,0.8871723,0.010197382,87
UMAP2,242,5.1288514,3.1929984,Beta,0.89565575,0.010294894,87
UMAP2,243,5.469442,-1.7237717,Pre-endocrine,0.90168047,0.010364143,87
UMAP2,244,1.3406211,-2.951712,Pre-endocrine,0.910981,0.010471046,87
UMAP2,245,-11.093955,-0.8421449,Ductal,0.9870808,0.011345756,87
UMAP2,246,7.162699,0.6111158,Alpha,0.86834085,0.009980929,87
UMAP2,247,-4.781803,-3.6151323,Ngn3 high EP,1.0224266,0.01175203,87
UMAP2,248,-10.043945,1.5839564,Ductal,0.9748994,0.01120574,87
UMAP2,249,6.9480457,-0.8090878,Pre-endocrine,0.8541405,0.009817707,87
UMAP2,250,-11.086575,-0.1925889,Ductal,0.9754685,0.011212282,87
UMAP2,251,-9.154995,-0.38861966,Ngn3 low EP,0.98486954,0.0113203395,87
UMAP2,252,4.884735,3.238577,Beta,0.9435158,0.010845009,87
UMAP2,253,-9.25125,-0.23491266,Ngn3 low EP,0.9928457,0.01141202,87
UMAP2,254,-9.35345,5.4344416,Ductal,1.1683813,0.013429671,87
UMAP2,255,7.7961087,4.060859,Alpha,0.75803274,0.00871302,87
UMAP2,256,-9.044225,-0.14805421,Ngn3 low EP,0.9930574,0.011414453,87
UMAP2,257,6.777175,1.9321803,Alpha,0.76067793,0.008743425,87
UMAP2,258,7.5633006,2.6837633,Alpha,0.7424246,0.008533617,87
UMAP2,259,-0.8370192,-4.906604,Ngn3 high EP,0.98845446,0.011361546,87
UMAP2,260,-8.7496605,-0.94191706,Ngn3 low EP,0.99928033,0.011485981,87
UMAP2,261,6.376775,0.8480432,Beta,0.83887804,0.009642276,87
UMAP2,262,2.475186,0.20168611,Epsilon,0.9252888,0.010635504,87
UMAP2,263,-5.9945283,-2.723744,Ngn3 high EP,0.99565464,0.011444306,87
UMAP2,264,4.382257,-0.76466584,Pre-endocrine,0.8935905,0.010271155,87
UMAP2,265,-10.169484,0.36452776,Ductal,0.976522,0.011224391,87
UMAP2,266,-11.765867,5.191062,Ductal,0.9727971,0.011181576,87
UMAP2,267,6.0452514,-1.8343345,Pre-endocrine,0.8810793,0.010127349,87
UMAP2,268,-11.916751,5.0514154,Ductal,0.95624113,0.010991277,87
UMAP2,269,2.2112195,4.940057,Beta,6.2659626,0.07202256,87
UMAP2,270,-2.385108,-4.125008,Ngn3 high EP,1.0128549,0.011642011,87
UMAP2,271,-11.532904,5.222303,Ductal,0.9508541,0.010929358,87
UMAP2,272,-11.676399,3.9058218,Ductal,0.96584946,0.011101718,87
UMAP2,273,-8.332741,0.09316502,Ductal,0.9819225,0.011286465,87
UMAP2,274,-9.533373,2.1432898,Ductal,0.9632491,0.011071828,87
UMAP2,275,5.4170666,0.9635551,Beta,0.9378803,0.010780233,87
UMAP2,276,2.809378,-4.5153985,Pre-endocrine,0.85429686,0.009819504,87
UMAP2,277,7.9616175,1.1452135,Alpha,0.8495164,0.009764556,87
UMAP2,278,6.5697355,3.1352892,Alpha,0.75424314,0.008669461,87
UMAP2,279,6.34623,-1.6735827,Pre-endocrine,0.8864056,0.01018857,87
UMAP2,280,-2.1904216,-3.9623346,Ngn3 high EP,1.027751,0.01181323,87
UMAP2,281,-9.181387,-0.033424795,Ductal,0.99187344,0.011400844,87
UMAP2,282,7.0984073,5.0934877,Alpha,0.7980802,0.0091733355,87
UMAP2,283,1.9500691,5.744494,Beta,5.907547,0.06790284,87
UMAP2,284,-4.77012,-3.675132,Ngn3 high EP,1.0300248,0.011839366,87
UMAP2,285,1.5513151,-0.8145749,Epsilon,0.9266157,0.010650755,87
UMAP2,286,-10.304022,-0.9711133,Ductal,0.987697,0.011352839,87
UMAP2,287,-9.346183,-0.13429774,Ngn3 low EP,0.9854708,0.01132725,87
UMAP2,288,-11.393715,2.8442008,Ductal,0.96577454,0.011100857,87
UMAP2,289,7.7373147,4.071755,Alpha,0.76622045,0.008807132,87
UMAP2,290,5.2174406,3.681239,Beta,0.89677805,0.0103077935,87
UMAP2,291,2.8633592,4.735023,Beta,5.8340178,0.06705768,87
UMAP2,292,3.3282263,-1.4245968,Pre-endocrine,0.9363051,0.010762128,87
UMAP2,293,6.9366198,4.448923,Alpha,0.7607004,0.008743683,87
UMAP2,294,-2.602157,-3.8656168,Ngn3 high EP,1.01274,0.01164069,87
UMAP2,295,1.730183,-0.3824698,Epsilon,0.9337485,0.010732741,87
UMAP2,296,2.1839733,5.0538034,Beta,6.235708,0.07167481,87
UMAP2,297,1.7100205,-4.564187,Ngn3 high EP,0.9361265,0.0107600745,87
UMAP2,298,8.426275,-1.1620268,Delta,0.7403901,0.008510231,87
UMAP2,299,7.09386,4.738942,Alpha,0.79341793,0.009119746,87
UMAP2,300,-6.5862656,-2.5747304,Ngn3 high EP,0.98917514,0.011369829,87
UMAP2,301,-11.400786,2.7180312,Ductal,0.9680299,0.011126781,87
UMAP2,302,-10.93543,1.0108523,Ngn3 low EP,0.9688045,0.011135683,87
UMAP2,303,-5.8279924,-2.9825108,Ngn3 high EP,1.0009944,0.011505683,87
UMAP2,304,4.575668,2.266153,Beta,0.90165293,0.0103638265,87
UMAP2,305,6.4222145,-0.16994165,Pre-endocrine,0.8372257,0.0096232835,87
UMAP2,306,-4.1307282,-3.4096875,Ngn3 high EP,1.023491,0.011764265,87
UMAP2,307,-5.338806,-3.4725497,Ngn3 high EP,1.0220879,0.011748137,87
UMAP2,308,7.6387615,2.4008605,Alpha,0.7715709,0.008868631,87
UMAP2,309,-8.199331,2.1621046,Ductal,0.99952525,0.011488796,87
UMAP2,310,4.5216546,-0.72476655,Pre-endocrine,0.8781148,0.010093274,87
UMAP2,311,-0.273398,-5.0597053,Ngn3 high EP,0.9667693,0.01111229,87
UMAP2,312,1.5244255,-2.22742,Pre-endocrine,0.92253786,0.010603883,87
UMAP2,313,5.410512,0.26352653,Beta,0.924559,0.010627115,87
UMAP2,314,2.2310019,1.3317419,Epsilon,0.9762431,0.011221184,87
UMAP2,315,1.5974596,-4.052975,Ngn3 high EP,0.93834573,0.010785583,87
UMAP2,316,4.704718,-2.8672853,Pre-endocrine,0.9399451,0.010803967,87
UMAP2,317,-8.121011,-1.3001552,Ngn3 low EP,0.99710864,0.011461019,87
UMAP2,318,8.416343,5.050197,Alpha,0.78074634,0.008974096,87
UMAP2,319,-9.425886,2.7804382,Ductal,0.97544646,0.011212029,87
UMAP2,320,-2.9809165,-3.7525656,Ngn3 high EP,1.0388615,0.011940937,87
UMAP2,321,-5.160691,-3.2082512,Ngn3 high EP,1.0138133,0.011653026,87
UMAP2,322,-7.582926,-1.2564229,Ngn3 low EP,0.99945086,0.011487941,87
UMAP2,323,7.904826,0.70822155,Alpha,0.8997699,0.010342183,87
UMAP2,324,6.0045853,0.0077591366,Beta,0.9519954,0.010942476,87
UMAP2,325,4.984954,2.245433,Beta,0.8920195,0.010253098,87
UMAP2,326,-11.715669,3.9678936,Ngn3 low EP,0.99996156,0.011493811,87
UMAP2,327,6.2537484,-2.4839404,Pre-endocrine,0.89407015,0.010276669,87
UMAP2,328,-11.768,0.9170352,Ductal,0.97258985,0.011179194,87
UMAP2,329,-8.950478,-0.48115227,Ductal,0.99424744,0.011428132,87
UMAP2,330,-8.547027,-0.40839824,Ngn3 low EP,1.000629,0.011501482,87
UMAP2,331,0.872237,-4.675645,Ngn3 high EP,0.92709327,0.010656244,87
UMAP2,332,3.110433,5.503577,Beta,6.6217575,0.07611216,87
UMAP2,333,1.0181519,-2.5566225,Pre-endocrine,0.9287051,0.010674771,87
UMAP2,334,-4.909668,-3.806054,Ngn3 high EP,1.0184937,0.0117068235,87
UMAP2,335,-10.865937,6.2544875,Ductal,1.0547214,0.012123234,87
UMAP2,336,-11.2654,-0.69195557,Ductal,0.9807397,0.01127287,87
UMAP2,337,-11.807065,2.3659685,Ductal,0.969401,0.01114254,87
UMAP2,338,5.8029475,-2.6360831,Pre-endocrine,0.8710054,0.010011557,87
UMAP2,339,-9.448929,2.4635942,Ductal,0.97153246,0.01116704,87
UMAP2,340,5.755506,0.18049234,Beta,0.90758395,0.010431999,87
UMAP2,341,-6.9654193,-2.26792,Ngn3 high EP,0.9880815,0.011357259,87
UMAP2,342,-9.784279,-0.5150663,Ductal,0.9872007,0.011347135,87
UMAP2,343,2.5704095,5.2636676,Beta,5.9129267,0.06796467,87
UMAP2,344,-3.5900328,-3.6244254,Ngn3 high EP,1.045546,0.012017771,87
UMAP2,345,2.759736,-3.5354805,Pre-endocrine,0.9868136,0.011342685,87
UMAP2,346,-11.330486,-0.84065527,Ductal,0.9811131,0.011277162,87
UMAP2,347,-11.59115,1.4343024,Ductal,0.98084736,0.011274108,87
UMAP2,348,-11.68725,2.5380342,Ductal,0.9618803,0.011056095,87
UMAP2,349,8.198245,-0.96933556,Delta,0.7230421,0.008310828,87
UMAP2,350,4.6816583,0.046899084,Pre-endocrine,0.90485847,0.010400672,87
UMAP2,351,3.8176503,-3.3551533,Pre-endocrine,1.0149673,0.011666291,87
UMAP2,352,-10.257325,0.3047365,Ductal,0.9830774,0.0112997405,87
UMAP2,353,-10.692996,-0.7605816,Ductal,0.97537196,0.011211172,87
UMAP2,354,4.2637863,3.8783953,Beta,1.5536755,0.01785834,87
UMAP2,355,1.7583017,-2.6960056,Pre-endocrine,0.93389714,0.01073445,87
UMAP2,356,5.805617,-0.45328704,Pre-endocrine,0.88812363,0.010208318,87
UMAP2,357,2.471385,5.697331,Beta,6.247738,0.07181308,87
UMAP2,358,2.182461,4.8795147,Beta,5.8301644,0.06701338,87
UMAP2,359,2.2077563,-0.20323604,Epsilon,0.9118427,0.010480951,87
UMAP2,360,-10.981823,-1.1956384,Ductal,0.9857354,0.011330293,87
UMAP2,361,6.888585,3.1499274,Alpha,0.73837805,0.008487104,87
UMAP2,362,-11.289046,0.6433749,Ductal,0.96458316,0.011087162,87
UMAP2,363,5.7530947,-0.25557938,Pre-endocrine,0.87581736,0.010066866,87
UMAP2,364,7.9068174,2.5517395,Alpha,0.719682,0.008272206,87
UMAP2,365,2.7270901,1.7213101,Epsilon,0.9459943,0.010873497,87
UMAP2,366,-10.243863,2.8300319,Ductal,0.9673375,0.011118822,87
UMAP2,367,5.8739557,2.1420534,Beta,0.84536225,0.009716808,87
UMAP2,368,-10.057926,0.7496843,Ductal,0.9824642,0.011292692,87
UMAP2,369,-8.780081,0.22830488,Ductal,0.9877413,0.011353348,87
UMAP2,370,-11.297905,0.3678042,Ductal,0.9702654,0.011152476,87
UMAP2,371,2.6565402,6.256076,Beta,6.2891474,0.07228905,87
UMAP2,372,-8.493991,3.5892267,Ductal,1.0328746,0.011872122,87
UMAP2,373,-9.605356,2.2903306,Ngn3 low EP,0.9685757,0.011133054,87
UMAP2,374,5.4808493,-2.9660108,Pre-endocrine,0.8710365,0.010011914,87
UMAP2,375,-11.156312,4.5162883,Ductal,1.0262109,0.011795527,87
UMAP2,376,2.423272,1.6797389,Epsilon,0.95686454,0.010998443,87
UMAP2,377,5.755124,-3.071102,Pre-endocrine,0.8771564,0.010082257,87
UMAP2,378,5.55028,1.348612,Beta,0.90981436,0.010457636,87
UMAP2,379,-5.586844,-1.8247977,Ngn3 high EP,1.0377519,0.011928183,87
UMAP2,380,-11.207826,0.3544529,Ductal,0.96892,0.011137011,87
UMAP2,381,-1.7060536,-4.651904,Ngn3 high EP,1.0338656,0.011883512,87
UMAP2,382,3.8098712,3.5164144,Beta,2.640405,0.030349482,87
UMAP2,383,4.5825114,0.08774701,Pre-endocrine,0.87132496,0.01001523,87
UMAP2,384,2.022029,6.2533746,Beta,5.5562067,0.06386445,87
UMAP2,385,-0.9122035,-4.8227124,Ngn3 high EP,0.9866296,0.011340571,87
UMAP2,386,7.5551367,5.144945,Alpha,0.7895803,0.009075635,87
UMAP2,387,3.6193352,-3.380275,Pre-endocrine,0.8956747,0.010295112,87
UMAP2,388,4.402952,3.6093895,Beta,1.0195695,0.01171919,87
UMAP2,389,-2.5394762,-2.5991318,Ngn3 high EP,1.2020214,0.013816337,87
UMAP2,390,-11.979307,2.5609903,Ductal,0.9664554,0.0111086825,87
UMAP2,391,7.7838416,5.2775145,Alpha,0.73853564,0.008488916,87
UMAP2,392,-9.815042,1.9591327,Ngn3 low EP,0.9656959,0.011099953,87
UMAP2,393,1.0865302,-2.293986,Pre-endocrine,0.94466794,0.010858252,87
UMAP2,394,-2.1361015,-4.0253067,Ngn3 high EP,1.0074399,0.011579769,87
UMAP2,395,-11.926281,3.9194002,Ngn3 low EP,1.0067292,0.0115716,87
UMAP2,396,5.9111643,-0.8329444,Pre-endocrine,0.8599899,0.009884941,87
UMAP2,397,-5.323429,-3.7515693,Ngn3 high EP,1.0167819,0.011687148,87
UMAP2,398,-10.130552,-0.26125363,Ngn3 low EP,0.98451746,0.011316293,87
UMAP2,399,5.9984975,2.479954,Alpha,0.7477023,0.008594279,87
UMAP2,400,-0.07326674,-4.0916014,Ngn3 high EP,0.9851403,0.011323452,87
UMAP2,401,-9.850021,0.11578096,Ductal,0.988009,0.0113564255,87
UMAP2,402,1.0251849,-4.4785852,Ngn3 high EP,1.0455778,0.012018135,87
UMAP2,403,3.5992515,-3.5292304,Pre-endocrine,0.90674484,0.010422355,87
UMAP2,404,7.2052426,4.5258727,Alpha,0.77484083,0.008906216,87
UMAP2,405,-2.1883483,-4.8496113,Ngn3 high EP,1.0084655,0.011591557,87
UMAP2,406,-10.441709,3.1496458,Ductal,0.9708772,0.011159508,87
UMAP2,407,6.1120386,-1.3596647,Pre-endocrine,0.8770169,0.010080654,87
UMAP2,408,1.7960926,-0.04883668,Epsilon,0.92815614,0.010668461,87
UMAP2,409,3.6069956,-4.7467313,Pre-endocrine,0.8537452,0.009813163,87
UMAP2,410,3.906013,-0.861582,Pre-endocrine,0.93758655,0.010776857,87
UMAP2,411,-10.522441,-0.30333513,Ductal,0.99290276,0.0114126755,87
UMAP2,412,-2.3088055,-3.8145282,Ngn3 high EP,1.0230542,0.011759244,87
UMAP2,413,-8.621584,1.7550075,Ductal,0.9736855,0.011191787,87
UMAP2,414,-5.8440595,-2.9503973,Ngn3 high EP,1.0027262,0.011525588,87
UMAP2,415,-9.151435,0.25246248,Ngn3 low EP,0.99062955,0.011386546,87
UMAP2,416,-11.154958,0.13858992,Ductal,0.9748565,0.011205247,87
UMAP2,417,-4.7410693,-3.1651378,Ngn3 high EP,1.009104,0.011598897,87
UMAP2,418,-5.069548,-3.0719385,Ngn3 high EP,1.0189501,0.011712071,87
UMAP2,419,2.1357315,5.2729187,Beta,6.0942917,0.07004933,87
UMAP2,420,3.1333401,4.9937673,Beta,5.03839,0.057912532,87
UMAP2,421,-11.430994,0.77116585,Ductal,0.95920026,0.01102529,87
UMAP2,422,-1.4298218,-4.692497,Ngn3 high EP,1.0044081,0.0115449205,87
UMAP2,423,-7.6617393,-1.3452436,Ngn3 low EP,0.9945022,0.01143106,87
UMAP2,424,-12.308151,2.6923592,Ductal,0.97090304,0.011159805,87
UMAP2,425,-8.844227,2.86529,Ductal,1.0013506,0.011509777,87
UMAP2,426,4.241344,2.9759014,Beta,0.9107287,0.010468146,87
UMAP2,427,4.369022,2.0120687,Beta,0.8864583,0.010189176,87
UMAP2,428,3.4297628,2.5034208,Epsilon,0.79361564,0.009122019,87
UMAP2,429,2.2735574,5.995354,Beta,5.959193,0.06849647,87
UMAP2,430,4.741712,1.6747808,Beta,0.95783526,0.011009601,87
UMAP2,431,-3.270576,-4.0397587,Ngn3 high EP,1.0105728,0.011615779,87
UMAP2,432,3.6642106,-4.424351,Pre-endocrine,0.85346085,0.0098098945,87
UMAP2,433,6.444501,1.227572,Alpha,0.88639194,0.010188413,87
UMAP2,434,6.2127733,4.1002607,Alpha,0.7710536,0.008862685,87
UMAP2,435,-10.312296,0.9461032,Ductal,0.95653415,0.010994646,87
UMAP2,436,5.6479526,1.4820391,Pre-endocrine,0.8035861,0.009236622,87
UMAP2,437,-7.4662623,-2.0020225,Ngn3 high EP,0.9902878,0.011382618,87
UMAP2,438,6.3992534,0.53918874,Pre-endocrine,0.8130591,0.009345507,87
UMAP2,439,-1.0298177,-4.746927,Ngn3 high EP,0.9843184,0.011314005,87
UMAP2,440,6.4696827,2.4114563,Alpha,0.7456194,0.008570338,87
UMAP2,441,-8.862474,-0.05146847,Ductal,0.99633425,0.011452118,87
UMAP2,442,-9.793318,1.7989161,Ductal,0.95614296,0.010990149,87
UMAP2,443,4.1570277,2.6071272,Epsilon,0.77514005,0.008909656,87
UMAP2,444,-7.9993935,-1.36743,Ngn3 low EP,1.0070431,0.011575208,87
UMAP2,445,-11.548142,3.2840943,Ductal,0.9696435,0.011145327,87
UMAP2,446,4.487481,1.7684429,Beta,0.8549055,0.0098265,87
UMAP2,447,5.816958,-0.6070994,Pre-endocrine,0.89144087,0.010246446,87
UMAP2,448,4.7301493,2.0078838,Beta,0.9109849,0.010471091,87
UMAP2,449,-11.536753,1.3004087,Ductal,0.97337425,0.01118821,87
UMAP2,450,-8.593985,1.9622796,Ductal,0.9929519,0.011413241,87
UMAP2,451,5.9326863,2.7620595,Alpha,0.77678084,0.008928515,87
UMAP2,452,6.7097216,3.9096284,Alpha,0.7605595,0.008742063,87
UMAP2,453,8.006818,3.474729,Alpha,0.7671171,0.008817438,87
UMAP2,454,2.3537877,6.530705,Beta,5.7751203,0.066380695,87
UMAP2,455,-10.563356,-0.5262666,Ngn3 low EP,0.9821179,0.011288712,87
UMAP2,456,-4.162016,-3.4835799,Ngn3 high EP,1.0191987,0.011714927,87
UMAP2,457,-8.188827,2.0954866,Ngn3 low EP,1.0032898,0.011532067,87
UMAP2,458,2.7359257,0.8248799,Epsilon,0.9420666,0.010828352,87
UMAP2,459,3.0477026,5.129477,Beta,5.5776596,0.06411103,87
UMAP2,460,-8.440815,0.8256211,Ductal,0.98963153,0.011375075,87
UMAP2,461,-2.5071905,-2.4252784,Ngn3 high EP,1.2071277,0.013875031,87
UMAP2,462,-12.507157,2.8164172,Ductal,0.9769118,0.0112288715,87
UMAP2,463,2.5336268,1.8820122,Epsilon,0.94292766,0.010838249,87
UMAP2,464,-10.916956,5.700823,Ductal,1.0925344,0.012557867,87
UMAP2,465,-11.667656,1.8880445,Ductal,0.9793763,0.011257199,87
UMAP2,466,-11.302187,2.716123,Ductal,0.97736317,0.011234059,87
UMAP2,467,-9.780526,-0.34332785,Ductal,0.98945534,0.01137305,87
UMAP2,468,-4.325128,-3.091694,Ngn3 high EP,1.0490873,0.012058474,87
UMAP2,469,2.8228886,0.63412595,Epsilon,0.94042474,0.01080948,87
UMAP2,470,-9.500952,-0.072649136,Ductal,0.98587525,0.011331899,87
UMAP2,471,-11.83582,3.1312394,Ductal,0.9600651,0.011035231,87
UMAP2,472,3.2257695,4.1883492,Beta,3.7039104,0.042573683,87
UMAP2,473,-2.3640866,-4.609597,Ngn3 high EP,1.0092185,0.011600212,87
UMAP2,474,5.279071,1.7815515,Beta,0.93504304,0.010747621,87
UMAP2,475,2.6568663,-2.5661638,Pre-endocrine,0.9394236,0.010797973,87
UMAP2,476,-8.6671095,1.3502024,Ductal,0.99132335,0.011394521,87
UMAP2,477,-8.696634,0.12229579,Ngn3 low EP,0.9879808,0.011356101,87
UMAP2,478,7.098525,0.9824839,Alpha,0.90133387,0.010360159,87
UMAP2,479,7.2439394,3.7395322,Alpha,0.7464,0.00857931,87
UMAP2,480,-2.4756267,-4.240191,Ngn3 high EP,1.0111715,0.011622661,87
UMAP2,481,1.4662601,-4.697283,Ngn3 high EP,0.9774425,0.011234972,87
UMAP2,482,-10.553673,-0.19586284,Ductal,0.9800595,0.011265052,87
UMAP2,483,4.6674776,-0.22232087,Pre-endocrine,0.9221564,0.010599499,87
UMAP2,484,2.8308012,0.19451131,Epsilon,0.92365396,0.010616712,87
UMAP2,485,5.219632,-3.2222822,Pre-endocrine,0.860126,0.009886506,87
UMAP2,486,4.665912,1.4522668,Beta,0.9399747,0.010804308,87
UMAP2,487,7.7323394,5.24895,Alpha,0.80028963,0.009198732,87
UMAP2,488,-10.099508,-0.055551745,Ductal,0.98901814,0.011368024,87
UMAP2,489,-9.935319,5.084796,Ductal,1.1377537,0.013077629,87
UMAP2,490,-3.718919,-3.7777774,Ngn3 high EP,1.0533633,0.012107625,87
UMAP2,491,4.6739664,-2.8134768,Pre-endocrine,0.95565414,0.010984531,87
UMAP2,492,-10.754007,-0.22744606,Ductal,0.9749729,0.011206585,87
UMAP2,493,4.082687,4.3486423,Beta,2.5469475,0.029275259,87
UMAP2,494,-11.825886,4.102937,Ductal,0.9932528,0.011416699,87
UMAP2,495,-0.7716199,-3.7970045,Ngn3 high EP,0.9891684,0.011369752,87
UMAP2,496,5.3589463,-0.96315545,Pre-endocrine,0.8976591,0.010317921,87
UMAP2,497,-10.861934,4.6165123,Ngn3 low EP,1.0408387,0.011963664,87
UMAP2,498,-11.323763,-0.24064068,Ductal,0.97582614,0.011216393,87
UMAP2,499,-2.040622,-3.888319,Ngn3 high EP,0.9953483,0.011440785,87
UMAP2,500,-11.314251,5.4895496,Ductal,0.991606,0.01139777,87
UMAP2,501,-0.88357675,-4.160595,Ngn3 high EP,0.98186404,0.011285794,87
UMAP2,502,-3.552976,-4.067494,Ngn3 high EP,1.0784576,0.012396065,87
UMAP2,503,1.5649027,-4.098021,Ngn3 high EP,0.9424848,0.010833158,87
UMAP2,504,0.83476603,-4.7662053,Ngn3 high EP,1.0180687,0.011701939,87
UMAP2,505,-11.314467,0.35609913,Ngn3 low EP,0.9716066,0.011167892,87
UMAP2,506,2.9695792,6.0287223,Beta,6.4027615,0.07359496,87
UMAP2,507,-11.437844,0.45485148,Ngn3 low EP,0.9722123,0.011174854,87
UMAP2,508,-10.139697,-0.60679793,Ductal,0.9930791,0.011414703,87
UMAP2,509,-3.3529863,-3.8625302,Ngn3 high EP,1.02529,0.011784943,87
UMAP2,510,2.4977648,0.3346191,Epsilon,0.93755597,0.010776506,87
UMAP2,511,-7.176095,-1.7199551,Ngn3 high EP,1.0017715,0.011514614,87
UMAP2,512,1.916813,5.1688514,Beta,5.869671,0.06746748,87
UMAP2,513,2.2447803,1.5761708,Epsilon,0.97306603,0.011184667,87
UMAP2,514,6.9183316,-0.13644543,Pre-endocrine,0.82213485,0.009449826,87
UMAP2,515,-1.4470882,-4.716313,Ngn3 high EP,0.98548436,0.011327406,87
UMAP2,516,-10.122344,5.455405,Ductal,1.1441914,0.013151625,87
UMAP2,517,6.4784493,2.8707283,Beta,0.7706593,0.008858154,87
UMAP2,518,-11.4753,4.028051,Ductal,0.9962138,0.011450733,87
UMAP2,519,-5.7743716,-1.8261082,Ngn3 high EP,1.0272546,0.011807524,87
UMAP2,520,5.565277,-3.1565127,Pre-endocrine,0.8646287,0.009938261,87
UMAP2,521,-2.862318,-2.0506923,Ngn3 low EP,1.1712563,0.013462716,87
UMAP2,522,-1.868073,-4.6703906,Ngn3 high EP,1.0214435,0.01174073,87
UMAP2,523,-10.271602,2.5029955,Ductal,0.9559404,0.010987821,87
UMAP2,524,-7.0859113,-1.6760731,Ngn3 high EP,1.0076835,0.011582569,87
UMAP2,525,-4.8378577,-3.3556716,Ngn3 high EP,1.0178251,0.011699139,87
UMAP2,526,-9.362247,2.4054134,Ductal,0.9728376,0.011182042,87
UMAP2,527,8.159131,2.729642,Alpha,0.7085384,0.00814412,87
UMAP2,528,-7.408862,0.109381214,Ngn3 low EP,1.0132582,0.011646646,87
UMAP2,529,-1.5566751,-4.899457,Ngn3 high EP,1.0055258,0.011557768,87
UMAP2,530,5.1251335,2.2669537,Beta,0.854197,0.0098183565,87
UMAP2,531,7.3297324,4.3827934,Alpha,0.764766,0.008790414,87
UMAP2,532,-11.205079,4.512301,Ductal,1.0048959,0.011550528,87
UMAP2,533,-5.6294146,-2.490808,Ngn3 high EP,1.0107954,0.011618338,87
UMAP2,534,1.4946967,-1.2892712,Pre-endocrine,0.91169226,0.010479221,87
UMAP2,535,8.26256,-1.1759332,Delta,0.74821246,0.008600143,87
UMAP2,536,5.9581013,-0.42672065,Pre-endocrine,0.8677671,0.009974334,87
UMAP2,537,-9.807572,2.3053474,Ductal,0.95899343,0.011022913,87
UMAP2,538,-2.4367223,-3.7204435,Ngn3 high EP,1.0056361,0.011559036,87
UMAP2,539,2.4796178,6.140102,Beta,5.9644885,0.06855734,87
UMAP2,540,-11.917738,1.9204319,Ductal,0.97520816,0.01120929,87
UMAP2,541,-10.786985,4.276466,Ductal,1.0476878,0.012042388,87
UMAP2,542,-11.303065,3.9475706,Ngn3 low EP,1.0357188,0.011904813,87
UMAP2,543,4.7785916,2.0544233,Beta,0.9324918,0.010718296,87
UMAP2,544,2.8883383,2.3080769,Epsilon,0.8916969,0.010249389,87
UMAP2,545,1.3829451,-1.9516236,Pre-endocrine,0.9330411,0.010724611,87
UMAP2,546,-9.126804,-1.0493947,Ngn3 low EP,0.9949907,0.011436675,87
UMAP2,547,-9.93718,0.53455865,Ductal,0.980626,0.011271563,87
UMAP2,548,0.99768275,-4.3754296,Ngn3 high EP,0.94188774,0.010826296,87
UMAP2,549,8.5832205,4.2673593,Alpha,0.7243668,0.008326055,87
UMAP2,550,-9.67668,5.200054,Ductal,1.1284837,0.012971076,87
UMAP2,551,1.411301,-2.035008,Pre-endocrine,0.92272735,0.010606062,87
UMAP2,552,4.983946,-0.1256309,Pre-endocrine,0.9534546,0.010959248,87
UMAP2,553,5.57636,-2.0908115,Pre-endocrine,0.90889573,0.010447077,87
UMAP2,554,6.6250315,4.282763,Alpha,0.7912639,0.009094987,87
UMAP2,555,9.272348,-1.1526583,Delta,0.7776103,0.00893805,87
UMAP2,556,-9.143239,0.963134,Ductal,0.99710006,0.01146092,87
UMAP2,557,-0.87831384,-4.088667,Ngn3 high EP,0.9959149,0.011447297,87
UMAP2,558,-12.321483,3.2102146,Ductal,0.97714543,0.011231557,87
UMAP2,559,1.2971969,-4.332283,Ngn3 high EP,0.9971198,0.011461147,87
UMAP2,560,3.6323714,4.480152,Beta,2.2275915,0.0256045,87
UMAP2,561,-9.858096,3.564013,Ductal,0.9735572,0.011190312,87
UMAP2,562,-9.915587,-0.74612474,Ngn3 low EP,0.98143494,0.011280862,87
UMAP2,563,-10.306976,2.6239316,Ductal,0.95453244,0.010971637,87
UMAP2,564,4.966331,1.0189089,Beta,0.93936706,0.010797323,87
UMAP2,565,0.5570956,-4.0848403,Ngn3 high EP,0.9894323,0.011372785,87
UMAP2,566,3.3577404,5.070631,Beta,5.1107407,0.058744144,87
UMAP2,567,-1.4572666,-4.9403315,Ngn3 high EP,1.0109854,0.011620522,87
UMAP2,568,-9.929038,3.3555124,Ductal,0.96870774,0.011134571,87
UMAP2,569,-10.542668,6.068857,Ductal,1.0566392,0.012145278,87
UMAP2,570,2.760296,5.0407014,Beta,6.623113,0.07612774,87
UMAP2,571,-9.863116,4.211993,Ngn3 low EP,1.0557123,0.012134625,87
UMAP2,572,-10.75899,0.25874835,Ngn3 low EP,0.9808102,0.011273681,87
UMAP2,573,7.327534,2.3242362,Alpha,0.7719165,0.008872604,87
UMAP2,574,6.723747,4.409321,Alpha,0.7732222,0.008887611,87
UMAP2,575,-9.788222,0.5577054,Ductal,0.9766387,0.011225732,87
UMAP2,576,2.5509846,1.5610048,Epsilon,0.9479747,0.010896261,87
UMAP2,577,5.411959,0.20482418,Beta,0.9180605,0.010552419,87
UMAP2,578,-0.0048251394,-3.6970024,Ngn3 high EP,0.9509958,0.010930986,87
UMAP2,579,4.5927553,2.533687,Beta,0.9008394,0.010354476,87
UMAP2,580,4.5432806,2.5375922,Beta,0.91347754,0.010499742,87
UMAP2,581,-8.355643,1.5882102,Ngn3 low EP,0.99561083,0.011443803,87
UMAP2,582,-4.840368,-2.8191419,Ngn3 high EP,1.036459,0.011913322,87
UMAP2,583,3.5924091,4.771236,Beta,4.075803,0.04684831,87
UMAP2,584,-11.246185,3.9453878,Ngn3 low EP,1.0077312,0.011583117,87
UMAP2,585,2.13934,-4.5608606,Ngn3 high EP,0.97005266,0.01115003,87
UMAP2,586,-9.671516,5.2380824,Ductal,1.1448512,0.013159209,87
UMAP2,587,-10.329642,-1.2455018,Ngn3 low EP,0.9827534,0.011296016,87
UMAP2,588,6.5718775,-1.8790889,Pre-endocrine,0.8886274,0.010214108,87
UMAP2,589,-2.5125008,-2.4431002,Ngn3 high EP,1.1797545,0.013560397,87
UMAP2,590,6.914316,4.7632594,Alpha,0.7875695,0.009052523,87
UMAP2,591,-10.311457,2.3074203,Ductal,0.9609034,0.011044866,87
UMAP2,592,-9.828928,1.2944354,Ductal,0.9774109,0.0112346085,87
UMAP2,593,-8.711421,0.6630832,Ngn3 low EP,0.98589873,0.011332169,87
UMAP2,594,-7.258863,-2.368672,Ngn3 high EP,0.98861563,0.011363398,87
UMAP2,595,6.3334823,4.0650916,Alpha,0.7613224,0.008750832,87
UMAP2,596,4.6425695,-4.1331186,Pre-endocrine,0.85210234,0.00979428,87
UMAP2,597,-0.03116072,-4.8974295,Ngn3 high EP,0.9705197,0.0111553995,87
UMAP2,598,-12.261815,3.2595572,Ductal,0.97260964,0.011179421,87
UMAP2,599,4.810638,3.0483077,Beta,0.87336445,0.010038672,87
UMAP2,600,3.8434923,4.3105226,Beta,2.8598032,0.032871302,87
UMAP2,601,7.317969,3.254712,Alpha,0.73848844,0.008488373,87
UMAP2,602,-10.437363,-1.3761864,Ductal,0.98289347,0.011297626,87
UMAP2,603,6.058259,-2.7384982,Pre-endocrine,0.86173916,0.009905048,87
UMAP2,604,7.700668,0.52336574,Alpha,0.8591291,0.009875047,87
UMAP2,605,4.5882096,3.496476,Beta,1.0779558,0.012390297,87
UMAP2,606,-11.5105715,4.0987267,Ductal,1.0142893,0.011658497,87
UMAP2,607,-3.63509,-3.5134015,Ngn3 high EP,1.0622039,0.01220924,87
UMAP2,608,3.5789945,3.3150373,Beta,3.4299104,0.03942426,87
UMAP2,609,1.3440244,-3.9091878,Ngn3 high EP,0.9694772,0.011143416,87
UMAP2,610,5.6087976,1.5352385,Beta,0.9161162,0.010530071,87
UMAP2,611,5.493026,-2.651628,Pre-endocrine,0.89322853,0.010266995,87
UMAP2,612,-11.9793825,1.920371,Ngn3 low EP,0.9706594,0.011157004,87
UMAP2,613,5.819237,-2.838015,Pre-endocrine,0.9171433,0.010541877,87
UMAP2,614,1.7423741,-0.22655489,Epsilon,0.9253578,0.010636297,87
UMAP2,615,-4.0878487,-4.0584517,Ngn3 high EP,1.0583326,0.012164742,87
UMAP2,616,6.186127,1.9009011,Alpha,0.8019539,0.009217861,87
UMAP2,617,7.1661944,2.9089825,Alpha,0.72089946,0.0082862,87
UMAP2,618,2.7294128,5.401972,Beta,6.250436,0.07184409,87
UMAP2,619,-0.29476783,-3.683354,Ngn3 high EP,0.989506,0.011373633,87
UMAP2,620,6.126846,2.5390544,Alpha,0.8060205,0.009264603,87
UMAP2,621,3.9703615,-4.0258303,Pre-endocrine,0.8881488,0.010208607,87
UMAP2,622,4.2591043,-4.276629,Pre-endocrine,0.8398808,0.009653803,87
UMAP2,623,-0.66706264,-5.059233,Ngn3 high EP,0.9705868,0.01115617,87
UMAP2,624,3.4748275,2.2438836,Epsilon,0.8534534,0.009809809,87
UMAP2,625,2.7745652,5.414705,Beta,6.318981,0.07263197,87
UMAP2,626,-8.1461,-0.93886137,Ductal,1.002267,0.01152031,87
UMAP2,627,-3.9369757,-3.2710118,Ngn3 high EP,1.0851592,0.012473094,87
UMAP2,628,3.3380098,0.9604463,Epsilon,0.8861476,0.010185605,87
UMAP2,629,-10.156255,2.2097473,Ductal,0.97171545,0.011169143,87
UMAP2,630,4.0721827,2.3608053,Beta,1.3088235,0.015043948,87
UMAP2,631,-8.208012,3.705299,Ductal,1.09108,0.012541149,87
UMAP2,632,-5.7753124,-2.9190867,Ngn3 high EP,1.0075939,0.011581539,87
UMAP2,633,-9.033058,-0.16242692,Ngn3 low EP,0.9890805,0.011368741,87
UMAP2,634,2.5888386,6.100946,Beta,6.3131256,0.07256466,87
UMAP2,635,-11.510943,4.0804877,Ductal,0.9814301,0.011280806,87
UMAP2,636,6.064332,-2.7997541,Pre-endocrine,0.86439455,0.00993557,87
UMAP2,637,-9.256075,2.619661,Ductal,0.98484665,0.011320077,87
UMAP2,638,5.547491,-1.69469,Pre-endocrine,0.90811414,0.010438094,87
UMAP2,639,7.561778,2.2403502,Alpha,0.74681175,0.008584043,87
UMAP2,640,5.623633,2.1391199,Beta,0.84669226,0.009732095,87
UMAP2,641,-11.324724,-1.2775412,Ductal,0.98533195,0.011325655,87
UMAP2,642,4.064908,4.124856,Beta,1.9825797,0.022788273,87
UMAP2,643,7.050288,-0.85669506,Alpha,0.8278916,0.009515995,87
UMAP2,644,6.8606987,0.9528374,Alpha,0.7954067,0.009142606,87
UMAP2,645,-9.678314,5.6839776,Ductal,1.1870289,0.01364401,87
UMAP2,646,5.9517674,2.603811,Alpha,0.76731473,0.0088197095,87
UMAP2,647,2.9632826,-4.311599,Pre-endocrine,0.8424541,0.00968338,87
UMAP2,648,8.107022,4.3950386,Alpha,0.7618183,0.008756532,87
UMAP2,649,4.685156,2.4804902,Beta,0.88093984,0.010125745,87
UMAP2,650,-4.3576317,-3.1302052,Ngn3 high EP,1.03727,0.0119226435,87
UMAP2,651,-0.19086763,-4.9455366,Ngn3 high EP,0.95647013,0.01099391,87
UMAP2,652,-6.105137,-2.9453673,Ngn3 high EP,0.9983305,0.011475063,87
UMAP2,653,-9.380866,4.363374,Ngn3 low EP,1.1881601,0.013657012,87
UMAP2,654,-9.091886,1.4437747,Ductal,0.9847735,0.011319236,87
UMAP2,655,-12.005856,3.8891344,Ductal,0.9785605,0.011247822,87
UMAP2,656,-0.58311576,-5.102725,Ngn3 high EP,1.0195173,0.01171859,87
UMAP2,657,-12.226871,3.2843883,Ngn3 low EP,0.9823686,0.011291593,87
UMAP2,658,-5.1794047,-3.4769297,Ngn3 high EP,1.0113553,0.011624773,87
UMAP2,659,-10.603616,6.0485473,Ductal,1.0610344,0.012195799,87
UMAP2,660,6.950663,1.3260047,Alpha,0.8054992,0.009258611,87
UMAP2,661,-11.451665,1.3053136,Ductal,0.9737075,0.0111920405,87
UMAP2,662,3.6473846,3.6815524,Beta,3.3836694,0.03889275,87
UMAP2,663,6.6905875,-0.757063,Pre-endocrine,0.8433087,0.0096932035,87
UMAP2,664,3.0461204,0.39773023,Epsilon,0.9317707,0.0107100075,87
UMAP2,665,6.9228034,4.0691805,Alpha,0.7836131,0.009007047,87
UMAP2,666,-9.879417,0.86770046,Ductal,0.9761152,0.011219716,87
UMAP2,667,3.794078,5.3425326,Beta,4.0176907,0.046180353,87
UMAP2,668,5.5061493,-1.465952,Pre-endocrine,0.92213684,0.010599274,87
UMAP2,669,4.2740517,0.43636364,Pre-endocrine,0.85528916,0.00983091,87
UMAP2,670,-10.394757,-1.5404475,Ngn3 low EP,1.0023345,0.011521086,87
UMAP2,671,-0.28488705,-4.770039,Ngn3 high EP,0.9804995,0.01127011,87
UMAP2,672,-10.257214,0.5974673,Ductal,0.9733887,0.011188376,87
UMAP2,673,1.8520205,-0.13704312,Epsilon,0.91646886,0.010534124,87
UMAP2,674,3.129408,-4.6822224,Pre-endocrine,0.889788,0.010227448,87
UMAP2,675,9.573093,-1.0821378,Delta,0.7665429,0.008810838,87
UMAP2,676,-9.156252,-0.11224209,Ductal,0.9882774,0.01135951,87
UMAP2,677,5.5561476,-0.42209408,Pre-endocrine,0.9175367,0.010546398,87
UMAP2,678,2.128931,-3.753676,Pre-endocrine,0.9204334,0.010579694,87
UMAP2,679,7.454352,4.7424116,Alpha,0.76784605,0.008825816,87
UMAP2,680,5.9072666,-1.7836807,Pre-endocrine,0.9138499,0.010504021,87
UMAP2,681,0.9850494,-4.9177566,Ngn3 high EP,0.97894955,0.011252293,87
UMAP2,682,8.041279,4.3392005,Alpha,0.73868394,0.00849062,87
UMAP2,683,-8.50469,1.3226227,Ngn3 low EP,0.9938583,0.011423659,87
UMAP2,684,-2.2228851,-2.1408467,Ngn3 high EP,1.1562066,0.013289731,87
UMAP2,685,1.3638288,-4.65258,Ngn3 high EP,0.9868281,0.011342851,87
UMAP2,686,2.054683,-2.811783,Pre-endocrine,0.92655796,0.010650092,87
UMAP2,687,-0.075795814,-4.4785986,Ngn3 high EP,0.9762751,0.011221552,87
UMAP2,688,-2.1194677,-2.107204,Ngn3 high EP,1.1387371,0.013088932,87
UMAP2,689,7.0322948,4.2597427,Alpha,0.7606979,0.008743654,87
UMAP2,690,8.009162,-0.71730596,Delta,0.7439325,0.008550948,87
UMAP2,691,1.0852896,-4.6587224,Ngn3 high EP,0.95491767,0.010976065,87
UMAP2,692,-9.7159195,-0.12227653,Ductal,0.99022293,0.011381873,87
UMAP2,693,-8.191551,3.715213,Ductal,1.1042948,0.012693044,87
UMAP2,694,2.9814947,-3.7552702,Pre-endocrine,0.8996212,0.010340474,87
UMAP2,695,5.4983387,-0.57093394,Pre-endocrine,0.91025114,0.010462657,87
UMAP2,696,-10.202197,-0.8925783,Ductal,0.9864693,0.011338728,87
UMAP2,697,-10.150241,-0.6045948,Ductal,0.98286045,0.011297246,87
UMAP2,698,6.0752044,-0.5544035,Pre-endocrine,0.91445625,0.010510991,87
UMAP2,699,-12.279813,3.1063743,Ductal,0.95837337,0.011015786,87
UMAP2,700,3.6706321,-4.112052,Pre-endocrine,0.8574208,0.009855412,87
UMAP2,701,-10.154524,2.8643477,Ductal,0.9657873,0.011101004,87
UMAP2,702,-10.694879,5.47536,Ductal,1.0626945,0.0122148795,87
UMAP2,703,7.3267903,1.4456513,Alpha,0.79277825,0.0091123935,87
UMAP2,704,7.6239777,3.187923,Alpha,0.70894706,0.008148816,87
UMAP2,705,-9.961059,-0.8867857,Ductal,0.98898554,0.01136765,87
UMAP2,706,-1.101056,-4.0575314,Ngn3 high EP,1.0073994,0.011579304,87
UMAP2,707,-0.16251208,-5.3252525,Ngn3 high EP,0.9637646,0.011077754,87
UMAP2,708,-11.283522,0.044603314,Ductal,0.97069705,0.011157437,87
UMAP2,709,5.575412,-2.3438663,Pre-endocrine,0.9057864,0.010411338,87
UMAP2,710,-8.808432,-0.36995286,Ductal,0.9997486,0.011491363,87
UMAP2,711,8.729679,4.1440935,Alpha,0.7151219,0.0082197925,87
UMAP2,712,-11.427239,-0.46630156,Ductal,0.97860914,0.011248381,87
UMAP2,713,-1.2683322,-3.6838882,Ngn3 high EP,0.9956096,0.011443788,87
UMAP2,714,2.3821218,-4.6063433,Pre-endocrine,0.869529,0.009994586,87
UMAP2,715,-10.907879,4.2538347,Ngn3 low EP,1.0103434,0.011613143,87
UMAP2,716,5.8801265,0.56838137,Beta,0.95893264,0.011022214,87
UMAP2,717,4.7065225,2.3463678,Beta,0.92217624,0.010599727,87
UMAP2,718,4.00667,4.9194255,Beta,3.7622585,0.04324435,87
UMAP2,719,2.283068,0.66037744,Epsilon,0.96924525,0.01114075,87
UMAP2,720,1.8505882,0.111896366,Epsilon,0.9477612,0.010893807,87
UMAP2,721,6.785293,4.431556,Alpha,0.7488643,0.008607635,87
UMAP2,722,1.4777542,-4.524841,Ngn3 high EP,0.9546037,0.010972456,87
UMAP2,723,-10.277794,1.4377017,Ductal,0.9734205,0.011188742,87
UMAP2,724,5.942144,1.766176,Beta,0.9144168,0.010510538,87
UMAP2,725,7.5834384,4.4505143,Alpha,0.75137675,0.008636515,87
UMAP2,726,3.0853717,4.583045,Beta,5.216511,0.059959892,87
UMAP2,727,8.285367,-1.2200638,Delta,0.74977505,0.008618104,87
UMAP2,728,8.033023,-0.9111782,Delta,0.7195621,0.008270829,87
UMAP2,729,-8.437112,1.2301481,Ductal,0.974481,0.011200931,87
UMAP2,730,4.77883,-3.3480456,Pre-endocrine,0.88711995,0.010196781,87
UMAP2,731,-11.927929,4.1876063,Ductal,0.99322927,0.011416429,87
UMAP2,732,-10.368606,6.078955,Ductal,1.1123464,0.012785591,87
UMAP2,733,7.033562,-0.800655,Alpha,0.83278763,0.009572271,87
UMAP2,734,6.3701315,2.466626,Alpha,0.777894,0.00894131,87
UMAP2,735,2.607772,6.3246536,Beta,6.224249,0.07154309,87
UMAP2,736,5.2120266,-3.0106597,Pre-endocrine,0.9831886,0.011301018,87
UMAP2,737,-8.708529,-0.99163646,Ductal,0.9936909,0.0114217345,87
UMAP2,738,4.9280047,2.629343,Beta,0.90884864,0.010446536,87
UMAP2,739,7.312854,3.9889958,Alpha,0.74110085,0.008518401,87
UMAP2,740,-0.8622384,-3.7854702,Ngn3 high EP,0.9667108,0.011111618,87
UMAP2,741,-1.8145659,-5.0031977,Ngn3 high EP,1.0138993,0.011654016,87
UMAP2,742,7.6014724,5.2961164,Alpha,0.7711466,0.008863754,87
UMAP2,743,-10.375722,1.3990651,Ductal,0.9754604,0.011212189,87
UMAP2,744,1.9699421,6.1561823,Beta,5.5261574,0.06351905,87
UMAP2,745,4.947356,2.4773445,Beta,0.86676943,0.009962867,87
UMAP2,746,-5.0191126,-3.474061,Ngn3 high EP,1.0138333,0.011653257,87
UMAP2,747,-10.519184,2.6232004,Ductal,0.9527278,0.010950894,87
UMAP2,748,-9.954751,4.9448876,Ductal,1.117876,0.01284915,87
UMAP2,749,6.1548805,4.2736015,Alpha,0.80267465,0.009226145,87
UMAP2,750,4.810835,0.90955013,Beta,0.93554306,0.010753369,87
UMAP2,751,5.51902,-0.59328204,Pre-endocrine,0.9339448,0.010734998,87
UMAP2,752,-10.725629,0.9383698,Ductal,0.97058326,0.01115613,87
UMAP2,753,4.1469216,-3.428356,Pre-endocrine,0.89336693,0.010268586,87
UMAP2,754,-8.968454,-0.07752171,Ductal,0.9889709,0.011367481,87
UMAP2,755,-9.291567,3.0406547,Ductal,0.9818831,0.011286013,87
UMAP2,756,-11.206875,-0.28906962,Ductal,0.9785552,0.011247761,87
UMAP2,757,8.01076,4.472514,Alpha,0.7436875,0.008548132,87
UMAP2,758,3.5304859,-4.5128093,Pre-endocrine,0.84352016,0.009695634,87
UMAP2,759,5.358555,0.71096706,Beta,0.96610093,0.011104608,87
UMAP2,760,-2.6830041,-4.855157,Ngn3 high EP,0.99096245,0.011390373,87
UMAP2,761,3.573889,4.5033484,Beta,3.6145282,0.0415463,87
UMAP2,762,-2.5098548,-4.5203996,Ngn3 high EP,0.9961146,0.011449593,87
UMAP2,763,-2.2889428,-3.868046,Ngn3 high EP,1.0188569,0.011710999,87
UMAP2,764,5.146783,2.4179704,Beta,0.9033189,0.010382975,87
UMAP2,765,8.243985,-1.1225703,Delta,0.7471621,0.00858807,87
UMAP2,766,-7.085082,-1.3456707,Ngn3 high EP,1.0072842,0.011577979,87
UMAP2,767,5.9946775,0.44197053,Beta,0.9200942,0.010575796,87
UMAP2,768,-10.811634,1.0946742,Ngn3 low EP,0.9797584,0.011261591,87
UMAP2,769,6.8679185,4.9086423,Alpha,0.7783044,0.008946028,87
UMAP2,770,5.4242706,-0.564033,Pre-endocrine,0.9017479,0.010364918,87
UMAP2,771,5.0218706,-3.8443134,Pre-endocrine,0.84303224,0.009690026,87
UMAP2,772,7.7338424,2.6482522,Alpha,0.73585147,0.008458063,87
UMAP2,773,8.321515,5.0196886,Alpha,0.7746376,0.008903881,87
UMAP2,774,2.8263412,6.171387,Beta,6.269014,0.07205763,87
UMAP2,775,4.219326,3.8157272,Beta,1.200387,0.013797551,87
UMAP2,776,-11.461508,-0.6332342,Ductal,0.98117465,0.011277869,87
UMAP2,777,2.3931057,6.4435954,Beta,5.9098725,0.067929566,87
UMAP2,778,5.7730064,0.23036566,Pre-endocrine,0.86890554,0.00998742,87
UMAP2,779,-1.0253499,-5.191062,Ngn3 high EP,0.997326,0.011463517,87
UMAP2,780,-3.8687463,-3.5387073,Ngn3 high EP,1.0414346,0.0119705135,87
UMAP2,781,6.5964475,-1.8307757,Pre-endocrine,0.8813325,0.010130259,87
UMAP2,782,2.9501665,-4.5701513,Pre-endocrine,0.8918024,0.010250602,87
UMAP2,783,5.388852,-0.79524887,Pre-endocrine,0.9156043,0.010524187,87
UMAP2,784,-6.6294456,-0.85588384,Ngn3 high EP,1.0237317,0.011767031,87
UMAP2,785,7.9989095,2.5302532,Alpha,0.73748416,0.008476829,87
UMAP2,786,5.3808374,3.227848,Beta,0.7864428,0.009039572,87
UMAP2,787,-0.7585664,-4.9876814,Ngn3 high EP,0.95675606,0.010997196,87
UMAP2,788,6.0580835,0.0672515,Pre-endocrine,0.937912,0.010780597,87
UMAP2,789,4.9454327,-3.3759665,Pre-endocrine,0.8539298,0.009815285,87
UMAP2,790,-0.23424393,-3.2442534,Ngn3 high EP,0.97857374,0.011247974,87
UMAP2,791,-9.52824,2.328013,Ductal,0.9653708,0.011096216,87
UMAP2,792,-7.9576926,2.8369882,Ngn3 low EP,1.0238416,0.0117682945,87
UMAP2,793,5.9569707,3.7700467,Alpha,0.76089406,0.008745909,87
UMAP2,794,2.5283036,-0.29903635,Epsilon,0.9083573,0.010440889,87
UMAP2,795,8.068807,4.253376,Alpha,0.8053457,0.009256847,87
UMAP2,796,5.696753,-2.9416432,Pre-endocrine,0.9101472,0.010461462,87
UMAP2,797,-4.016222,-3.9840062,Ngn3 high EP,1.0831683,0.01245021,87
UMAP2,798,0.9236167,-2.600791,Pre-endocrine,0.94480014,0.010859772,87
UMAP2,799,3.7186334,3.8720613,Beta,2.7216988,0.031283893,87
UMAP2,800,6.47365,2.1498919,Alpha,0.7675797,0.008822755,87
UMAP2,801,-3.137932,-4.5055757,Ngn3 high EP,1.0090516,0.011598294,87
UMAP2,802,4.1523676,2.9436545,Beta,1.0208174,0.011733533,87
UMAP2,803,-10.597546,1.286914,Ductal,0.9578933,0.011010268,87
UMAP2,804,0.6865553,-4.0641522,Ngn3 high EP,0.9877362,0.01135329,87
UMAP2,805,-10.398348,6.1709146,Ductal,1.0819571,0.012436288,87
UMAP2,806,-11.357547,1.1865969,Ductal,0.974871,0.011205413,87
UMAP2,807,-10.850251,4.5981035,Ductal,1.0193049,0.011716148,87
UMAP2,808,6.7281637,4.9337964,Alpha,0.7945322,0.009132554,87
UMAP2,809,-7.0637794,-2.283302,Ngn3 high EP,0.9920068,0.011402377,87
UMAP2,810,-7.360699,-2.1676614,Ngn3 high EP,0.98595804,0.011332851,87
UMAP2,811,4.6813827,-3.420947,Pre-endocrine,0.9200333,0.010575095,87
UMAP2,812,5.687521,1.5906152,Beta,0.9665227,0.011109456,87
UMAP2,813,-9.429916,4.6081686,Ductal,1.032698,0.011870093,87
UMAP2,814,1.8021251,-4.8134375,Ngn3 high EP,0.9406056,0.010811558,87
UMAP2,815,-9.37147,3.0711405,Ductal,0.980228,0.011266989,87
UMAP2,816,-10.431434,0.9016641,Ductal,0.9761536,0.011220156,87
UMAP2,817,7.1026998,0.41482085,Alpha,0.80895746,0.009298362,87
UMAP2,818,-5.055737,-3.1674373,Ngn3 high EP,1.0125467,0.011638467,87
UMAP2,819,-6.6127157,-2.0470583,Ngn3 high EP,0.9941467,0.011426973,87
UMAP2,820,-9.566257,3.2982864,Ductal,0.99026144,0.011382315,87
UMAP2,821,3.8297734,4.660017,Beta,3.6626282,0.042099174,87
UMAP2,822,-12.058939,4.4398685,Ductal,0.9652724,0.011095085,87
UMAP2,823,3.824639,3.9923325,Beta,1.2194455,0.014016614,87
UMAP2,824,-3.3303397,-4.3657594,Ngn3 high EP,1.0329359,0.011872826,87
UMAP2,825,-9.941822,-0.6156595,Ngn3 low EP,0.9785899,0.011248159,87
UMAP2,826,-11.566561,0.00945193,Ductal,0.97123766,0.011163651,87
UMAP2,827,-10.8900175,-1.3066156,Ductal,0.9839111,0.011309323,87
UMAP2,828,-7.6157537,-1.0140148,Ngn3 low EP,1.0107758,0.011618113,87
UMAP2,829,6.0264735,-2.5726972,Pre-endocrine,0.908496,0.010442483,87
UMAP2,830,0.79025453,-3.0187109,Ngn3 high EP,0.9313914,0.010705649,87
UMAP2,831,6.4823675,4.200848,Alpha,0.81081593,0.009319724,87
UMAP2,832,-9.781419,4.1579947,Ngn3 low EP,1.0827838,0.012445791,87
UMAP2,833,4.7551274,-4.0054984,Pre-endocrine,0.86958444,0.009995223,87
UMAP2,834,-10.966447,-1.3892388,Ductal,0.9867922,0.011342439,87
UMAP2,835,6.8304343,-0.9722898,Pre-endocrine,0.8428319,0.009687723,87
UMAP2,836,-9.894813,0.9848932,Ductal,0.97274935,0.011181027,87
UMAP2,837,3.4815195,-0.46052364,Pre-endocrine,0.93057597,0.010696275,87
UMAP2,838,-10.23585,3.0177786,Ductal,0.9674474,0.011120085,87
UMAP2,839,6.9266024,-1.2936271,Pre-endocrine,0.816596,0.00938616,87
UMAP2,840,8.952731,-1.2352407,Delta,0.7734636,0.008890387,87
UMAP2,841,-8.559136,2.8451557,Ngn3 low EP,1.0082601,0.0115891965,87
UMAP2,842,7.4617233,0.11265071,Alpha,0.7989545,0.0091833845,87
UMAP2,843,-2.0034108,-4.6948104,Ngn3 high EP,1.0151688,0.011668607,87
UMAP2,844,1.2557915,-4.5888705,Ngn3 high EP,0.98049116,0.011270014,87
UMAP2,845,5.4075723,-2.7113044,Pre-endocrine,0.93812335,0.010783027,87
UMAP2,846,5.066676,4.4889226,Beta,2.244391,0.025797598,87
UMAP2,847,-12.087017,1.5589969,Ductal,0.9789374,0.011252154,87
UMAP2,848,-1.3170171,-4.0194035,Ngn3 high EP,0.9939485,0.011424696,87
UMAP2,849,5.6098657,0.5263863,Beta,0.8691322,0.009990025,87
UMAP2,850,-11.389115,1.9158776,Ductal,0.9726696,0.01118011,87
UMAP2,851,-0.5766591,-4.383288,Ngn3 high EP,0.9703506,0.011153456,87
UMAP2,852,3.532883,4.800346,Beta,4.4841375,0.05154181,87
UMAP2,853,4.3274517,-0.9248707,Pre-endocrine,0.941368,0.010820322,87
UMAP2,854,-11.679147,2.7599142,Ductal,0.9605232,0.011040497,87
UMAP2,855,-9.026701,3.090956,Ductal,0.99865896,0.0114788385,87
UMAP2,856,-9.372817,-0.6007146,Ductal,0.9908937,0.011389583,87
UMAP2,857,7.2306433,2.9313617,Alpha,0.74654436,0.00858097,87
UMAP2,858,2.5750844,6.5669007,Beta,6.1247025,0.07039888,87
UMAP2,859,-8.104586,3.2721229,Ductal,1.0282595,0.011819075,87
UMAP2,860,2.7735355,0.5654254,Epsilon,0.9387575,0.010790315,87
UMAP2,861,-4.643283,-3.2280283,Ngn3 high EP,1.022882,0.011757264,87
UMAP2,862,-9.327528,-1.4761617,Ductal,0.9965378,0.011454457,87
UMAP2,863,4.935416,1.9824796,Beta,0.9052404,0.010405063,87
UMAP2,864,6.731877,4.876153,Alpha,0.78642106,0.009039323,87
UMAP2,865,1.400161,-4.419427,Ngn3 high EP,0.927063,0.010655897,87
UMAP2,866,1.0052022,-3.9234662,Pre-endocrine,0.984377,0.011314678,87
UMAP2,867,-11.040052,-0.2145382,Ductal,0.97574496,0.01121546,87
UMAP2,868,-10.748734,0.5757968,Ductal,0.98215926,0.011289187,87
UMAP2,869,7.2147193,2.9204834,Alpha,0.74517024,0.008565175,87
UMAP2,870,4.459526,4.489118,Beta,2.2829673,0.026241004,87
UMAP2,871,5.396626,-0.8183827,Pre-endocrine,0.86310434,0.00992074,87
UMAP2,872,4.215363,1.0666384,Pre-endocrine,0.8043939,0.009245907,87
UMAP2,873,-9.476435,-0.37104386,Ductal,0.9865304,0.01133943,87
UMAP2,874,-9.893807,-1.0331837,Ductal,0.9993861,0.011487196,87
UMAP2,875,-10.823965,5.34674,Ductal,1.0751208,0.012357711,87
UMAP2,876,-9.513916,0.12436558,Ductal,0.9900377,0.011379743,87
UMAP2,877,2.0381465,5.8971996,Beta,5.81759,0.06686886,87
UMAP2,878,-0.6228996,-3.8373337,Ngn3 high EP,0.98518455,0.0113239605,87
UMAP2,879,6.4701576,4.2691884,Alpha,0.7432045,0.0085425805,87
UMAP2,880,-9.761232,-0.40667775,Ductal,0.9883483,0.011360325,87
UMAP2,881,-9.557959,4.1131682,Ngn3 low EP,1.1230283,0.012908371,87
UMAP2,882,4.213548,-3.9204996,Pre-endocrine,0.86063427,0.009892348,87
UMAP2,883,3.2818792,5.411738,Beta,4.283944,0.04924074,87
UMAP2,884,-12.009616,3.2429476,Ductal,0.98971164,0.011375996,87
UMAP2,885,6.941162,-0.91295856,Pre-endocrine,0.8306278,0.009547446,87
UMAP2,886,0.013681008,-4.064048,Ngn3 high EP,1.0037259,0.011537079,87
UMAP2,887,7.760932,4.272995,Alpha,0.7253221,0.008337036,87
UMAP2,888,-7.084375,-1.8688343,Ngn3 high EP,0.98850465,0.011362122,87
UMAP2,889,5.819402,-0.5606409,Pre-endocrine,0.9228308,0.010607251,87
UMAP2,890,7.097826,4.504274,Alpha,0.78109074,0.008978055,87
UMAP2,891,-1.4529884,-3.6449916,Ngn3 high EP,1.0152259,0.011669263,87
UMAP2,892,2.401194,-3.5588784,Pre-endocrine,0.9465859,0.010880298,87
UMAP2,893,2.5960326,-2.145936,Pre-endocrine,0.9264577,0.010648939,87
UMAP2,894,-11.561457,5.0751514,Ductal,0.957847,0.011009736,87
UMAP2,895,7.567952,4.949401,Alpha,0.7953326,0.009141754,87
UMAP2,896,-0.6031837,-3.9035156,Ngn3 high EP,1.0218396,0.011745283,87
UMAP2,897,4.977005,2.7595148,Beta,0.9014613,0.010361624,87
UMAP2,898,-8.71778,1.751783,Ductal,0.98932993,0.011371609,87
UMAP2,899,-11.281374,4.351461,Ductal,0.9989274,0.011481924,87
UMAP2,900,-9.81897,-1.448699,Ngn3 low EP,0.9957657,0.011445583,87
UMAP2,901,-11.705671,4.6431775,Ductal,0.96435416,0.0110845305,87
UMAP2,902,-8.291375,3.2760758,Ductal,1.0322285,0.011864695,87
UMAP2,903,-10.852776,1.5193689,Ductal,0.97235096,0.011176447,87
UMAP2,904,0.60453975,-4.206972,Ngn3 high EP,0.95750934,0.011005854,87
UMAP2,905,-11.67965,4.587713,Ductal,0.9611031,0.011047162,87
UMAP2,906,7.1956205,-0.13698426,Alpha,0.7979728,0.0091721015,87
UMAP2,907,8.056905,5.0164995,Alpha,0.79425913,0.009129415,87
UMAP2,908,1.9571474,-4.571048,Ngn3 high EP,0.94885504,0.01090638,87
UMAP2,909,5.5313163,0.30975738,Beta,0.9550731,0.010977852,87
UMAP2,910,8.460152,-1.0663002,Delta,0.71388364,0.008205559,87
UMAP2,911,-7.225375,-2.259921,Ngn3 high EP,0.98570323,0.011329922,87
UMAP2,912,4.833937,-2.3541636,Pre-endocrine,0.9601233,0.0110359,87
UMAP2,913,1.8807157,5.904348,Beta,5.551038,0.06380503,87
UMAP2,914,-11.243677,4.4164834,Ngn3 low EP,1.0172243,0.011692233,87
UMAP2,915,2.9806314,2.3788333,Epsilon,0.86095893,0.00989608,87
UMAP2,916,-2.396533,-4.5295525,Ngn3 high EP,1.0403368,0.011957895,87
UMAP2,917,-11.52002,5.553624,Ductal,0.96226555,0.011060524,87
UMAP2,918,-10.582797,-0.33775386,Ductal,0.9796278,0.011260089,87
UMAP2,919,4.388681,0.13584013,Pre-endocrine,0.8909979,0.010241355,87
UMAP2,920,-5.121439,-3.7084095,Ngn3 high EP,1.0193675,0.011716867,87
UMAP2,921,-11.937838,0.6435228,Ductal,0.9658296,0.01110149,87
UMAP2,922,-9.957248,5.325384,Ductal,1.1098635,0.012757052,87
UMAP2,923,-8.519891,4.0246162,Ngn3 low EP,1.1839494,0.013608613,87
UMAP2,924,-8.164644,2.6234746,Ductal,1.0093653,0.011601901,87
UMAP2,925,2.609485,-3.651823,Pre-endocrine,0.9128986,0.010493088,87
UMAP2,926,5.5195093,4.336813,Alpha,1.0073588,0.0115788365,87
UMAP2,927,5.8842974,1.4022509,Beta,0.9044452,0.010395922,87
UMAP2,928,-10.907012,5.0804434,Ductal,1.0119305,0.0116313845,87
UMAP2,929,5.3836656,1.2236241,Beta,0.945322,0.01086577,87
UMAP2,930,-2.5602107,-2.9617395,Ngn3 high EP,1.0578982,0.012159749,87
UMAP2,931,-5.4541802,-3.3558283,Ngn3 high EP,1.0149233,0.011665786,87
UMAP2,932,6.6127343,2.9315298,Alpha,0.70220363,0.008071306,87
UMAP2,933,-11.559559,0.02669921,Ductal,0.9702797,0.01115264,87
UMAP2,934,-10.381596,6.2112336,Ductal,1.0852354,0.01247397,87
UMAP2,935,-9.963687,-0.8775084,Ductal,0.985254,0.011324759,87
UMAP2,936,-12.149435,3.7178593,Ductal,0.9864429,0.011338425,87
UMAP2,937,-10.544476,0.41303366,Ductal,0.96873134,0.011134843,87
UMAP2,938,-12.018254,2.3009818,Ductal,0.9716072,0.011167899,87
UMAP2,939,7.417243,-0.2897971,Alpha,0.8044973,0.009247095,87
UMAP2,940,-9.711366,0.43483868,Ductal,0.98348534,0.011304429,87
UMAP2,941,-11.88864,1.9938921,Ngn3 low EP,0.9749464,0.01120628,87
UMAP2,942,-8.297709,-1.7706131,Ductal,1.0086056,0.011593168,87
UMAP2,943,2.76907,5.8608265,Beta,6.4746246,0.07442097,87
UMAP2,944,7.400061,2.3805215,Alpha,0.79325736,0.0091179,87
UMAP2,945,-4.8283896,-3.1742628,Ngn3 high EP,1.0194718,0.011718066,87
UMAP2,946,5.457082,-0.83849823,Pre-endocrine,0.9086007,0.0104436865,87
UMAP2,947,-10.013277,4.956621,Ductal,1.088381,0.012510127,87
UMAP2,948,5.5857234,-2.9920208,Pre-endocrine,0.8967625,0.010307615,87
UMAP2,949,0.8146066,-4.770844,Ngn3 high EP,0.9070258,0.010425584,87
UMAP2,950,-10.944262,0.845046,Ductal,0.97341347,0.011188661,87
UMAP2,951,2.9955544,5.928018,Beta,6.2987213,0.072399095,87
UMAP2,952,-9.711817,-0.46284208,Ductal,0.988944,0.011367172,87
UMAP2,953,6.6440673,2.5177476,Alpha,0.74433494,0.008555574,87
UMAP2,954,6.462068,2.8380911,Alpha,0.7618123,0.008756463,87
UMAP2,955,5.927425,-1.6325763,Pre-endocrine,0.89499545,0.010287304,87
UMAP2,956,7.763415,4.530352,Alpha,0.7576786,0.00870895,87
UMAP2,957,5.1989574,-0.32572925,Beta,0.9446559,0.010858114,87
UMAP2,958,-10.87,6.123208,Ductal,1.0577093,0.012157579,87
UMAP2,959,3.3049688,-4.4804287,Pre-endocrine,0.9026838,0.010375676,87
UMAP2,960,-6.7712617,-2.3241286,Ngn3 high EP,0.99173445,0.011399247,87
UMAP2,961,4.11683,5.118462,Beta,3.532961,0.040608745,87
UMAP2,962,-4.23792,-3.3284132,Ngn3 high EP,1.0430753,0.011989372,87
UMAP2,963,-9.667707,1.6971505,Ductal,0.97223747,0.0111751435,87
UMAP2,964,3.6782017,-4.614248,Pre-endocrine,0.883379,0.010153782,87
UMAP2,965,-11.498204,-0.0330004,Ductal,0.9788678,0.011251355,87
UMAP2,966,9.267184,-1.1922368,Delta,0.76325405,0.008773035,87
UMAP2,967,-10.138056,-0.2455652,Ductal,0.9748077,0.011204686,87
UMAP2,968,4.2148595,2.2902572,Beta,0.9671068,0.01111617,87
UMAP2,969,-10.838547,-0.94042593,Ductal,0.98375076,0.01130748,87
UMAP2,970,5.464428,0.017999023,Beta,0.93928397,0.010796367,87
UMAP2,971,-3.8179834,-3.4453528,Ngn3 high EP,1.0942919,0.012578068,87
UMAP2,972,-10.4486885,0.47134116,Ductal,0.9786655,0.011249028,87
UMAP2,973,-10.902349,5.326665,Ductal,0.9953206,0.011440467,87
UMAP2,974,-9.7587595,0.2423785,Ductal,0.98052007,0.011270345,87
UMAP2,975,7.1247864,4.9113374,Alpha,0.8196949,0.00942178,87
UMAP2,976,3.3508441,5.5438113,Beta,5.4590816,0.06274807,87
UMAP2,977,3.1771665,-3.8969111,Pre-endocrine,0.9362706,0.010761731,87
UMAP2,978,1.4017875,-4.491197,Ngn3 high EP,0.9970674,0.011460545,87
UMAP2,979,3.497312,4.779709,Beta,5.1952085,0.05971504,87
UMAP2,980,2.7205696,4.915182,Beta,6.2566385,0.07191539,87
UMAP2,981,1.6007276,-0.1935067,Epsilon,0.9275083,0.010661015,87
UMAP2,982,-11.412879,4.3487186,Ductal,0.95942086,0.011027826,87
UMAP2,983,6.760431,-1.6469861,Pre-endocrine,0.8828233,0.010147394,87
UMAP2,984,8.271583,4.057217,Alpha,0.74468815,0.008559634,87
UMAP2,985,-6.133429,-2.5699167,Ngn3 high EP,0.99632007,0.011451955,87
UMAP2,986,-1.6511745,-3.6880586,Ngn3 high EP,1.0160499,0.011678734,87
UMAP2,987,-8.411717,1.1770095,Ngn3 low EP,0.9800539,0.011264987,87
UMAP2,988,2.7806094,0.24042784,Epsilon,0.92480004,0.010629886,87
UMAP2,989,2.9642417,-1.7708411,Pre-endocrine,0.9422207,0.010830123,87
UMAP2,990,3.6076992,2.541449,Epsilon,0.79357123,0.009121508,87
UMAP2,991,-11.21056,0.009992222,Ductal,0.97495437,0.011206372,87
UMAP2,992,6.0776763,3.2064805,Beta,0.7852404,0.009025752,87
UMAP2,993,3.5378742,2.5844326,Epsilon,0.7871379,0.009047562,87
UMAP2,994,4.094209,4.963853,Beta,3.1459079,0.03615986,87
UMAP2,995,-2.9314163,-3.4965558,Ngn3 high EP,1.0239043,0.011769015,87
UMAP2,996,-11.652732,2.0219119,Ductal,0.96355385,0.011075332,87
UMAP2,997,-11.626649,5.138137,Ductal,0.9698033,0.011147164,87
UMAP2,998,-10.303003,5.6044426,Ductal,1.0325016,0.011867834,87
UMAP2,999,-9.236272,-1.1816897,Ductal,0.9936988,0.011421825,87
UMAP2,1000,-11.675292,5.294537,Ductal,0.95858055,0.011018167,87
UMAP2,1001,-1.7001508,-4.6097093,Ngn3 high EP,1.0073102,0.011578278,87
UMAP2,1002,4.874976,-3.9440777,Pre-endocrine,0.8742657,0.010049031,87
UMAP2,1003,-9.723412,5.537963,Ductal,1.1636173,0.013374911,87
UMAP2,1004,3.4264266,2.393738,Epsilon,0.81981933,0.00942321,87
UMAP2,1005,-10.366406,0.49234748,Ductal,0.97801733,0.0112415785,87
UMAP2,1006,2.7281106,-2.271968,Pre-endocrine,0.9331901,0.010726323,87
UMAP2,1007,6.705448,4.073849,Alpha,0.7647555,0.008790293,87
UMAP2,1008,3.7149236,4.707275,Beta,3.9669197,0.04559678,87
UMAP2,1009,2.7643242,-4.636431,Pre-endocrine,0.8708347,0.010009594,87
UMAP2,1010,3.177371,-4.5278583,Pre-endocrine,0.88324285,0.010152217,87
UMAP2,1011,3.9746444,4.132046,Beta,2.4568949,0.02824017,87
UMAP2,1012,5.737597,-1.327671,Pre-endocrine,0.8648251,0.009940519,87
UMAP2,1013,6.0866566,-2.3522217,Pre-endocrine,0.8780418,0.0100924345,87
UMAP2,1014,6.8459525,4.8806863,Alpha,0.78166395,0.008984643,87
UMAP2,1015,-0.9032077,-3.9261105,Ngn3 high EP,1.0085411,0.011592426,87
UMAP2,1016,-11.529704,5.127883,Ductal,0.97596025,0.011217934,87
UMAP2,1017,-10.512287,6.090151,Ductal,1.0934931,0.012568886,87
UMAP2,1018,-10.920757,-0.06147105,Ductal,0.97315264,0.011185663,87
UMAP2,1019,-9.791931,-0.5245155,Ductal,0.99645436,0.011453498,87
UMAP2,1020,-2.9004357,-4.8375278,Ngn3 high EP,0.9859899,0.011333218,87
UMAP2,1021,-10.052244,-1.1624088,Ngn3 low EP,0.9964423,0.01145336,87
UMAP2,1022,0.51606363,-4.070285,Ngn3 high EP,0.9840789,0.011311252,87
UMAP2,1023,0.51600087,-5.1058545,Ngn3 high EP,0.9371868,0.010772262,87
UMAP2,1024,4.7586412,3.9066586,Beta,1.1653811,0.013395185,87
UMAP2,1025,3.0758135,1.7588075,Epsilon,0.89409953,0.010277006,87
UMAP2,1026,-11.985892,4.9859424,Ductal,0.9608108,0.011043802,87
UMAP2,1027,-2.7158902,-3.869902,Ngn3 high EP,1.0117475,0.011629282,87
UMAP2,1028,-10.775906,5.8763013,Ductal,1.0248936,0.011780387,87
UMAP2,1029,-9.930042,4.719982,Ductal,1.111375,0.012774425,87
UMAP2,1030,-2.9289746,-4.4435763,Ngn3 high EP,1.0488968,0.012056285,87
UMAP2,1031,-9.798034,-1.3812926,Ngn3 low EP,0.99552983,0.011442872,87
UMAP2,1032,-11.263808,5.9572306,Ductal,1.0344348,0.011890055,87
UMAP2,1033,-10.489351,0.2288167,Ngn3 low EP,0.9764917,0.011224043,87
UMAP2,1034,-9.360669,1.7941029,Ductal,0.97276694,0.011181229,87
UMAP2,1035,3.7287414,-3.2727647,Pre-endocrine,0.91682076,0.01053817,87
UMAP2,1036,-4.518529,-3.4350255,Ngn3 high EP,1.0112282,0.011623313,87
UMAP2,1037,-11.890728,2.03812,Ductal,0.9708892,0.011159646,87
UMAP2,1038,-2.1175482,-4.139339,Ngn3 high EP,1.0002384,0.011496994,87
UMAP2,1039,-11.300392,-1.1916368,Ductal,0.98539996,0.011326436,87
UMAP2,1040,5.542148,-1.4525855,Pre-endocrine,0.91089356,0.010470041,87
UMAP2,1041,4.1965895,-4.2398696,Pre-endocrine,0.8422912,0.009681508,87
UMAP2,1042,-0.6570406,-3.467319,Ngn3 high EP,0.9714862,0.011166508,87
UMAP2,1043,7.918187,4.472039,Alpha,0.77364516,0.008892473,87
UMAP2,1044,-9.18339,-0.5053371,Ngn3 low EP,0.9890951,0.011368909,87
UMAP2,1045,3.0707061,5.5982947,Beta,6.393483,0.07348831,87
UMAP2,1046,4.185972,-0.6343442,Pre-endocrine,0.9368795,0.01076873,87
UMAP2,1047,3.627469,-2.3629816,Pre-endocrine,0.9333246,0.010727868,87
UMAP2,1048,-12.113614,3.7085788,Ngn3 low EP,0.9889006,0.011366674,87
UMAP2,1049,3.0949497,4.0822134,Beta,3.740384,0.04299292,87
UMAP2,1050,5.845837,-0.9991029,Pre-endocrine,0.9185844,0.010558441,87
UMAP2,1051,-10.57928,1.3531942,Ductal,0.9737128,0.011192101,87
UMAP2,1052,5.9668007,-0.04464989,Beta,0.90613604,0.010415357,87
UMAP2,1053,4.676017,3.5020888,Beta,0.93555164,0.010753467,87
UMAP2,1054,-9.561354,0.45304972,Ductal,0.9905159,0.01138524,87
UMAP2,1055,0.50112236,-2.9260707,Pre-endocrine,0.9481813,0.010898636,87
UMAP2,1056,5.303883,1.6822666,Beta,0.906131,0.010415299,87
UMAP2,1057,6.259916,-1.7070044,Pre-endocrine,0.9056072,0.010409279,87
UMAP2,1058,2.207783,5.6842246,Beta,5.947213,0.06835877,87
UMAP2,1059,-8.285477,-0.93505675,Ngn3 low EP,0.9996066,0.011489731,87
UMAP2,1060,-4.8976345,-2.7684689,Ngn3 high EP,1.0219202,0.011746209,87
UMAP2,1061,-11.788116,1.8775017,Ductal,0.9762225,0.011220949,87
UMAP2,1062,-8.618556,-1.1526488,Ngn3 low EP,1.002101,0.011518402,87
UMAP2,1063,2.8042812,4.4819536,Beta,5.3147345,0.0610889,87
UMAP2,1064,-8.267442,3.6472569,Ngn3 low EP,1.0918269,0.012549735,87
UMAP2,1065,4.6824923,0.3941121,Pre-endocrine,0.8526869,0.0098009985,87
UMAP2,1066,3.326241,-4.265512,Pre-endocrine,0.8896038,0.010225331,87
UMAP2,1067,5.115173,-3.5923386,Pre-endocrine,0.8916691,0.01024907,87
UMAP2,1068,7.685077,2.2391577,Alpha,0.75148046,0.008637707,87
UMAP2,1069,6.667546,4.6028905,Alpha,0.775071,0.008908862,87
UMAP2,1070,4.4547095,2.0102932,Alpha,0.8144412,0.009361393,87
UMAP2,1071,7.7738223,2.8140883,Alpha,0.716702,0.008237954,87
UMAP2,1072,3.7063935,-3.5862,Pre-endocrine,0.90922797,0.010450896,87
UMAP2,1073,1.7631501,0.09848363,Epsilon,0.9287486,0.010675271,87
UMAP2,1074,-10.458076,3.2308547,Ductal,0.9680383,0.011126877,87
UMAP2,1075,-0.78509057,-3.5031822,Ngn3 high EP,0.97793025,0.011240577,87
UMAP2,1076,4.950829,1.9616107,Beta,0.90594405,0.01041315,87
UMAP2,1077,-9.363231,5.0457234,Ngn3 low EP,1.1627994,0.01336551,87
UMAP2,1078,3.5803874,-4.2653656,Pre-endocrine,0.87196845,0.010022626,87
UMAP2,1079,-10.228986,1.1681406,Ductal,0.95065,0.010927011,87
UMAP2,1080,-8.731584,-0.754263,Ductal,1.0080608,0.011586905,87
UMAP2,1081,-3.2214863,-4.541113,Ngn3 high EP,1.004296,0.011543632,87
UMAP2,1082,5.3488913,0.48823047,Beta,0.83139217,0.009556232,87
UMAP2,1083,7.2491794,1.1239522,Alpha,0.82719594,0.009508,87
UMAP2,1084,-9.106795,3.7825587,Ngn3 low EP,1.0284289,0.011821022,87
UMAP2,1085,-1.2369653,-4.26118,Ngn3 high EP,0.96929896,0.011141367,87
UMAP2,1086,4.3242874,-3.2827294,Pre-endocrine,0.9190177,0.010563421,87
UMAP2,1087,5.66651,-2.272631,Pre-endocrine,0.91113746,0.010472844,87
UMAP2,1088,3.8735611,4.9714055,Beta,3.2367952,0.03720454,87
UMAP2,1089,6.2888494,2.357752,Alpha,0.8147712,0.009365186,87
UMAP2,1090,-10.685843,6.2872624,Ductal,1.079231,0.012404954,87
UMAP2,1091,1.5530397,-4.556798,Ngn3 high EP,0.9385354,0.010787763,87
UMAP2,1092,-6.9532866,-2.4427943,Ngn3 high EP,0.98695934,0.01134436,87
UMAP2,1093,6.580894,-0.8813169,Pre-endocrine,0.8956859,0.01029524,87
UMAP2,1094,5.110179,-0.65286154,Pre-endocrine,0.92062044,0.0105818445,87
UMAP2,1095,-9.76578,0.6973228,Ductal,0.9605669,0.011040999,87
UMAP2,1096,4.929497,2.9962478,Beta,0.8659816,0.009953811,87
UMAP2,1097,-10.111404,2.5510674,Ductal,0.9578109,0.011009321,87
UMAP2,1098,-10.248005,-1.4406672,Ductal,0.9971289,0.011461251,87
UMAP2,1099,5.637778,0.13977742,Pre-endocrine,0.89469093,0.010283804,87
UMAP2,1100,7.723612,4.677212,Alpha,0.79409486,0.0091275275,87
UMAP2,1101,-9.368842,-0.13359381,Ductal,0.98811805,0.011357679,87
UMAP2,1102,4.193206,-0.57754254,Pre-endocrine,0.9302053,0.010692014,87
UMAP2,1103,-10.57519,6.3663063,Ductal,1.0667403,0.012261382,87
UMAP2,1104,1.9309949,5.4640994,Beta,5.710127,0.06563364,87
UMAP2,1105,-12.318574,2.9573407,Ductal,0.97523755,0.011209627,87
UMAP2,1106,7.886614,3.8780625,Alpha,0.7519132,0.00864268,87
UMAP2,1107,3.4004338,4.2555666,Beta,3.7807503,0.0434569,87
UMAP2,1108,0.12786193,-3.2639813,Ngn3 high EP,0.98447084,0.0113157565,87
UMAP2,1109,7.8251843,1.0759209,Alpha,0.8529211,0.009803691,87
UMAP2,1110,2.547651,4.784365,Beta,6.2289543,0.071597174,87
UMAP2,1111,-4.874323,-2.5297995,Ngn3 high EP,1.0323976,0.011866639,87
UMAP2,1112,-11.6858225,4.0219517,Ductal,0.98077345,0.011273258,87
UMAP2,1113,8.033713,1.9235836,Alpha,0.77540916,0.008912749,87
UMAP2,1114,-11.327361,5.6863484,Ductal,0.9863738,0.0113376295,87
UMAP2,1115,-10.353292,-1.2962368,Ductal,0.98387676,0.011308928,87
UMAP2,1116,-10.939264,5.2197967,Ductal,1.0304456,0.011844202,87
UMAP2,1117,-8.658118,0.06533457,Ngn3 low EP,0.9904884,0.011384924,87
UMAP2,1118,-12.354056,3.19142,Ductal,0.9810993,0.011277003,87
UMAP2,1119,3.4356675,4.522698,Beta,4.312437,0.049568243,87
UMAP2,1120,1.9710128,5.5493636,Beta,5.9470186,0.06835654,87
UMAP2,1121,8.69291,-1.0775985,Delta,0.775118,0.008909402,87
UMAP2,1122,6.3937573,2.3508236,Alpha,0.8236029,0.0094667,87
UMAP2,1123,-9.322037,2.313391,Ductal,0.973433,0.011188885,87
UMAP2,1124,1.9517372,-3.6101,Pre-endocrine,0.93885314,0.010791415,87
UMAP2,1125,-10.610152,6.327206,Ductal,1.0592291,0.012175048,87
UMAP2,1126,5.2992864,-3.236077,Pre-endocrine,0.9258187,0.010641594,87
UMAP2,1127,7.686924,4.105818,Alpha,0.7789025,0.008952902,87
UMAP2,1128,2.0832539,-0.43325984,Epsilon,0.91324663,0.010497088,87
UMAP2,1129,-10.127355,-1.3601911,Ductal,0.99635714,0.011452381,87
UMAP2,1130,7.975042,5.0593224,Alpha,0.7456975,0.008571235,87
UMAP2,1131,-2.24166,-4.509757,Ngn3 high EP,1.02926,0.011830575,87
UMAP2,1132,-10.781892,0.26030186,Ngn3 low EP,0.9804595,0.0112696495,87
UMAP2,1133,5.9560375,1.9101647,Alpha,0.7644664,0.00878697,87
UMAP2,1134,-8.179758,-1.5600168,Ngn3 low EP,0.99301815,0.011414002,87
UMAP2,1135,9.005637,-1.3545862,Delta,0.75240535,0.008648337,87
UMAP2,1136,5.1327252,0.2178616,Beta,0.926474,0.010649126,87
UMAP2,1137,7.09317,-1.0801405,Pre-endocrine,0.8610896,0.009897581,87
UMAP2,1138,-9.698605,-1.6005168,Ductal,1.0035039,0.011534528,87
UMAP2,1139,-5.5187593,-2.8590412,Ngn3 high EP,1.0066843,0.011571084,87
UMAP2,1140,-9.628373,1.1125158,Ngn3 low EP,0.98708564,0.011345812,87
UMAP2,1141,5.4944234,-2.297533,Pre-endocrine,0.90754557,0.010431558,87
UMAP2,1142,-0.8257158,-3.857699,Ngn3 high EP,0.9820115,0.011287488,87
UMAP2,1143,7.163431,-0.09252501,Alpha,0.80193865,0.009217686,87
UMAP2,1144,9.338699,-1.289657,Delta,0.7827376,0.008996984,87
UMAP2,1145,-11.168543,-0.49517328,Ductal,0.98368883,0.011306768,87
UMAP2,1146,-11.68967,4.9110513,Ductal,0.98515,0.011323563,87
UMAP2,1147,-3.9621499,-3.3797982,Ngn3 high EP,1.0722005,0.012324144,87
UMAP2,1148,7.427266,-0.20830852,Alpha,0.82678866,0.009503318,87
UMAP2,1149,-8.788683,-1.9089465,Ngn3 low EP,1.0053663,0.011555934,87
UMAP2,1150,-2.9155786,-4.4667654,Ngn3 high EP,1.0183399,0.011705056,87
UMAP2,1151,3.0648134,5.6781917,Beta,6.536561,0.075132884,87
UMAP2,1152,-4.2179413,-3.6094508,Ngn3 high EP,1.038501,0.011936793,87
UMAP2,1153,-3.5229168,-3.8482993,Ngn3 high EP,1.0617727,0.012204284,87
UMAP2,1154,-10.464448,0.58163744,Ductal,0.9833566,0.011302949,87
UMAP2,1155,-7.354401,-1.955172,Ngn3 high EP,1.0034623,0.011534049,87
UMAP2,1156,-2.2293453,-3.7069468,Ngn3 high EP,1.0142084,0.011657569,87
UMAP2,1157,4.849149,3.105389,Beta,0.8574642,0.00985591,87
UMAP2,1158,6.2633734,1.510778,Alpha,0.79820114,0.009174726,87
UMAP2,1159,6.5655465,-0.9373272,Pre-endocrine,0.8476771,0.009743415,87
UMAP2,1160,1.6145461,-4.5537934,Ngn3 high EP,0.98461133,0.011317371,87
UMAP2,1161,2.9562123,-3.7305536,Pre-endocrine,0.91337395,0.010498551,87
UMAP2,1162,8.3878975,-1.2108883,Delta,0.7342131,0.008439231,87
UMAP2,1163,-0.58671534,-4.2824984,Ngn3 high EP,0.9521379,0.010944114,87
UMAP2,1164,5.5756135,-3.2693503,Pre-endocrine,0.8733961,0.010039035,87
UMAP2,1165,-0.9014218,-4.202152,Ngn3 high EP,0.9737127,0.0111921,87
UMAP2,1166,5.466826,-2.9052207,Pre-endocrine,0.91257966,0.010489421,87
UMAP2,1167,-10.118364,4.9717317,Ductal,1.1228318,0.012906113,87
UMAP2,1168,0.26788017,-4.953174,Ngn3 high EP,0.9632069,0.011071344,87
UMAP2,1169,-5.937748,-2.6495378,Ngn3 high EP,0.99907565,0.011483628,87
UMAP2,1170,5.349702,-0.17801665,Beta,0.94292444,0.0108382115,87
UMAP2,1171,2.2260094,5.488763,Beta,6.145324,0.07063591,87
UMAP2,1172,7.4874144,0.5015053,Alpha,0.87660766,0.01007595,87
UMAP2,1173,8.040784,4.8250465,Alpha,0.75661796,0.008696758,87
UMAP2,1174,7.5338655,3.7064486,Alpha,0.72119474,0.008289595,87
UMAP2,1175,3.067457,-4.0309076,Pre-endocrine,0.8975244,0.010316373,87
UMAP2,1176,-7.583224,-1.5059949,Ductal,0.9972389,0.011462516,87
UMAP2,1177,7.21034,-0.5892341,Alpha,0.83856744,0.009638706,87
UMAP2,1178,-9.742266,5.4478664,Ductal,1.1783676,0.013544455,87
UMAP2,1179,-11.334812,1.4711691,Ductal,0.9749584,0.011206418,87
UMAP2,1180,-11.598212,4.3640466,Ductal,0.9614967,0.0110516865,87
UMAP2,1181,8.212118,4.360341,Alpha,0.77323705,0.008887782,87
UMAP2,1182,-9.188028,-1.482082,Ngn3 low EP,0.9991055,0.011483971,87
UMAP2,1183,2.8738482,-3.4470208,Pre-endocrine,0.9099734,0.010459464,87
UMAP2,1184,7.864521,4.867264,Alpha,0.7493756,0.008613513,87
UMAP2,1185,5.9649954,3.0703049,Beta,0.82419133,0.0094734635,87
UMAP2,1186,2.3046224,5.7971272,Beta,6.168032,0.07089692,87
UMAP2,1187,4.0974393,1.6428165,Beta,0.93139756,0.010705719,87
UMAP2,1188,-10.027447,-1.4341526,Ductal,0.992521,0.011408287,87
UMAP2,1189,8.193872,4.9439235,Alpha,0.745966,0.008574322,87
UMAP2,1190,8.743024,4.3809557,Alpha,0.73479813,0.008445956,87
UMAP2,1191,7.2731524,-0.2310215,Alpha,0.82617843,0.009496304,87
UMAP2,1192,5.066644,2.2794752,Beta,0.86098135,0.009896337,87
UMAP2,1193,4.853503,2.0651007,Beta,0.95598114,0.010988289,87
UMAP2,1194,5.180225,-1.5708454,Pre-endocrine,0.9117911,0.010480357,87
UMAP2,1195,-8.886909,1.1592594,Ductal,0.9922548,0.011405228,87
UMAP2,1196,-11.109609,0.71739817,Ductal,0.9674128,0.011119688,87
UMAP2,1197,-9.862441,5.084946,Ngn3 low EP,1.1585836,0.013317053,87
UMAP2,1198,-10.592611,1.8105203,Ductal,0.9642948,0.011083848,87
UMAP2,1199,-12.084591,3.7572374,Ngn3 low EP,0.9945597,0.011431721,87
UMAP2,1200,-3.2772334,-4.4983983,Ngn3 high EP,1.0221342,0.011748669,87
UMAP2,1201,2.4498875,5.368471,Beta,5.9511395,0.0684039,87
UMAP2,1202,-10.243672,2.0604055,Ductal,0.956046,0.010989035,87
UMAP2,1203,-10.958335,5.400731,Ductal,1.0244641,0.01177545,87
UMAP2,1204,-4.9279985,-2.9582684,Ngn3 high EP,1.0032878,0.011532044,87
UMAP2,1205,-8.305373,3.681302,Ngn3 low EP,1.0760081,0.012367909,87
UMAP2,1206,-3.3754046,-3.5500047,Ngn3 high EP,1.0394039,0.011947172,87
UMAP2,1207,-9.979188,-0.24645889,Ngn3 low EP,0.984372,0.011314621,87
UMAP2,1208,6.2876577,-2.516976,Pre-endocrine,0.8809546,0.0101259155,87
UMAP2,1209,-9.455832,-1.3323106,Ngn3 low EP,0.9973494,0.011463786,87
UMAP2,1210,4.3630466,3.8913958,Beta,1.855545,0.021328105,87
UMAP2,1211,4.137168,-3.7970066,Pre-endocrine,0.88502634,0.010172716,87
UMAP2,1212,4.4048343,1.4154721,Alpha,0.78635144,0.009038522,87
UMAP2,1213,0.27477622,-4.9695706,Ngn3 high EP,0.95461947,0.010972638,87
UMAP2,1214,-1.3084936,-3.9958751,Ngn3 high EP,0.99048007,0.011384828,87
UMAP2,1215,7.659285,0.24980019,Alpha,0.809519,0.009304816,87
UMAP2,1216,-5.2333817,-3.1306307,Ngn3 high EP,1.0087098,0.011594365,87
UMAP2,1217,6.937035,1.765049,Alpha,0.80540746,0.009257557,87
UMAP2,1218,-0.43764904,-5.2911716,Ngn3 high EP,0.9675358,0.011121101,87
UMAP2,1219,0.8699783,-2.8846743,Pre-endocrine,0.930045,0.010690172,87
UMAP2,1220,-12.009092,2.5057461,Ductal,0.9648689,0.011090447,87
UMAP2,1221,6.0815606,0.41215712,Beta,0.9065694,0.010420338,87
UMAP2,1222,7.3630056,4.100306,Alpha,0.77914697,0.008955712,87
UMAP2,1223,1.8351253,0.13763456,Epsilon,0.9154354,0.010522245,87
UMAP2,1224,3.044277,0.94836736,Epsilon,0.9154623,0.010522556,87
UMAP2,1225,4.6554956,1.8688449,Beta,0.97786534,0.011239831,87
UMAP2,1226,9.497103,-1.3076282,Delta,0.7962966,0.009152834,87
UMAP2,1227,-9.397498,4.352203,Ductal,1.043564,0.011994988,87
UMAP2,1228,3.6592538,2.0078883,Epsilon,0.8535578,0.009811009,87
UMAP2,1229,-1.0398357,-3.5865104,Ngn3 high EP,0.9777735,0.011238776,87
UMAP2,1230,-1.4907638,-4.624357,Ngn3 high EP,1.0244133,0.011774866,87
UMAP2,1231,0.28464106,-3.4825952,Ngn3 high EP,0.944811,0.010859896,87
UMAP2,1232,4.5488763,-3.973254,Pre-endocrine,0.9208571,0.010584564,87
UMAP2,1233,7.761815,3.5372648,Alpha,0.7649617,0.008792663,87
UMAP2,1234,4.237955,4.920153,Beta,3.986539,0.045822285,87
UMAP2,1235,-0.7669375,-3.4361296,Ngn3 high EP,0.975304,0.011210391,87
UMAP2,1236,3.9834306,0.6281417,Pre-endocrine,0.84809566,0.009748226,87
UMAP2,1237,-9.246078,-1.5526978,Ductal,0.99666274,0.0114558935,87
UMAP2,1238,-10.041672,5.1744127,Ductal,1.1215751,0.012891668,87
UMAP2,1239,-11.371448,5.7895517,Ductal,1.0129718,0.011643354,87
UMAP2,1240,-8.140586,-0.77152145,Ngn3 low EP,0.99902195,0.011483011,87
UMAP2,1241,7.6138535,4.7971206,Alpha,0.79883814,0.009182048,87
UMAP2,1242,7.518338,4.8066134,Alpha,0.76329434,0.008773498,87
UMAP2,1243,4.5754743,3.7490995,Beta,1.0710677,0.012311123,87
UMAP2,1244,8.002293,1.6598301,Alpha,0.7768545,0.0089293625,87
UMAP2,1245,3.9163551,2.1952298,Alpha,0.8170705,0.009391615,87
UMAP2,1246,7.419462,-0.45063713,Alpha,0.827427,0.009510656,87
UMAP2,1247,-3.293437,-4.191907,Ngn3 high EP,1.0430129,0.011988654,87
UMAP2,1248,7.5704074,1.8990686,Alpha,0.79689556,0.00915972,87
UMAP2,1249,3.365134,4.9643884,Beta,4.4131975,0.05072641,87
UMAP2,1250,4.7644186,3.4180462,Beta,0.9478091,0.010894357,87
UMAP2,1251,3.1945355,1.996799,Epsilon,0.88841045,0.010211614,87
UMAP2,1252,-8.925347,0.55815333,Ductal,0.9854106,0.011326558,87
UMAP2,1253,3.0689678,2.3176534,Epsilon,0.86568594,0.009950413,87
UMAP2,1254,7.2925177,1.1351821,Alpha,0.8595067,0.009879388,87
UMAP2,1255,1.9928253,5.7459736,Beta,5.831411,0.06702771,87
UMAP2,1256,5.485357,0.45394525,Beta,0.909251,0.01045116,87
UMAP2,1257,-11.295242,4.0542364,Ductal,0.96251273,0.011063364,87
UMAP2,1258,3.631953,4.9901485,Beta,4.200102,0.04827703,87
UMAP2,1259,-9.965864,2.838431,Ductal,0.9678422,0.011124623,87
UMAP2,1260,5.490172,-0.7741029,Pre-endocrine,0.92233634,0.010601567,87
UMAP2,1261,5.1208754,0.5209867,Beta,0.96434176,0.011084388,87
UMAP2,1262,-9.977473,-0.742612,Ductal,0.99173856,0.011399293,87
UMAP2,1263,-12.423415,2.7055714,Ductal,0.9767317,0.011226801,87
UMAP2,1264,3.128067,-3.423096,Pre-endocrine,0.90051115,0.010350703,87
UMAP2,1265,-6.418795,-2.6564307,Ngn3 high EP,0.9867567,0.011342031,87
UMAP2,1266,-9.225705,0.66171426,Ductal,0.99408686,0.011426286,87
UMAP2,1267,3.1128385,-3.611977,Pre-endocrine,0.8922726,0.010256006,87
UMAP2,1268,2.374868,1.188128,Epsilon,0.9693674,0.011142154,87
UMAP2,1269,1.2152631,-4.018548,Ngn3 high EP,0.94738996,0.0108895395,87
UMAP2,1270,4.0236135,-3.7686691,Pre-endocrine,0.90561396,0.010409356,87
UMAP2,1271,-10.146718,4.537281,Ngn3 low EP,1.0729018,0.012332205,87
UMAP2,1272,0.32116657,-3.9701164,Ngn3 high EP,0.9927025,0.011410373,87
UMAP2,1273,-11.222027,4.687574,Ductal,0.966695,0.011111437,87
UMAP2,1274,5.5654874,-0.7596688,Pre-endocrine,0.9818177,0.011285261,87
UMAP2,1275,7.3327374,3.2172017,Alpha,0.7483003,0.008601153,87
UMAP2,1276,4.085453,-3.863362,Pre-endocrine,0.84533626,0.009716509,87
UMAP2,1277,7.7316318,4.1415095,Alpha,0.7381402,0.00848437,87
UMAP2,1278,-10.398573,0.42162645,Ductal,0.97880095,0.011250585,87
UMAP2,1279,-9.082766,1.3632891,Ductal,0.9824404,0.011292418,87
UMAP2,1280,-10.579467,-0.4756156,Ductal,0.9808207,0.011273801,87
UMAP2,1281,5.4455624,1.8456227,Beta,0.875654,0.010064988,87
UMAP2,1282,7.1989903,-1.0405041,Alpha,0.84409606,0.009702253,87
UMAP2,1283,-6.022319,-3.280653,Ngn3 high EP,1.003276,0.011531908,87
UMAP2,1284,3.5248263,4.676948,Beta,3.925625,0.045122128,87
UMAP2,1285,6.5864143,-0.33710805,Pre-endocrine,0.9396397,0.010800457,87
UMAP2,1286,-2.974261,-3.76936,Ngn3 high EP,1.0127317,0.011640594,87
UMAP2,1287,-3.243448,-4.4400764,Ngn3 high EP,0.9944399,0.011430344,87
UMAP2,1288,-10.360915,0.8476447,Ductal,0.9814445,0.011280971,87
UMAP2,1289,2.8395598,1.943031,Epsilon,0.9181241,0.01055315,87
UMAP2,1290,5.261005,-2.8992105,Pre-endocrine,0.9168176,0.010538134,87
UMAP2,1291,1.7204286,-1.250188,Pre-endocrine,0.92520493,0.01063454,87
UMAP2,1292,1.5522596,-1.1258314,Epsilon,0.92771566,0.010663399,87
UMAP2,1293,-11.502334,4.539966,Ductal,0.96210283,0.011058653,87
UMAP2,1294,-11.6541815,4.832352,Ductal,0.959501,0.011028747,87
UMAP2,1295,-9.8143425,4.3440456,Ngn3 low EP,1.0949128,0.012585204,87
UMAP2,1296,-2.5133247,-3.7956867,Ngn3 high EP,1.0299479,0.011838482,87
UMAP2,1297,4.9267263,2.354707,Beta,0.8845256,0.010166961,87
UMAP2,1298,-1.6367625,-4.824825,Ngn3 high EP,0.99041915,0.011384129,87
UMAP2,1299,-10.273457,5.7250457,Ductal,1.1025721,0.012673242,87
UMAP2,1300,-0.03556466,-3.4583137,Ngn3 high EP,0.95541966,0.010981835,87
UMAP2,1301,-7.8180666,-1.2852892,Ductal,1.0117636,0.011629466,87
UMAP2,1302,3.4230335,4.271681,Beta,3.7839897,0.043494135,87
UMAP2,1303,3.2298162,3.4934914,Beta,6.329038,0.072747566,87
UMAP2,1304,-8.984437,3.205006,Ductal,0.9978878,0.011469974,87
UMAP2,1305,-9.477649,3.2712142,Ductal,0.9784203,0.011246211,87
UMAP2,1306,4.8611736,2.7158697,Beta,0.8995522,0.010339681,87
UMAP2,1307,2.0200393,-4.661959,Ngn3 high EP,0.9698294,0.011147464,87
UMAP2,1308,6.7479267,2.6152132,Alpha,0.72852105,0.008373805,87
UMAP2,1309,0.7911129,-5.110008,Ngn3 high EP,0.9491396,0.0109096505,87
UMAP2,1310,-11.529861,4.7457976,Ductal,0.9555024,0.010982786,87
UMAP2,1311,-8.106027,-1.0873271,Ngn3 low EP,1.0127625,0.011640949,87
UMAP2,1312,7.7982125,2.6168234,Alpha,0.71753,0.008247471,87
UMAP2,1313,7.1680336,-0.66066617,Alpha,0.7984184,0.009177223,87
UMAP2,1314,3.3815873,4.224986,Beta,2.6171029,0.030081643,87
UMAP2,1315,-2.5973487,-4.2763047,Ngn3 high EP,1.0598078,0.012181698,87
UMAP2,1316,-11.271465,5.2765937,Ductal,0.9946374,0.011432614,87
UMAP2,1317,-9.2454,1.1743417,Ductal,0.9894179,0.011372619,87
UMAP2,1318,4.6152015,2.8084078,Beta,0.8977553,0.010319027,87
UMAP2,1319,-8.533458,-1.2623851,Ngn3 low EP,0.99757314,0.011466358,87
UMAP2,1320,7.21565,0.9752158,Alpha,0.8286433,0.009524636,87
UMAP2,1321,-9.659244,0.3062603,Ductal,0.9828062,0.011296623,87
UMAP2,1322,5.4312334,1.1781543,Beta,0.9272847,0.010658445,87
UMAP2,1323,-9.989059,-0.2654669,Ductal,0.97706723,0.011230658,87
UMAP2,1324,-10.825146,4.3800735,Ductal,1.0089372,0.01159698,87
UMAP2,1325,0.21073803,-3.9344356,Ngn3 high EP,0.9465351,0.010879714,87
UMAP2,1326,-10.240133,2.0936625,Ductal,0.9532902,0.010957359,87
UMAP2,1327,4.8760066,-0.6930598,Delta,0.8632934,0.009922912,87
UMAP2,1328,-10.891375,2.7562144,Ductal,0.95649236,0.010994165,87
UMAP2,1329,6.995397,3.9617994,Alpha,0.7457036,0.008571305,87
UMAP2,1330,-9.227129,0.86384237,Ductal,0.9986062,0.011478232,87
UMAP2,1331,-7.9294186,-2.1508448,Ngn3 high EP,0.99097914,0.011390565,87
UMAP2,1332,6.571179,3.8923197,Alpha,0.78444576,0.009016618,87
UMAP2,1333,-0.18579201,-3.5729487,Ngn3 high EP,0.9677444,0.011123499,87
UMAP2,1334,0.6785596,-2.7127073,Pre-endocrine,0.9506961,0.010927541,87
UMAP2,1335,4.01355,3.8062663,Beta,1.4898126,0.017124282,87
UMAP2,1336,2.377695,0.2921389,Epsilon,0.92225444,0.010600626,87
UMAP2,1337,7.390041,4.468298,Alpha,0.7763218,0.008923239,87
UMAP2,1338,-9.916382,2.2102034,Ductal,0.96844333,0.0111315325,87
UMAP2,1339,3.5094736,-3.9458869,Pre-endocrine,0.89300156,0.0102643855,87
UMAP2,1340,-11.716515,3.9443212,Ductal,0.9646132,0.011087508,87
UMAP2,1341,6.609128,2.30774,Alpha,0.77074325,0.0088591175,87
UMAP2,1342,3.3837156,5.494353,Beta,5.384243,0.06188785,87
UMAP2,1343,-12.272629,3.4551547,Ductal,0.9822162,0.0112898415,87
UMAP2,1344,2.1606987,-2.3829434,Pre-endocrine,0.9128042,0.010492003,87
UMAP2,1345,-8.355492,1.5350477,Ductal,0.9903232,0.011383025,87
UMAP2,1346,-8.580298,2.1876316,Ductal,0.992054,0.011402919,87
UMAP2,1347,9.298838,-1.1153374,Delta,0.7857703,0.009031842,87
UMAP2,1348,5.399826,0.8128565,Beta,0.90051967,0.010350801,87
UMAP2,1349,-0.1727611,-5.0662274,Ngn3 high EP,0.9501989,0.010921827,87
UMAP2,1350,5.865731,-2.6299455,Pre-endocrine,0.8556428,0.009834975,87
UMAP2,1351,5.6590166,-2.1091738,Pre-endocrine,0.93459,0.010742414,87
UMAP2,1352,3.2135735,1.998603,Epsilon,0.8575773,0.00985721,87
UMAP2,1353,8.678681,-1.1751659,Delta,0.768201,0.008829896,87
UMAP2,1354,-6.9427686,-2.0277731,Ngn3 high EP,0.9947241,0.011433611,87
UMAP2,1355,7.683844,0.42167816,Alpha,0.87694615,0.010079841,87
UMAP2,1356,2.1122978,6.3385725,Beta,5.758253,0.066186816,87
UMAP2,1357,-1.9493889,-4.5666924,Ngn3 high EP,1.0012937,0.011509122,87
UMAP2,1358,-10.408028,-0.9722667,Ductal,0.98222375,0.011289928,87
UMAP2,1359,-0.9881666,-3.5553668,Ngn3 high EP,0.97730994,0.011233448,87
UMAP2,1360,-10.799716,0.5229624,Ductal,0.97206634,0.011173177,87
UMAP2,1361,-11.536615,1.4646232,Ngn3 low EP,0.9841692,0.011312289,87
UMAP2,1362,2.734267,2.260924,Epsilon,0.90640557,0.010418455,87
UMAP2,1363,-9.009676,1.0433563,Ductal,0.9880253,0.011356613,87
UMAP2,1364,-2.4281619,-3.6202836,Ngn3 high EP,1.0262299,0.011795745,87
UMAP2,1365,-9.368475,-0.9092741,Ngn3 low EP,0.9883895,0.011360799,87
UMAP2,1366,-2.1263146,-4.504609,Ngn3 high EP,1.0351841,0.0118986685,87
UMAP2,1367,5.9787903,-2.3426423,Pre-endocrine,0.9513682,0.0109352665,87
UMAP2,1368,3.455144,-4.039115,Pre-endocrine,0.8783506,0.010095984,87
UMAP2,1369,-11.732975,2.4988956,Ngn3 low EP,0.97954845,0.011259178,87
UMAP2,1370,-11.069991,0.5810448,Ductal,0.9695884,0.011144694,87
UMAP2,1371,-10.337712,1.3921636,Ductal,0.9657085,0.011100098,87
UMAP2,1372,7.679765,2.2557194,Alpha,0.773154,0.008886828,87
UMAP2,1373,-11.02043,1.2726873,Ductal,0.97689104,0.011228633,87
UMAP2,1374,4.787755,-3.861888,Pre-endocrine,0.8865509,0.01019024,87
UMAP2,1375,2.5030894,1.7850068,Epsilon,0.9377276,0.010778477,87
UMAP2,1376,2.58725,0.9900574,Epsilon,0.95524514,0.010979829,87
UMAP2,1377,6.0138617,1.0527359,Beta,0.89657855,0.010305501,87
UMAP2,1378,6.3062687,-1.7679349,Pre-endocrine,0.8732154,0.010036958,87
UMAP2,1379,-8.188959,1.0745574,Ngn3 low EP,0.99977905,0.011491713,87
UMAP2,1380,-11.778194,3.8508906,Ngn3 low EP,0.99660254,0.011455202,87
UMAP2,1381,4.6445723,1.4548879,Beta,0.84429073,0.009704491,87
UMAP2,1382,-11.422651,4.3356166,Ngn3 low EP,0.99269664,0.011410306,87
UMAP2,1383,-7.9937496,-1.8419219,Ngn3 low EP,0.9928441,0.011412001,87
UMAP2,1384,-8.262239,3.0405877,Ductal,1.0219194,0.0117462,87
UMAP2,1385,5.500285,2.8556077,Beta,0.8253027,0.0094862385,87
UMAP2,1386,-11.788772,0.5824572,Ductal,0.97156525,0.011167416,87
UMAP2,1387,4.5100946,0.7274529,Beta,0.91568685,0.010525136,87
UMAP2,1388,-10.369808,6.1923513,Ductal,1.0907195,0.012537005,87
UMAP2,1389,-11.561833,0.85081923,Ductal,0.96355796,0.011075378,87
UMAP2,1390,-3.477034,-3.8648267,Ngn3 high EP,1.0139954,0.011655119,87
UMAP2,1391,5.8098707,-3.1571035,Pre-endocrine,0.85632586,0.009842826,87
UMAP2,1392,6.5797915,4.4470487,Alpha,0.7951737,0.009139928,87
UMAP2,1393,-11.399767,5.7244725,Ductal,0.9839914,0.011310246,87
UMAP2,1394,-7.9212236,-1.5448788,Ngn3 low EP,0.98855567,0.011362709,87
UMAP2,1395,-10.7242,0.2226194,Ductal,0.9767302,0.011226784,87
UMAP2,1396,8.577185,-1.2187935,Delta,0.7599788,0.0087353885,87
UMAP2,1397,-9.550497,-1.5536071,Ductal,0.99385047,0.011423568,87
UMAP2,1398,5.7241445,-2.296604,Pre-endocrine,0.90529096,0.010405643,87
UMAP2,1399,5.9246564,0.44353595,Beta,0.8682776,0.009980203,87
UMAP2,1400,-10.410273,6.2195864,Ductal,1.0743374,0.012348705,87
UMAP2,1401,-8.106773,3.0094085,Ductal,1.02563,0.011788851,87
UMAP2,1402,-10.342654,0.5387761,Ngn3 low EP,0.97849894,0.011247114,87
UMAP2,1403,2.54579,0.22083542,Epsilon,0.94300306,0.010839116,87
UMAP2,1404,-11.113588,3.3563209,Ductal,0.9648402,0.011090117,87
UMAP2,1405,-9.908223,0.30068165,Ductal,0.9776703,0.01123759,87
UMAP2,1406,5.4151773,-3.1364844,Pre-endocrine,0.94293845,0.010838373,87
UMAP2,1407,-11.313216,-1.1716346,Ductal,0.98589003,0.0113320695,87
UMAP2,1408,-11.011331,0.93675476,Ductal,0.97295994,0.011183447,87
UMAP2,1409,5.846013,-0.9420242,Pre-endocrine,0.92148507,0.010591783,87
UMAP2,1410,5.9274406,-1.9553043,Pre-endocrine,0.9504088,0.01092424,87
UMAP2,1411,3.0574765,1.5306647,Pre-endocrine,0.8780174,0.010092154,87
UMAP2,1412,-10.774097,-0.84960073,Ductal,0.9796735,0.011260615,87
UMAP2,1413,4.915813,2.1471646,Beta,0.9232904,0.010612533,87
UMAP2,1414,-9.534481,0.1288675,Ngn3 low EP,0.9876459,0.011352252,87
UMAP2,1415,1.586682,-2.571466,Pre-endocrine,0.9288051,0.010675921,87
UMAP2,1416,-12.159621,2.6139503,Ngn3 low EP,0.98275876,0.011296078,87
UMAP2,1417,-2.2373686,-4.51062,Ngn3 high EP,1.0169322,0.011688876,87
UMAP2,1418,2.8245633,5.174379,Beta,5.957668,0.06847894,87
UMAP2,1419,4.710966,2.369242,Beta,0.9413971,0.010820656,87
UMAP2,1420,6.200606,0.36449975,Beta,0.8182267,0.009404904,87
UMAP2,1421,5.1452894,-0.2954785,Pre-endocrine,0.91129744,0.010474683,87
UMAP2,1422,0.3312658,-4.714017,Ngn3 high EP,0.9535785,0.010960672,87
UMAP2,1423,5.1831985,-0.8579731,Pre-endocrine,0.9307707,0.010698514,87
UMAP2,1424,-2.688637,-2.2590623,Ngn3 low EP,1.1759411,0.013516565,87
UMAP2,1425,3.4858663,4.0397754,Beta,3.462082,0.039794046,87
UMAP2,1426,-10.464027,0.2874332,Ductal,0.9793097,0.011256433,87
UMAP2,1427,5.5057297,-2.0987892,Pre-endocrine,0.8824435,0.010143029,87
UMAP2,1428,7.3996024,4.0693755,Alpha,0.75232303,0.008647392,87
UMAP2,1429,6.3913193,1.6564524,Alpha,0.7784426,0.008947616,87
UMAP2,1430,-0.30862868,-3.847772,Ngn3 high EP,0.98654896,0.011339643,87
UMAP2,1431,7.4931393,4.553553,Alpha,0.7616047,0.008754077,87
UMAP2,1432,4.4876885,3.4531853,Beta,0.95164835,0.010938487,87
UMAP2,1433,-3.7941236,-4.1431274,Ngn3 high EP,1.0391437,0.01194418,87
UMAP2,1434,5.084949,3.062202,Beta,0.84907544,0.009759488,87
UMAP2,1435,7.5848017,4.833737,Alpha,0.74136364,0.008521421,87
UMAP2,1436,4.181213,1.3414183,Alpha,0.7947394,0.009134936,87
UMAP2,1437,5.4306307,-2.28168,Pre-endocrine,0.9240488,0.010621251,87
UMAP2,1438,5.8055224,0.9040599,Beta,0.9142144,0.010508211,87
UMAP2,1439,-10.586566,1.9091254,Ductal,0.9539827,0.010965318,87
UMAP2,1440,5.0834503,-2.791134,Pre-endocrine,0.909631,0.010455529,87
UMAP2,1441,6.105948,-0.015309109,Pre-endocrine,0.937521,0.0107761035,87
UMAP2,1442,-8.104379,3.405066,Ductal,1.0312383,0.011853314,87
UMAP2,1443,-6.98718,-2.4633172,Ngn3 high EP,0.98838854,0.011360788,87
UMAP2,1444,5.625785,-1.6384262,Pre-endocrine,0.9197277,0.010571582,87
UMAP2,1445,6.026189,0.09085077,Pre-endocrine,0.93529445,0.010750511,87
UMAP2,1446,-11.015133,0.036483634,Ductal,0.9800086,0.011264467,87
UMAP2,1447,-8.357877,-0.05426161,Ngn3 low EP,0.9999219,0.011493355,87
UMAP2,1448,6.775226,-1.7485454,Pre-endocrine,0.95217896,0.010944585,87
UMAP2,1449,5.2176204,-2.4773448,Pre-endocrine,0.9412269,0.0108187,87
UMAP2,1450,3.0430756,-3.6401906,Pre-endocrine,0.90201104,0.010367943,87
UMAP2,1451,6.2570295,0.05766711,Pre-endocrine,0.86818314,0.009979117,87
UMAP2,1452,-7.39161,-1.5470787,Ngn3 high EP,1.0036793,0.011536543,87
UMAP2,1453,-9.276977,3.1546557,Ductal,0.9848008,0.01131955,87
UMAP2,1454,5.9431233,-1.7153214,Pre-endocrine,0.84079,0.009664252,87
UMAP2,1455,7.7067604,3.8736339,Alpha,0.73616064,0.008461617,87
UMAP2,1456,2.9178238,1.8460044,Epsilon,0.9024533,0.010373026,87
UMAP2,1457,-9.557258,-0.73683226,Ductal,0.99248147,0.011407833,87
UMAP2,1458,1.6711173,5.5723653,Beta,5.385317,0.061900195,87
UMAP2,1459,9.304493,-1.1878756,Delta,0.7601807,0.008737709,87
UMAP2,1460,-10.256771,0.8580581,Ductal,0.97577894,0.01121585,87
UMAP2,1461,4.9076643,1.6631497,Beta,0.94337285,0.010843366,87
UMAP2,1462,6.951556,3.5978272,Alpha,0.7438814,0.008550361,87
UMAP2,1463,-12.0683565,2.1769602,Ductal,0.96768,0.0111227585,87
UMAP2,1464,-8.180496,-0.47828767,Ductal,1.0088197,0.011595629,87
UMAP2,1465,7.0269976,1.438973,Alpha,0.7891365,0.009070535,87
UMAP2,1466,7.4336724,5.091146,Alpha,0.7965925,0.0091562355,87
UMAP2,1467,0.07544813,-4.800091,Ngn3 high EP,0.9938497,0.01142356,87
UMAP2,1468,-8.773867,0.8247911,Ductal,0.985755,0.011330518,87
UMAP2,1469,5.220926,-0.10441168,Beta,0.9046576,0.010398364,87
UMAP2,1470,-9.431856,1.7300371,Ductal,0.9709795,0.011160684,87
UMAP2,1471,2.8692834,-4.494689,Pre-endocrine,0.86887884,0.009987113,87
UMAP2,1472,-9.161869,-0.91064185,Ductal,0.994891,0.011435528,87
UMAP2,1473,5.68721,-2.9177036,Pre-endocrine,0.87513113,0.010058979,87
UMAP2,1474,4.895441,3.0082703,Beta,0.87504846,0.010058029,87
UMAP2,1475,-1.0290432,-4.964707,Ngn3 high EP,0.9888914,0.0113665685,87
UMAP2,1476,0.71903706,-4.228884,Ngn3 high EP,1.01472,0.011663448,87
UMAP2,1477,-12.250345,3.5395858,Ductal,0.9956424,0.011444165,87
UMAP2,1478,-10.662379,0.24798617,Ductal,0.97684336,0.011228085,87
UMAP2,1479,7.094771,-0.036212567,Alpha,0.80480456,0.009250627,87
UMAP2,1480,4.402481,1.8222282,Beta,0.9499147,0.0109185595,87
UMAP2,1481,5.429237,3.9107184,Epsilon,0.74850225,0.008603474,87
UMAP2,1482,-10.0022335,3.1767905,Ductal,0.9715591,0.0111673465,87
UMAP2,1483,6.666866,2.7216227,Beta,0.78623897,0.009037229,87
UMAP2,1484,1.8164217,-0.6424562,Epsilon,0.9216908,0.010594147,87
UMAP2,1485,-8.967623,0.59857905,Ductal,0.9934768,0.011419274,87
UMAP2,1486,7.1280775,4.8057427,Alpha,0.79783857,0.009170558,87
UMAP2,1487,3.404038,4.0573745,Beta,3.3463671,0.03846399,87
UMAP2,1488,4.277071,-2.7866948,Pre-endocrine,0.9307909,0.010698746,87
UMAP2,1489,9.064313,-0.87311924,Delta,0.8447635,0.009709925,87
UMAP2,1490,2.66157,5.350772,Beta,6.461772,0.07427324,87
UMAP2,1491,-8.603319,1.2231078,Ngn3 low EP,0.99161893,0.011397919,87
UMAP2,1492,-2.230609,-2.0451355,Ngn3 high EP,1.1590186,0.0133220535,87
UMAP2,1493,3.6236792,-1.1612029,Pre-endocrine,0.95015967,0.010921376,87
UMAP2,1494,-9.087511,2.8156803,Ductal,0.9951085,0.011438029,87
UMAP2,1495,-8.903204,-1.4859387,Ngn3 low EP,1.0020933,0.011518314,87
UMAP2,1496,7.3909698,3.9313858,Alpha,0.72914267,0.00838095,87
UMAP2,1497,-10.855245,-0.606135,Ductal,0.98143893,0.011280907,87
UMAP2,1498,-8.817268,-0.024337739,Ngn3 low EP,1.0027394,0.011525741,87
UMAP2,1499,-11.404786,-0.37595046,Ductal,0.97674215,0.011226921,87
UMAP2,1500,-0.34906888,-4.207853,Ngn3 high EP,0.9878409,0.011354493,87
UMAP2,1501,1.6301647,-4.5453105,Ngn3 high EP,0.97126544,0.01116397,87
UMAP2,1502,3.1370656,-3.9328558,Pre-endocrine,0.90940416,0.0104529215,87
UMAP2,1503,5.1787586,3.1576626,Beta,0.8963604,0.0103029935,87
UMAP2,1504,-0.43755087,-3.9113705,Ngn3 high EP,0.98313683,0.011300423,87
UMAP2,1505,4.3551655,-0.530357,Pre-endocrine,0.8703536,0.010004064,87
UMAP2,1506,3.0821044,-4.7031603,Pre-endocrine,0.9007267,0.010353181,87
UMAP2,1507,-4.013536,-3.7020638,Ngn3 high EP,1.0291479,0.011829286,87
UMAP2,1508,-11.734554,4.7636547,Ductal,0.9601276,0.011035949,87
UMAP2,1509,7.6279335,2.1370082,Alpha,0.74155784,0.008523653,87
UMAP2,1510,-6.145546,-3.0589356,Ngn3 high EP,0.992788,0.011411357,87
UMAP2,1511,2.0185437,5.333519,Beta,6.106375,0.070188224,87
UMAP2,1512,-10.519577,0.09898051,Ductal,0.9788458,0.011251101,87
UMAP2,1513,5.2454753,2.626675,Beta,0.86339176,0.009924043,87
UMAP2,1514,6.6058884,0.70774436,Alpha,0.841066,0.009667425,87
UMAP2,1515,3.9144,1.8315157,Beta,0.89449966,0.010281606,87
UMAP2,1516,9.122249,-1.0385505,Delta,0.8032803,0.009233107,87
UMAP2,1517,4.2382965,-3.1758265,Pre-endocrine,0.91013074,0.010461273,87
UMAP2,1518,7.4978285,4.4387465,Alpha,0.75924426,0.008726945,87
UMAP2,1519,1.7532965,-3.083239,Pre-endocrine,0.93078476,0.010698675,87
UMAP2,1520,-8.395604,1.2513145,Ductal,0.9908487,0.0113890655,87
UMAP2,1521,-9.436914,-1.0369265,Ductal,1.0040088,0.011540331,87
UMAP2,1522,4.777925,-3.505569,Pre-endocrine,0.9039187,0.01038987,87
UMAP2,1523,1.9038018,5.977254,Beta,5.541307,0.06369318,87
UMAP2,1524,5.2725005,3.3830662,Beta,0.9606567,0.011042031,87
UMAP2,1525,-4.417708,-2.9609847,Ngn3 high EP,1.039242,0.011945311,87
UMAP2,1526,-3.7999644,-4.259018,Ngn3 high EP,1.0250533,0.0117822215,87
UMAP2,1527,6.190155,-2.311475,Pre-endocrine,0.86764306,0.0099729085,87
UMAP2,1528,5.3983464,-2.462954,Pre-endocrine,0.93369544,0.010732131,87
UMAP2,1529,3.5630403,3.3088,Beta,3.681202,0.042312667,87
UMAP2,1530,4.3083797,2.194227,Beta,0.9249463,0.010631567,87
UMAP2,1531,-9.28383,-0.28251082,Ductal,0.990926,0.011389954,87
UMAP2,1532,-8.3658495,3.0306847,Ductal,1.014184,0.011657287,87
UMAP2,1533,-2.6005366,-4.925211,Ngn3 high EP,0.98994803,0.011378713,87
UMAP2,1534,-10.242316,4.722749,Ngn3 low EP,1.0833776,0.012452616,87
UMAP2,1535,7.088114,3.674299,Alpha,0.7398144,0.008503614,87
UMAP2,1536,-8.3111515,1.7051779,Ductal,0.9979048,0.01147017,87
UMAP2,1537,-10.165576,0.5259522,Ductal,0.9731989,0.011186195,87
UMAP2,1538,-9.1108055,-1.0406399,Ductal,0.99841577,0.011476044,87
UMAP2,1539,7.839636,5.463624,Alpha,0.7717856,0.008871099,87
UMAP2,1540,6.3685956,1.9968705,Alpha,0.72812873,0.008369296,87
UMAP2,1541,1.2860285,-2.3254075,Pre-endocrine,0.93016493,0.010691551,87
UMAP2,1542,3.712604,3.3537054,Beta,2.9071805,0.03341587,87
UMAP2,1543,6.358046,4.2697806,Alpha,0.76129574,0.008750525,87
UMAP2,1544,3.7358627,-1.1109612,Pre-endocrine,0.94638014,0.010877932,87
UMAP2,1545,2.4944682,5.5279183,Beta,6.1914263,0.07116582,87
UMAP2,1546,3.98455,3.2005758,Beta,1.1598724,0.013331867,87
UMAP2,1547,7.459607,4.2995486,Alpha,0.7432944,0.008543614,87
UMAP2,1548,4.788344,2.689065,Beta,0.908882,0.01044692,87
UMAP2,1549,3.5068955,3.7355893,Beta,2.551158,0.029323654,87
UMAP2,1550,-0.91852295,-4.265094,Ngn3 high EP,1.000524,0.011500277,87
UMAP2,1551,1.6397893,-2.4329834,Pre-endocrine,0.8986102,0.010328853,87
UMAP2,1552,7.705466,4.9657974,Alpha,0.8329781,0.009574461,87
UMAP2,1553,2.9300368,4.1314855,Beta,4.1705923,0.047937844,87
UMAP2,1554,7.4786267,0.73613346,Alpha,0.8551027,0.009828767,87
UMAP2,1555,-9.807234,-0.094383456,Ductal,0.9893806,0.011372191,87
UMAP2,1556,-11.461877,5.1598625,Ductal,1.0014488,0.011510905,87
UMAP2,1557,-0.98435384,-4.8400235,Ngn3 high EP,0.9775131,0.011235783,87
UMAP2,1558,5.174951,0.68690586,Beta,0.9090754,0.010449142,87
UMAP2,1559,7.982597,3.8644943,Alpha,0.7387682,0.008491589,87
UMAP2,1560,-4.129004,-3.966647,Ngn3 high EP,1.0137795,0.011652638,87
UMAP2,1561,-0.8331479,-4.116385,Ngn3 high EP,1.0567672,0.0121467495,87
UMAP2,1562,5.372402,2.1861925,Pre-endocrine,0.76752615,0.008822139,87
UMAP2,1563,-11.620923,5.275384,Ductal,0.9527578,0.010951239,87
UMAP2,1564,8.374187,-0.94887304,Delta,0.73635995,0.008463907,87
UMAP2,1565,-12.282925,2.8920636,Ngn3 low EP,0.9681969,0.0111287,87
UMAP2,1566,-2.857373,-4.157538,Ngn3 high EP,1.0534627,0.012108767,87
UMAP2,1567,5.9133,-3.0616915,Pre-endocrine,0.8914809,0.010246907,87
UMAP2,1568,8.444833,-1.0808756,Delta,0.75125915,0.008635162,87
UMAP2,1569,-11.1289215,-0.36535716,Ductal,0.97422254,0.01119796,87
UMAP2,1570,-8.827103,1.107943,Ductal,0.9825398,0.01129356,87
UMAP2,1571,6.8820076,-1.6350801,Pre-endocrine,0.87556344,0.010063947,87
UMAP2,1572,-0.08665899,-4.2757998,Ngn3 high EP,0.9926378,0.01140963,87
UMAP2,1573,7.5447903,1.33839,Alpha,0.8625059,0.009913861,87
UMAP2,1574,7.8148103,4.935174,Alpha,0.75806856,0.008713432,87
UMAP2,1575,-1.5016658,-4.9725294,Ngn3 high EP,0.98417526,0.011312359,87
UMAP2,1576,-8.863844,0.91336983,Ductal,0.9879701,0.011355978,87
UMAP2,1577,5.3754573,-1.4029927,Pre-endocrine,0.89737606,0.010314668,87
UMAP2,1578,-11.201026,-0.43357036,Ductal,0.97810423,0.011242578,87
UMAP2,1579,6.290447,2.071325,Alpha,0.74407923,0.008552635,87
UMAP2,1580,5.7779603,0.2639963,Beta,0.917176,0.010542253,87
UMAP2,1581,-9.336302,-0.58558714,Ductal,0.9903311,0.011383116,87
UMAP2,1582,1.3757689,-4.6851215,Ngn3 high EP,0.9432454,0.010841901,87
UMAP2,1583,-9.644439,2.2596498,Ductal,0.9687942,0.011135566,87
UMAP2,1584,-9.302039,-0.3016688,Ductal,0.9869807,0.011344605,87
UMAP2,1585,5.6358743,0.9555472,Beta,0.93134624,0.010705129,87
UMAP2,1586,-9.654029,2.1054926,Ductal,0.96926725,0.011141003,87
UMAP2,1587,-8.364496,-0.95129627,Ngn3 low EP,1.0062116,0.011565651,87
UMAP2,1588,2.521214,-3.4757657,Pre-endocrine,0.93102604,0.010701449,87
UMAP2,1589,-9.313127,-0.9808408,Ngn3 low EP,0.9905532,0.011385669,87
UMAP2,1590,-2.6709824,-3.681895,Ngn3 high EP,1.0066898,0.011571147,87
UMAP2,1591,-9.400057,0.38393044,Ductal,0.9836534,0.011306361,87
UMAP2,1592,4.337008,-4.311701,Pre-endocrine,0.8055328,0.009258998,87
UMAP2,1593,2.5192404,0.72430646,Epsilon,0.94929075,0.010911388,87
UMAP2,1594,-10.789778,-0.12445809,Ngn3 low EP,0.9783107,0.011244951,87
UMAP2,1595,-7.71493,-1.5989503,Ngn3 low EP,0.9915284,0.011396878,87
UMAP2,1596,5.9015403,3.772347,Alpha,0.75994515,0.008735002,87
UMAP2,1597,-0.26077896,-4.2012944,Ngn3 high EP,0.9902625,0.011382327,87
UMAP2,1598,5.721183,1.7895288,Beta,0.9157805,0.010526213,87
UMAP2,1599,-9.842079,-1.6662208,Ngn3 low EP,1.0047171,0.011548473,87
UMAP2,1600,-0.350086,-4.1679296,Ngn3 high EP,0.9757014,0.0112149585,87
UMAP2,1601,3.8281217,4.534882,Beta,3.4731255,0.039920982,87
UMAP2,1602,9.510706,-1.2111696,Delta,0.7916311,0.009099208,87
UMAP2,1603,-8.443872,-1.2521057,Ductal,1.0065246,0.011569248,87
UMAP2,1604,7.297786,4.022376,Alpha,0.7621367,0.0087601915,87
UMAP2,1605,5.5217934,1.3756864,Beta,0.93317693,0.010726172,87
UMAP2,1606,-8.68752,3.752203,Ductal,1.0428091,0.0119863115,87
UMAP2,1607,-12.512244,3.511391,Ductal,0.98379713,0.011308013,87
UMAP2,1608,3.5854661,2.107808,Epsilon,0.84690195,0.009734505,87
UMAP2,1609,-9.535494,4.705476,Ngn3 low EP,1.154114,0.013265679,87
UMAP2,1610,4.45999,4.481878,Beta,2.1156807,0.02431817,87
UMAP2,1611,-0.014928535,-4.848887,Ngn3 high EP,0.94588995,0.010872298,87
UMAP2,1612,4.406884,4.1091976,Beta,1.6642854,0.019129718,87
UMAP2,1613,-9.749293,2.8102176,Ductal,0.97701496,0.011230057,87
UMAP2,1614,6.2797527,2.7000544,Beta,0.8083236,0.009291076,87
UMAP2,1615,2.7514336,5.1688385,Beta,5.888575,0.06768477,87
UMAP2,1616,6.099193,1.6926821,Alpha,0.76795393,0.008827057,87
UMAP2,1617,1.5913596,-3.9727123,Ngn3 high EP,0.9259646,0.010643271,87
UMAP2,1618,5.58538,-1.7928405,Pre-endocrine,0.9068361,0.010423403,87
UMAP2,1619,4.9752636,2.0354736,Beta,0.889566,0.0102248965,87
UMAP2,1620,5.825713,-0.78807575,Pre-endocrine,0.9596381,0.011030323,87
UMAP2,1621,5.4108243,1.5300417,Beta,0.94392306,0.01084969,87
UMAP2,1622,5.7126184,4.352421,Alpha,0.8280598,0.009517929,87
UMAP2,1623,-4.058565,-3.0608368,Ngn3 high EP,1.0955201,0.012592185,87
UMAP2,1624,7.920517,4.7464867,Alpha,0.7585044,0.008718441,87
UMAP2,1625,-10.927354,6.2198343,Ductal,1.070997,0.01231031,87
UMAP2,1626,-1.2716066,-4.0048466,Ngn3 high EP,0.99696934,0.011459418,87
UMAP2,1627,-12.412349,3.471774,Ductal,0.98440355,0.0113149835,87
UMAP2,1628,-9.132864,-1.5808467,Ductal,1.0138066,0.011652949,87
UMAP2,1629,1.1802721,-4.8321905,Pre-endocrine,1.0230432,0.011759116,87
UMAP2,1630,-0.8042754,-4.0896683,Ngn3 high EP,0.98985547,0.011377649,87
UMAP2,1631,7.517089,4.0157375,Alpha,0.7484542,0.008602922,87
UMAP2,1632,8.054764,4.6194077,Alpha,0.750253,0.008623598,87
UMAP2,1633,5.2746477,3.12272,Beta,0.92179495,0.010595344,87
UMAP2,1634,-1.2551827,-3.8981345,Ngn3 high EP,0.9882318,0.011358986,87
UMAP2,1635,-4.181443,-4.0013866,Ngn3 high EP,1.0287932,0.0118252095,87
UMAP2,1636,4.4830055,5.1021976,Beta,1.8386147,0.021133503,87
UMAP2,1637,-8.032653,-1.5666034,Ngn3 low EP,0.993638,0.011421126,87
UMAP2,1638,8.480144,3.8499582,Alpha,0.73162866,0.008409524,87
UMAP2,1639,-4.180438,-3.8270614,Ngn3 high EP,1.0497465,0.012066052,87
UMAP2,1640,-12.167145,3.5488935,Ductal,1.0056467,0.011559158,87
UMAP2,1641,7.0083685,2.4146805,Alpha,0.75898993,0.008724022,87
UMAP2,1642,-10.533242,4.9515276,Ductal,1.0374978,0.0119252615,87
UMAP2,1643,5.707879,1.2874848,Beta,0.8331697,0.009576663,87
UMAP2,1644,7.672118,0.1585365,Alpha,0.85521865,0.0098300995,87
UMAP2,1645,5.4762416,-0.5631058,Pre-endocrine,0.96486795,0.011090436,87
UMAP2,1646,6.9907923,2.3354254,Alpha,0.7828401,0.008998162,87
UMAP2,1647,-10.48085,-0.6005157,Ductal,0.9864559,0.011338574,87
UMAP2,1648,4.202369,-0.80227727,Pre-endocrine,0.90454763,0.010397099,87
UMAP2,1649,-0.60090667,-4.761734,Ngn3 high EP,0.97001815,0.011149634,87
UMAP2,1650,-12.061886,4.5840697,Ductal,0.9775038,0.011235676,87
UMAP2,1651,-11.258106,-0.078872666,Ductal,0.97163415,0.011168209,87
UMAP2,1652,-9.974892,0.31134292,Ductal,0.9827453,0.011295923,87
UMAP2,1653,-11.701939,1.6338489,Ductal,0.97518444,0.011209017,87
UMAP2,1654,5.4053574,1.7818183,Beta,0.91665435,0.010536257,87
UMAP2,1655,4.0170674,-4.0147038,Pre-endocrine,0.8668703,0.0099640265,87
UMAP2,1656,-3.061698,-4.30277,Ngn3 high EP,1.0649772,0.012241117,87
UMAP2,1657,-9.796348,-0.044959486,Ductal,0.98179996,0.011285057,87
UMAP2,1658,-6.7044535,-1.1548195,Ngn3 high EP,1.020909,0.011734585,87
UMAP2,1659,0.87163305,-4.125993,Ngn3 high EP,0.9763425,0.011222327,87
UMAP2,1660,2.2041802,6.203187,Beta,5.820154,0.06689832,87
UMAP2,1661,6.441229,0.69487983,Alpha,0.7991386,0.009185501,87
UMAP2,1662,-1.9586012,-3.7404828,Ngn3 high EP,1.0056129,0.011558768,87
UMAP2,1663,-10.24121,-1.0658324,Ductal,0.99110967,0.011392065,87
UMAP2,1664,8.246027,4.6631403,Alpha,0.7633276,0.00877388,87
UMAP2,1665,-8.425811,3.9189563,Ductal,1.0819775,0.012436523,87
UMAP2,1666,0.39088768,-4.778192,Ngn3 high EP,0.930719,0.01069792,87
UMAP2,1667,-9.407606,0.5025396,Ductal,0.98919,0.0113699995,87
UMAP2,1668,3.1258738,5.95054,Beta,6.8110065,0.07828743,87
UMAP2,1669,6.00396,-2.537013,Pre-endocrine,0.86158156,0.009903236,87
UMAP2,1670,6.314982,-2.423928,Pre-endocrine,0.8605256,0.009891099,87
UMAP2,1671,-9.074364,-0.14480597,Ductal,0.9889483,0.011367221,87
UMAP2,1672,5.609019,-2.5149217,Pre-endocrine,0.893619,0.010271483,87
UMAP2,1673,-8.771362,-0.5988657,Ngn3 low EP,0.9963417,0.011452204,87
UMAP2,1674,-8.141506,-0.5323875,Ngn3 low EP,1.0020065,0.011517316,87
UMAP2,1675,6.418415,0.2667555,Pre-endocrine,0.93808544,0.010782591,87
UMAP2,1676,7.9448943,3.997374,Alpha,0.7402923,0.008509107,87
UMAP2,1677,5.190838,-2.732,Pre-endocrine,0.9437968,0.010848239,87
UMAP2,1678,7.629248,2.6859207,Alpha,0.7249753,0.00833305,87
UMAP2,1679,3.7864738,4.978775,Beta,4.1173115,0.04732542,87
UMAP2,1680,6.1137757,-0.4063657,Pre-endocrine,0.9302307,0.010692307,87
UMAP2,1681,-11.645493,4.789607,Ductal,0.9593494,0.011027005,87
UMAP2,1682,7.9639254,3.9321954,Alpha,0.7503109,0.008624263,87
UMAP2,1683,-9.996091,1.8453163,Ductal,0.9692316,0.011140593,87
UMAP2,1684,7.9007783,3.6052713,Alpha,0.7414642,0.008522577,87
UMAP2,1685,-3.7914634,-3.7767992,Ngn3 high EP,1.0753276,0.012360088,87
UMAP2,1686,-5.520585,-3.134231,Ngn3 high EP,1.0065471,0.0115695065,87
UMAP2,1687,-2.2763932,-4.776951,Ngn3 high EP,0.99773765,0.011468248,87
UMAP2,1688,-9.158761,-1.1162553,Ngn3 low EP,0.9930937,0.011414871,87
UMAP2,1689,7.8798637,1.6754721,Alpha,0.80261135,0.009225418,87
UMAP2,1690,-0.6734203,-5.18245,Ngn3 high EP,0.9701431,0.01115107,87
UMAP2,1691,2.4616408,4.7719293,Beta,5.946617,0.068351924,87
UMAP2,1692,7.5002303,4.6012235,Alpha,0.78341985,0.009004826,87
UMAP2,1693,-2.3765306,-4.698466,Ngn3 high EP,1.0062811,0.01156645,87
UMAP2,1694,2.3070147,1.3741671,Epsilon,0.9707019,0.011157493,87
UMAP2,1695,-7.9867644,-1.7871248,Ngn3 low EP,0.98913115,0.011369323,87
UMAP2,1696,5.974776,-3.2198339,Pre-endocrine,0.87389505,0.01004477,87
UMAP2,1697,-9.138396,-0.3651811,Ductal,0.9898126,0.011377157,87
UMAP2,1698,-5.160703,-2.328704,Ngn3 high EP,1.0307765,0.0118480055,87
UMAP2,1699,1.8027859,5.4718447,Beta,5.67866,0.06527195,87
UMAP2,1700,-9.990993,4.98495,Ductal,1.1194489,0.012867229,87
UMAP2,1701,-9.724804,3.0354285,Ductal,0.97766376,0.011237514,87
UMAP2,1702,-10.599279,6.261941,Ductal,1.0549524,0.01212589,87
UMAP2,1703,-10.985338,0.401943,Ductal,0.9732766,0.011187088,87
UMAP2,1704,-2.756714,-3.9511497,Ngn3 high EP,1.0073216,0.011578409,87
UMAP2,1705,4.244553,-3.314083,Pre-endocrine,0.9320489,0.010713206,87
UMAP2,1706,6.0461464,-0.6762191,Pre-endocrine,0.84160703,0.009673644,87
UMAP2,1707,-1.459245,-4.059452,Ngn3 high EP,0.98396176,0.011309905,87
UMAP2,1708,-10.343651,2.1198628,Ductal,0.96809316,0.011127507,87
UMAP2,1709,5.171977,-3.4135506,Pre-endocrine,0.91370416,0.010502347,87
UMAP2,1710,-9.644769,0.25073728,Ductal,0.97668064,0.0112262145,87
UMAP2,1711,-10.931357,0.9076065,Ductal,0.96101534,0.0110461535,87
UMAP2,1712,-8.833608,2.2462506,Ductal,0.9882407,0.011359089,87
UMAP2,1713,-9.429216,2.6340365,Ductal,0.9821167,0.011288698,87
UMAP2,1714,4.2907195,-0.3896783,Pre-endocrine,0.93176293,0.010709919,87
UMAP2,1715,0.3293591,-3.7878184,Pre-endocrine,0.9778768,0.011239963,87
UMAP2,1716,3.779474,0.7175197,Pre-endocrine,0.86692476,0.009964652,87
UMAP2,1717,4.2313213,3.5484276,Beta,1.1320904,0.013012534,87
UMAP2,1718,7.9455624,2.2126827,Alpha,0.77191985,0.008872642,87
UMAP2,1719,-5.67777,-2.249819,Ngn3 high EP,1.0141066,0.011656398,87
UMAP2,1720,-10.562198,-1.1869237,Ngn3 low EP,0.9865738,0.011339929,87
UMAP2,1721,4.493607,-0.6535565,Pre-endocrine,0.8899128,0.010228883,87
UMAP2,1722,1.0044854,-4.0431933,Ngn3 high EP,0.956969,0.010999644,87
UMAP2,1723,-11.690418,5.026906,Ductal,0.95531094,0.010980586,87
UMAP2,1724,-11.857227,2.1120193,Ductal,0.97507256,0.0112077305,87
UMAP2,1725,4.0320134,4.173755,Beta,1.8885871,0.021707898,87
UMAP2,1726,6.059252,-2.9607508,Pre-endocrine,0.8871897,0.010197583,87
UMAP2,1727,-6.3757277,-2.2059872,Ngn3 high EP,0.99607164,0.0114490995,87
UMAP2,1728,-6.5523148,-1.7459888,Ngn3 high EP,1.0083627,0.011590376,87
UMAP2,1729,7.7201967,1.4085454,Alpha,0.8554589,0.009832861,87
UMAP2,1730,-9.609393,5.0435247,Ductal,1.1487097,0.013203559,87
UMAP2,1731,4.6295843,2.0094073,Beta,0.91630113,0.010532197,87
UMAP2,1732,-11.781315,4.821253,Ductal,0.9633015,0.011072431,87
UMAP2,1733,-9.476414,3.2772627,Ductal,0.9874475,0.011349971,87
UMAP2,1734,-9.237828,0.108329736,Ductal,0.99074006,0.011387817,87
UMAP2,1735,-10.35577,6.0590878,Ductal,1.0970198,0.012609423,87
UMAP2,1736,-11.271993,0.43368283,Ductal,0.9707519,0.011158068,87
UMAP2,1737,-10.408468,-0.73236287,Ductal,0.97472095,0.0112036895,87
UMAP2,1738,4.0735025,2.7851555,Beta,0.92464894,0.010628149,87
UMAP2,1739,-9.0490265,1.1318998,Ductal,0.9807107,0.011272537,87
UMAP2,1740,-10.461375,-0.043587722,Ductal,0.9791108,0.011254147,87
UMAP2,1741,-3.1020286,-3.8225627,Ngn3 high EP,1.0283093,0.011819648,87
UMAP2,1742,3.7894838,2.7843351,Beta,2.5030227,0.028770376,87
UMAP2,1743,2.7265286,-3.997956,Pre-endocrine,0.9368113,0.010767946,87
UMAP2,1744,4.308072,4.849743,Beta,3.2358227,0.037193365,87
UMAP2,1745,4.0457425,5.2650084,Beta,4.6719804,0.053700924,87
UMAP2,1746,8.672801,-1.4008393,Delta,0.7689445,0.008838442,87
UMAP2,1747,5.1643634,1.0123246,Beta,0.9022419,0.010370596,87
UMAP2,1748,-0.74843067,-4.015075,Ngn3 high EP,0.9946066,0.01143226,87
UMAP2,1749,5.4363227,-1.2998726,Pre-endocrine,0.986521,0.011339322,87
UMAP2,1750,-10.395778,-0.5005383,Ductal,0.9735321,0.011190024,87
UMAP2,1751,-6.1681433,-2.6208625,Ngn3 high EP,0.99722594,0.011462367,87
UMAP2,1752,5.699672,2.4385824,Beta,0.8500329,0.009770493,87
UMAP2,1753,-6.7576895,-2.504435,Ngn3 high EP,0.9866239,0.0113405045,87
UMAP2,1754,-9.647767,0.23569125,Ductal,0.98223835,0.011290096,87
UMAP2,1755,-9.635847,-0.70799893,Ductal,0.98982704,0.0113773225,87
UMAP2,1756,-10.74946,5.8750634,Ductal,1.0499535,0.012068431,87
UMAP2,1757,-10.276818,-1.8020297,Ngn3 low EP,1.001607,0.011512724,87
UMAP2,1758,-10.829382,0.75621104,Ductal,0.97262096,0.0111795515,87
UMAP2,1759,3.668789,4.837645,Beta,3.7390635,0.042977743,87
UMAP2,1760,5.918519,-1.4108787,Pre-endocrine,0.858781,0.009871046,87
UMAP2,1761,-10.08566,5.516794,Ductal,1.056879,0.012148035,87
UMAP2,1762,5.995211,3.8536663,Alpha,0.7744076,0.0089012375,87
UMAP2,1763,2.7198281,5.657067,Beta,6.3518133,0.07300935,87
UMAP2,1764,5.9222555,-1.9152821,Pre-endocrine,0.8606926,0.009893019,87
UMAP2,1765,6.082773,-0.6924548,Pre-endocrine,0.87438333,0.010050383,87
UMAP2,1766,-9.734891,-0.66991836,Ductal,0.99150205,0.011396575,87
UMAP2,1767,5.8397646,-0.9195707,Pre-endocrine,0.9264103,0.010648394,87
UMAP2,1768,7.6143637,-1.0500697,Delta,0.73110664,0.008403525,87
UMAP2,1769,6.164463,-1.2361996,Pre-endocrine,0.85175174,0.00979025,87
UMAP2,1770,4.126834,2.669382,Beta,1.0373249,0.011923275,87
UMAP2,1771,8.219823,-1.1145785,Delta,0.7361602,0.008461611,87
UMAP2,1772,6.212419,-2.0578153,Pre-endocrine,0.8647531,0.009939691,87
UMAP2,1773,-1.6624818,-5.2310743,Ngn3 high EP,1.0284798,0.011821607,87
UMAP2,1774,-5.602018,-2.5051117,Ngn3 high EP,1.0084932,0.011591876,87
UMAP2,1775,7.248331,-0.5036319,Alpha,0.8059453,0.009263739,87
UMAP2,1776,-10.50657,-1.1892858,Ductal,0.9901368,0.011380883,87
UMAP2,1777,5.2693353,1.8225579,Beta,0.95780563,0.01100926,87
UMAP2,1778,6.890921,0.77318275,Alpha,0.8728565,0.010032834,87
UMAP2,1779,-4.9331026,-2.7556007,Ngn3 high EP,1.0214146,0.011740399,87
UMAP2,1780,7.751034,2.7835464,Alpha,0.73531646,0.0084519135,87
UMAP2,1781,-10.501734,0.62853795,Ngn3 low EP,0.9758161,0.011216276,87
UMAP2,1782,2.951215,0.6289743,Epsilon,0.93909204,0.010794162,87
UMAP2,1783,-10.363971,4.942047,Ductal,1.1097839,0.012756136,87
UMAP2,1784,5.5035024,-1.93394,Pre-endocrine,0.94089967,0.010814939,87
UMAP2,1785,-6.8587904,-2.1724188,Ngn3 high EP,0.99003184,0.011379676,87
UMAP2,1786,-2.8502305,-4.665241,Ngn3 high EP,1.0100446,0.011609708,87
UMAP2,1787,6.2981257,2.80521,Alpha,0.75598884,0.0086895265,87
UMAP2,1788,1.3863962,-1.6848811,Pre-endocrine,0.91576767,0.010526065,87
UMAP2,1789,5.5995836,-3.331828,Pre-endocrine,0.8793918,0.010107951,87
UMAP2,1790,-1.2707219,-4.777946,Ngn3 high EP,0.9947924,0.011434396,87
UMAP2,1791,4.5833106,1.8882042,Beta,0.93682414,0.010768093,87
UMAP2,1792,-10.051534,1.5761957,Ductal,0.9719306,0.011171617,87
UMAP2,1793,5.728852,3.5708745,Beta,0.845116,0.009713978,87
UMAP2,1794,4.353581,3.7444315,Beta,1.1381155,0.013081788,87
UMAP2,1795,-4.074361,-3.392225,Ngn3 high EP,1.0437558,0.011997193,87
UMAP2,1796,3.0930617,1.9031821,Epsilon,0.8850811,0.010173346,87
UMAP2,1797,4.649284,0.9025038,Pre-endocrine,0.8519737,0.009792801,87
UMAP2,1798,-11.694049,3.9700954,Ngn3 low EP,0.9935916,0.011420594,87
UMAP2,1799,-10.013877,-0.33051887,Ductal,0.98124063,0.011278628,87
UMAP2,1800,6.597371,1.455273,Alpha,0.8186076,0.009409283,87
UMAP2,1801,-9.3361225,1.3718536,Ductal,0.97945696,0.011258126,87
UMAP2,1802,7.6532574,0.6720778,Alpha,0.8898579,0.010228252,87
UMAP2,1803,8.560468,4.773777,Alpha,0.75984955,0.008733903,87
UMAP2,1804,4.175913,-0.6011048,Pre-endocrine,0.89275706,0.010261576,87
UMAP2,1805,6.7024283,3.2342734,Alpha,0.7237521,0.00831899,87
UMAP2,1806,2.9909732,0.506341,Epsilon,0.9284216,0.010671513,87
UMAP2,1807,-10.03126,0.21987501,Ductal,0.98510146,0.011323005,87
UMAP2,1808,7.691665,5.2946467,Alpha,0.81865555,0.009409834,87
UMAP2,1809,3.9870954,-0.39264065,Pre-endocrine,0.92872477,0.010674997,87
UMAP2,1810,3.2079885,5.785996,Beta,6.3955297,0.07351184,87
UMAP2,1811,0.9617992,-4.645154,Ngn3 high EP,0.9837697,0.011307698,87
UMAP2,1812,-10.869031,-0.9704363,Ductal,0.9852649,0.011324883,87
UMAP2,1813,-9.412014,5.350993,Ngn3 low EP,1.1346262,0.01304168,87
UMAP2,1814,-10.107629,0.49394035,Ductal,0.9751984,0.011209177,87
UMAP2,1815,-6.3820276,-1.999,Ngn3 high EP,1.0087309,0.0115946075,87
UMAP2,1816,-2.4804287,-4.3813925,Ngn3 high EP,1.0324593,0.011867348,87
UMAP2,1817,7.398934,1.7117815,Alpha,0.81157506,0.009328449,87
UMAP2,1818,3.9593372,-3.6949039,Pre-endocrine,0.88381034,0.01015874,87
UMAP2,1819,5.0599275,-3.632994,Pre-endocrine,0.91786313,0.010550151,87
UMAP2,1820,-5.020849,-3.0213835,Ngn3 high EP,1.0227326,0.0117555475,87
UMAP2,1821,6.4325714,-0.47223794,Pre-endocrine,0.8665328,0.009960148,87
UMAP2,1822,-2.0613103,-4.67574,Ngn3 high EP,1.0042045,0.011542581,87
UMAP2,1823,-11.682782,4.8512044,Ductal,0.9646758,0.011088228,87
UMAP2,1824,-11.3853245,-0.17449872,Ductal,0.9743999,0.011199999,87
UMAP2,1825,2.02354,6.009814,Beta,5.6830626,0.065322556,87
UMAP2,1826,5.924599,-1.2933484,Pre-endocrine,0.8550921,0.009828645,87
UMAP2,1827,7.7491617,2.6856964,Alpha,0.7168027,0.008239112,87
UMAP2,1828,-9.847562,-1.119726,Ngn3 low EP,0.9927739,0.011411194,87
UMAP2,1829,-12.140347,1.6033266,Ductal,0.96464854,0.011087914,87
UMAP2,1830,7.393262,0.32696617,Alpha,0.862141,0.009909667,87
UMAP2,1831,-2.2127266,-3.8663633,Ngn3 high EP,1.0225419,0.011753355,87
UMAP2,1832,-1.757137,-3.7168572,Ngn3 high EP,0.99327475,0.011416951,87
UMAP2,1833,-9.710245,0.9583108,Ductal,0.97150004,0.011166668,87
UMAP2,1834,8.223058,5.320813,Alpha,0.77948844,0.008959637,87
UMAP2,1835,7.650046,-0.056889802,Alpha,0.807847,0.009285598,87
UMAP2,1836,-10.2162485,-1.5724071,Ngn3 low EP,0.9929098,0.0114127565,87
UMAP2,1837,4.54232,3.208017,Beta,0.923828,0.010618713,87
UMAP2,1838,9.499692,-1.1476548,Delta,0.7919514,0.00910289,87
UMAP2,1839,1.7896659,-0.05262358,Epsilon,0.93203866,0.010713088,87
UMAP2,1840,4.7962885,-3.0231996,Pre-endocrine,0.9283402,0.010670577,87
UMAP2,1841,-1.186011,-4.9798083,Ngn3 high EP,0.9839021,0.0113092195,87
UMAP2,1842,-3.5266242,-4.05187,Ngn3 high EP,1.0699838,0.012298665,87
UMAP2,1843,-8.010988,3.048708,Ductal,1.0358359,0.011906159,87
UMAP2,1844,-11.465613,5.445051,Ductal,0.97781754,0.011239282,87
UMAP2,1845,-9.679585,1.5625602,Ductal,0.9695716,0.011144501,87
UMAP2,1846,-2.7438035,-4.0467386,Ngn3 high EP,0.9974482,0.011464922,87
UMAP2,1847,-10.6781645,4.9839106,Ductal,1.0281183,0.011817452,87
UMAP2,1848,4.3510528,-3.189437,Pre-endocrine,0.91043454,0.010464765,87
UMAP2,1849,3.486062,-3.7300131,Pre-endocrine,0.8979942,0.010321773,87
UMAP2,1850,7.6511297,4.1281776,Alpha,0.72282803,0.008308368,87
UMAP2,1851,-11.434648,4.97831,Ductal,0.96692663,0.011114099,87
UMAP2,1852,4.587042,3.6973178,Beta,0.91612244,0.010530143,87
UMAP2,1853,0.3624228,-4.9801393,Ngn3 high EP,0.954582,0.0109722065,87
UMAP2,1854,4.369149,3.0312588,Beta,1.0520442,0.012092462,87
UMAP2,1855,2.3910143,0.90293604,Epsilon,0.9644892,0.011086083,87
UMAP2,1856,5.8902197,-1.3323042,Pre-endocrine,0.9080736,0.010437627,87
UMAP2,1857,2.7060351,5.146825,Beta,5.8524513,0.067269556,87
UMAP2,1858,-9.871016,2.132987,Ductal,0.9619441,0.011056828,87
UMAP2,1859,-9.337566,4.3810806,Ngn3 low EP,1.1329086,0.013021938,87
UMAP2,1860,-9.8529825,5.324762,Ductal,1.146869,0.013182402,87
UMAP2,1861,3.355071,-3.5104373,Pre-endocrine,0.9114946,0.01047695,87
UMAP2,1862,-9.54447,0.6627425,Ductal,0.98284125,0.011297026,87
UMAP2,1863,-10.815633,6.0697393,Ductal,1.0513694,0.012084706,87
UMAP2,1864,-8.932976,-0.57839274,Ductal,0.99276906,0.011411139,87
UMAP2,1865,-8.794902,1.2414527,Ductal,0.98989546,0.0113781085,87
UMAP2,1866,7.9142146,4.701291,Alpha,0.7469324,0.00858543,87
UMAP2,1867,3.746784,-3.9390483,Pre-endocrine,0.8727969,0.010032148,87
UMAP2,1868,8.155316,4.9890227,Alpha,0.76629466,0.008807984,87
UMAP2,1869,6.9033747,1.5066776,Alpha,0.78107345,0.008977856,87
UMAP2,1870,-11.303763,0.31124964,Ductal,0.9795837,0.011259583,87
UMAP2,1871,-10.637715,0.04047591,Ductal,0.9771155,0.011231213,87
UMAP2,1872,-10.090042,3.6569433,Ductal,0.95929873,0.0110264225,87
UMAP2,1873,3.4992304,1.6356084,Epsilon,0.8927319,0.010261286,87
UMAP2,1874,5.208779,1.0002011,Beta,0.896796,0.010308,87
UMAP2,1875,-10.785818,-1.3001167,Ductal,0.9893758,0.011372136,87
UMAP2,1876,6.0236726,1.9043784,Alpha,0.78078604,0.008974552,87
UMAP2,1877,-0.44241607,-5.0732436,Ngn3 high EP,0.9750197,0.011207123,87
UMAP2,1878,3.7532945,-4.5839596,Pre-endocrine,0.83952266,0.009649686,87
UMAP2,1879,-12.150494,2.9719205,Ductal,0.98016894,0.01126631,87
UMAP2,1880,-10.99386,-0.23362543,Ngn3 low EP,0.96851397,0.011132345,87
UMAP2,1881,-11.151186,0.22745156,Ductal,0.9806137,0.011271422,87
UMAP2,1882,5.490734,-3.4325933,Pre-endocrine,0.8813798,0.010130802,87
UMAP2,1883,3.6841571,-0.82810205,Pre-endocrine,0.9595834,0.011029694,87
UMAP2,1884,5.3772163,1.7155409,Alpha,0.7586853,0.008720521,87
UMAP2,1885,8.359296,4.79105,Alpha,0.7659471,0.00880399,87
UMAP2,1886,8.812473,-1.3052939,Delta,0.7396323,0.00850152,87
UMAP2,1887,-10.879517,3.6934624,Ductal,0.96182674,0.01105548,87
UMAP2,1888,-10.118356,1.9908435,Ductal,0.96264213,0.011064852,87
UMAP2,1889,-4.619057,-3.6241827,Ngn3 high EP,1.0399296,0.011953214,87
UMAP2,1890,-0.03248334,-4.31165,Ngn3 high EP,1.0059072,0.011562152,87
UMAP2,1891,4.316274,4.0603156,Beta,1.6845165,0.01936226,87
UMAP2,1892,3.318854,2.584695,Epsilon,0.8072293,0.009278498,87
UMAP2,1893,5.920717,-2.057084,Pre-endocrine,0.8897443,0.010226945,87
UMAP2,1894,3.5306568,1.9143673,Epsilon,0.84011304,0.009656472,87
UMAP2,1895,-12.227441,3.2681742,Ductal,0.97375745,0.011192614,87
UMAP2,1896,-9.636179,0.1572844,Ductal,0.9901757,0.01138133,87
UMAP2,1897,-10.526302,0.3864726,Ductal,0.97921777,0.011255377,87
UMAP2,1898,-12.252572,1.9115824,Ductal,0.97182214,0.01117037,87
UMAP2,1899,-10.935328,3.6661413,Ductal,0.96344644,0.011074097,87
UMAP2,1900,2.5298393,6.1878333,Beta,6.1023273,0.070141695,87
UMAP2,1901,-1.2603792,-4.5408826,Ngn3 high EP,0.9868628,0.01134325,87
UMAP2,1902,5.737583,-2.8623707,Pre-endocrine,0.88590896,0.010182861,87
UMAP2,1903,6.8561797,3.7202704,Alpha,0.7511132,0.008633485,87
UMAP2,1904,1.4647124,-3.9824724,Ngn3 high EP,0.9329652,0.010723738,87
UMAP2,1905,7.6897717,3.476968,Alpha,0.7467089,0.008582861,87
UMAP2,1906,5.439929,-0.41181612,Pre-endocrine,0.9105375,0.010465948,87
UMAP2,1907,-6.1676884,-2.9895885,Ngn3 high EP,0.99014664,0.011380996,87
UMAP2,1908,-10.988695,0.12952794,Ductal,0.97653586,0.01122455,87
UMAP2,1909,5.420435,-2.225737,Pre-endocrine,0.9130955,0.010495351,87
UMAP2,1910,5.301779,-1.5814396,Pre-endocrine,0.9265685,0.010650213,87
UMAP2,1911,-2.7932508,-4.528922,Ngn3 high EP,1.0203241,0.011727863,87
UMAP2,1912,4.7972865,2.455233,Beta,0.889269,0.010221482,87
UMAP2,1913,-11.103504,-0.77250755,Ductal,0.98832667,0.011360076,87
UMAP2,1914,5.765782,3.1849284,Beta,0.7916709,0.009099666,87
UMAP2,1915,-9.415957,-1.0355687,Ductal,0.99409497,0.011426379,87
UMAP2,1916,-8.51735,-1.5854436,Ngn3 low EP,0.98579603,0.011330989,87
UMAP2,1917,-11.14261,-0.24444443,Ductal,0.98159957,0.011282754,87
UMAP2,1918,6.3421283,-0.47498092,Pre-endocrine,0.8407373,0.009663647,87
UMAP2,1919,-6.9267297,-1.77812,Ngn3 high EP,1.0003294,0.011498039,87
UMAP2,1920,-12.086117,3.3791444,Ngn3 low EP,0.9839515,0.011309788,87
UMAP2,1921,5.614148,-3.1789596,Pre-endocrine,0.9795163,0.011258808,87
UMAP2,1922,-11.280589,1.3074878,Ductal,0.9840189,0.0113105625,87
UMAP2,1923,-6.2904725,-3.035638,Ngn3 high EP,0.99371886,0.011422056,87
UMAP2,1924,5.330812,0.7109954,Beta,0.9263095,0.010647236,87
UMAP2,1925,-11.248041,5.600662,Ductal,0.99779207,0.011468874,87
UMAP2,1926,6.6372724,0.5262673,Alpha,0.8230767,0.009460652,87
UMAP2,1927,-9.489105,2.3487442,Ductal,0.9751643,0.011208785,87
UMAP2,1928,-9.798174,-1.4032321,Ngn3 low EP,1.0036736,0.011536478,87
UMAP2,1929,-5.620544,-3.1874208,Ngn3 high EP,1.0052233,0.011554291,87
UMAP2,1930,-9.941251,-0.08735156,Ductal,0.98044443,0.011269476,87
UMAP2,1931,8.317636,-0.91614085,Delta,0.76126254,0.008750144,87
UMAP2,1932,-1.419037,-4.665893,Ngn3 high EP,0.99593437,0.011447522,87
UMAP2,1933,7.4692917,3.4494495,Alpha,0.75925887,0.008727114,87
UMAP2,1934,-10.5183325,1.0182455,Ductal,0.9637792,0.011077922,87
UMAP2,1935,-8.354246,3.4562478,Ductal,1.0548829,0.012125091,87
UMAP2,1936,5.288625,-0.8383782,Pre-endocrine,0.87240386,0.01002763,87
UMAP2,1937,4.254513,1.250765,Pre-endocrine,0.8024827,0.009223939,87
UMAP2,1938,8.791363,-1.1437455,Delta,0.7349254,0.008447418,87
UMAP2,1939,5.2317886,0.83437407,Beta,0.9503912,0.010924037,87
UMAP2,1940,6.7870803,4.9859095,Alpha,0.8049591,0.009252404,87
UMAP2,1941,3.0936885,2.0558426,Epsilon,0.88039,0.010119425,87
UMAP2,1942,-9.869989,5.1478806,Ductal,1.1055559,0.012707539,87
UMAP2,1943,-11.025,-0.5960285,Ductal,0.97327197,0.011187034,87
UMAP2,1944,5.947137,-2.3544145,Pre-endocrine,0.86181974,0.009905974,87
UMAP2,1945,-9.7076025,-0.5169865,Ductal,0.986943,0.011344172,87
UMAP2,1946,-10.322852,-0.95059264,Ductal,0.98783845,0.011354465,87
UMAP2,1947,-1.5567883,-3.913949,Ngn3 high EP,1.0043406,0.011544146,87
UMAP2,1948,3.3844535,4.0277553,Beta,3.8977265,0.044801455,87
UMAP2,1949,3.8696585,5.443918,Beta,4.2108746,0.048400857,87
UMAP2,1950,-11.732227,3.5300858,Ductal,0.98740554,0.011349489,87
UMAP2,1951,5.267513,-0.94468427,Pre-endocrine,0.917828,0.010549747,87
UMAP2,1952,1.1286465,-4.8098817,Ngn3 high EP,0.92573273,0.010640606,87
UMAP2,1953,-8.605144,0.31562433,Ngn3 low EP,0.9913632,0.011394979,87
UMAP2,1954,-8.829329,2.5839047,Ductal,0.9990649,0.011483504,87
UMAP2,1955,-10.846723,-0.79797786,Ductal,0.9787588,0.011250101,87
UMAP2,1956,5.191534,1.1294637,Beta,0.9518353,0.010940636,87
UMAP2,1957,2.41761,6.553197,Beta,5.883758,0.067629404,87
UMAP2,1958,-9.2423525,-0.82324183,Ngn3 low EP,0.9927058,0.011410411,87
UMAP2,1959,3.0506353,4.242124,Beta,4.3550014,0.05005749,87
UMAP2,1960,-9.080266,0.5961114,Ngn3 low EP,0.99818486,0.011473389,87
UMAP2,1961,7.4974327,2.3608267,Alpha,0.7234764,0.008315821,87
UMAP2,1962,4.8005896,2.0242114,Beta,0.91764486,0.010547642,87
UMAP2,1963,-2.0041454,-4.541246,Ngn3 high EP,1.0027064,0.011525361,87
UMAP2,1964,-8.253857,2.422035,Ngn3 low EP,1.0106891,0.011617117,87
UMAP2,1965,-10.688571,-1.6281644,Ductal,0.99659944,0.011455166,87
UMAP2,1966,7.848562,3.9014993,Alpha,0.73465884,0.008444355,87
UMAP2,1967,-5.539701,-2.077304,Ngn3 high EP,1.0309646,0.011850168,87
UMAP2,1968,-9.354167,1.1208234,Ductal,0.9816377,0.011283192,87
UMAP2,1969,-9.683513,2.4058075,Ductal,0.96876264,0.011135203,87
UMAP2,1970,7.19021,2.843738,Alpha,0.7659346,0.008803845,87
UMAP2,1971,5.850399,3.6130176,Beta,0.85124755,0.0097844545,87
UMAP2,1972,5.90428,0.2748965,Beta,0.9237778,0.010618136,87
UMAP2,1973,1.1786683,-4.2741885,Ngn3 high EP,0.9871311,0.011346335,87
UMAP2,1974,5.49951,-0.9525686,Pre-endocrine,0.9501623,0.010921406,87
UMAP2,1975,-11.155008,1.9892995,Ductal,0.9711385,0.011162511,87
UMAP2,1976,-0.96825224,-4.2203765,Ngn3 high EP,0.9797628,0.011261641,87
UMAP2,1977,-8.306859,-1.0993218,Ngn3 low EP,0.98899883,0.0113678025,87
UMAP2,1978,-10.459954,0.29344353,Ductal,0.971186,0.011163057,87
UMAP2,1979,6.9808793,-1.1768324,Pre-endocrine,0.8252622,0.009485772,87
UMAP2,1980,-5.3465075,-3.6029081,Ngn3 high EP,1.010682,0.011617035,87
UMAP2,1981,7.1474204,-0.160702,Alpha,0.82897943,0.009528499,87
UMAP2,1982,6.982049,4.445933,Alpha,0.7792976,0.008957444,87
UMAP2,1983,5.2435746,-0.37434193,Beta,0.91388226,0.010504394,87
UMAP2,1984,4.8971176,1.400504,Beta,0.936799,0.010767804,87
UMAP2,1985,-10.911221,0.83004963,Ductal,0.9662632,0.011106473,87
UMAP2,1986,-9.219648,4.314206,Ngn3 low EP,1.0555631,0.012132909,87
UMAP2,1987,4.5789094,-4.052991,Pre-endocrine,0.85821617,0.009864554,87
UMAP2,1988,5.4122205,1.232137,Beta,0.90063775,0.010352158,87
UMAP2,1989,4.7649007,0.17571448,Pre-endocrine,0.88993144,0.010229097,87
UMAP2,1990,7.470536,2.6615834,Alpha,0.77080476,0.008859825,87
UMAP2,1991,5.6811495,1.0882682,Beta,0.91256565,0.010489261,87
UMAP2,1992,-10.174838,-1.3334383,Ductal,0.9906552,0.011386842,87
UMAP2,1993,4.739831,-3.8025436,Pre-endocrine,0.8646376,0.009938363,87
UMAP2,1994,-10.839268,-0.687069,Ductal,0.9813777,0.011280203,87
UMAP2,1995,2.586993,5.172072,Beta,6.004298,0.06901492,87
UMAP2,1996,3.7269442,4.595799,Beta,3.0406427,0.034949917,87
UMAP2,1997,5.4225593,-1.3188472,Pre-endocrine,0.9136375,0.01050158,87
UMAP2,1998,-2.5363653,-4.8152657,Ngn3 high EP,0.9902144,0.011381775,87
UMAP2,1999,-8.10446,3.3603754,Ngn3 low EP,1.0592312,0.012175071,87
UMAP2,2000,-9.997896,2.769866,Ductal,0.96732724,0.0111187035,87
UMAP2,2001,-10.51738,-1.2470198,Ductal,0.9948651,0.011435231,87
UMAP2,2002,5.3186316,-3.1611767,Pre-endocrine,0.92248017,0.01060322,87
UMAP2,2003,2.1003563,-0.062502265,Epsilon,0.9080384,0.010437223,87
UMAP2,2004,-10.851357,-0.16541703,Ductal,0.98016095,0.011266218,87
UMAP2,2005,0.32926878,-4.17425,Ngn3 high EP,1.0010872,0.011506749,87
UMAP2,2006,2.5111485,4.573152,Beta,6.405571,0.073627256,87
UMAP2,2007,5.5631313,0.61877996,Beta,0.8914685,0.010246765,87
UMAP2,2008,-10.9270315,-0.4617428,Ductal,0.9879021,0.011355197,87
UMAP2,2009,7.242069,3.464586,Alpha,0.7490022,0.008609221,87
UMAP2,2010,7.285131,0.7484606,Alpha,0.8279617,0.009516801,87
UMAP2,2011,-12.087597,1.9023981,Ductal,0.9638294,0.011078499,87
UMAP2,2012,0.53556186,-4.360464,Ngn3 high EP,0.9561644,0.010990395,87
UMAP2,2013,-12.193845,2.1458817,Ductal,0.96460986,0.01108747,87
UMAP2,2014,8.608067,-1.3314778,Delta,0.7593945,0.008728673,87
UMAP2,2015,-11.316277,0.2858345,Ductal,0.9594732,0.011028428,87
UMAP2,2016,-10.17543,5.8388705,Ductal,1.1386428,0.013087848,87
UMAP2,2017,5.8937263,1.2323054,Beta,0.8896047,0.010225342,87
UMAP2,2018,3.1918266,4.8321643,Beta,4.681844,0.053814303,87
UMAP2,2019,-10.739271,6.0629396,Ductal,1.0880755,0.012506615,87
UMAP2,2020,-2.1873126,-4.7951875,Ngn3 high EP,0.986734,0.01134177,87
UMAP2,2021,4.064739,3.660839,Beta,1.7080325,0.019632557,87
UMAP2,2022,-9.864165,-1.0963804,Ductal,0.98834217,0.011360255,87
UMAP2,2023,5.2934756,-0.33346048,Beta,0.9586598,0.011019078,87
UMAP2,2024,0.49607792,-4.7641916,Ngn3 high EP,0.93662894,0.01076585,87
UMAP2,2025,4.807297,2.526147,Beta,0.902266,0.010370874,87
UMAP2,2026,-9.72673,-0.02346642,Ductal,0.98393303,0.011309575,87
UMAP2,2027,4.54071,4.3529367,Beta,1.2161403,0.013978624,87
UMAP2,2028,5.2311273,-3.0460072,Pre-endocrine,0.9943472,0.011429278,87
UMAP2,2029,-12.3223915,2.291649,Ductal,0.9696764,0.011145705,87
UMAP2,2030,7.8355126,4.477789,Alpha,0.7483063,0.008601221,87
UMAP2,2031,5.626167,1.1247871,Beta,0.9180984,0.010552855,87
UMAP2,2032,-0.2074173,-4.984873,Ngn3 high EP,0.97288287,0.0111825615,87
UMAP2,2033,4.341752,3.7724369,Beta,1.0612414,0.012198177,87
UMAP2,2034,7.7306643,3.96148,Alpha,0.7484418,0.008602779,87
UMAP2,2035,4.50991,-3.2572072,Pre-endocrine,0.8918894,0.010251602,87
UMAP2,2036,2.3446238,5.100851,Beta,6.176363,0.07099268,87
UMAP2,2037,-11.75265,1.1494406,Ngn3 low EP,0.97607756,0.011219283,87
UMAP2,2038,-12.179058,3.0062892,Ductal,0.9874482,0.01134998,87
UMAP2,2039,3.6224906,1.0487742,Pre-endocrine,0.83551466,0.009603617,87
UMAP2,2040,4.415899,3.2141216,Beta,0.9458758,0.010872136,87
UMAP2,2041,7.3025136,5.296751,Alpha,0.7830409,0.00900047,87
UMAP2,2042,-11.298431,3.900044,Ductal,0.9567579,0.010997217,87
UMAP2,2043,8.630472,4.2929564,Alpha,0.7324952,0.008419485,87
UMAP2,2044,8.021509,5.2628546,Alpha,0.8212358,0.009439492,87
UMAP2,2045,4.988459,3.5663831,Beta,0.88513356,0.010173949,87
UMAP2,2046,-2.1676154,-3.893793,Ngn3 high EP,0.9993752,0.011487071,87
UMAP2,2047,-4.227683,-3.338916,Ngn3 high EP,1.0378469,0.011929275,87
UMAP2,2048,7.5519857,5.285234,Alpha,0.7566488,0.008697112,87
UMAP2,2049,-11.145397,3.6794567,Ductal,0.96341425,0.011073727,87
UMAP2,2050,6.149426,4.0456104,Alpha,0.7541671,0.008668588,87
UMAP2,2051,7.880975,3.1360052,Alpha,0.71491754,0.008217443,87
UMAP2,2052,6.3535824,2.527745,Alpha,0.7433859,0.008544666,87
UMAP2,2053,-9.432693,0.41062933,Ductal,0.993225,0.011416379,87
UMAP2,2054,-9.004248,0.025116477,Ductal,0.99444425,0.011430394,87
UMAP2,2055,-9.133144,1.0463202,Ductal,0.98947155,0.011373236,87
UMAP2,2056,5.0401535,2.013554,Beta,0.9470576,0.010885719,87
UMAP2,2057,-11.446345,0.11026997,Ductal,0.98485184,0.0113201365,87
UMAP2,2058,-10.179644,-0.47416273,Ductal,0.9815558,0.011282251,87
UMAP2,2059,-10.7087965,3.3704784,Ductal,0.96260214,0.0110643925,87
UMAP2,2060,-10.267722,2.9909568,Ductal,0.9667747,0.011112353,87
UMAP2,2061,6.9414287,-1.44824,Pre-endocrine,0.82197875,0.009448032,87
UMAP2,2062,-1.2074659,-3.7476583,Ngn3 high EP,0.9777168,0.011238124,87
UMAP2,2063,3.2035213,-1.4280689,Pre-endocrine,0.9316871,0.010709047,87
UMAP2,2064,7.026878,-0.2221034,Alpha,0.76273894,0.008767114,87
UMAP2,2065,6.1554084,-1.5083052,Pre-endocrine,0.8680623,0.009977728,87
UMAP2,2066,4.2390203,0.5511743,Pre-endocrine,0.8479108,0.009746102,87
UMAP2,2067,6.276966,4.608333,Alpha,0.75838554,0.008717075,87
UMAP2,2068,-10.164526,1.3976238,Ductal,0.9720293,0.011172751,87
UMAP2,2069,4.268318,-4.1243744,Pre-endocrine,0.87240756,0.010027673,87
UMAP2,2070,-10.151413,0.21641351,Ductal,0.97971845,0.011261132,87
UMAP2,2071,-2.260662,-4.553218,Ngn3 high EP,1.0041057,0.011541445,87
UMAP2,2072,-3.1377833,-4.4431286,Ngn3 high EP,1.0135932,0.011650496,87
UMAP2,2073,2.4110177,6.2436295,Beta,5.911786,0.06795157,87
UMAP2,2074,4.7145786,-3.4906077,Pre-endocrine,0.9328054,0.010721901,87
UMAP2,2075,-9.812831,4.5400243,Ngn3 low EP,1.1167569,0.012836287,87
UMAP2,2076,3.9469178,-4.2473407,Pre-endocrine,0.8527025,0.009801178,87
UMAP2,2077,-2.9903436,-4.7376924,Ngn3 high EP,1.0066836,0.011571076,87
UMAP2,2078,-9.555072,5.1657705,Ductal,1.1399889,0.01310332,87
UMAP2,2079,5.7243166,-1.8197176,Pre-endocrine,0.91454273,0.010511985,87
UMAP2,2080,8.250558,4.1674733,Alpha,0.7206128,0.008282906,87
UMAP2,2081,1.6661242,-4.048971,Ngn3 high EP,0.9564414,0.010993579,87
UMAP2,2082,2.3957438,0.5836091,Epsilon,0.95284927,0.01095229,87
UMAP2,2083,6.124628,0.5130696,Beta,0.85416603,0.009818001,87
UMAP2,2084,-12.319476,2.5423133,Ductal,0.9643542,0.011084531,87
UMAP2,2085,6.6212354,-0.13951924,Pre-endocrine,0.861514,0.00990246,87
UMAP2,2086,3.071895,-4.160169,Pre-endocrine,0.90000844,0.010344924,87
UMAP2,2087,4.563321,1.223515,Alpha,0.79374695,0.009123528,87
UMAP2,2088,1.086945,-4.2091417,Ngn3 high EP,0.9554583,0.010982279,87
UMAP2,2089,-9.790837,5.234814,Ductal,1.1003314,0.012647487,87
UMAP2,2090,5.25929,-1.7180289,Pre-endocrine,0.8976795,0.010318155,87
UMAP2,2091,-11.131366,-0.6631853,Ductal,0.9752768,0.011210078,87
UMAP2,2092,6.072732,0.6574751,Beta,0.87861395,0.010099011,87
UMAP2,2093,2.5886881,5.7600455,Beta,6.5222187,0.07496803,87
UMAP2,2094,1.4235548,-4.790364,Ngn3 high EP,0.9516294,0.010938269,87
UMAP2,2095,-11.413615,2.8305326,Ductal,0.96852577,0.01113248,87
UMAP2,2096,4.9927206,2.0005538,Beta,0.926061,0.010644379,87
UMAP2,2097,-9.958766,4.9543185,Ductal,1.106071,0.012713459,87
UMAP2,2098,4.114924,-0.6921469,Pre-endocrine,0.908594,0.010443609,87
UMAP2,2099,-10.8710785,3.3158658,Ductal,0.9649033,0.011090842,87
UMAP2,2100,3.3875864,-1.3242644,Pre-endocrine,0.95555437,0.010983383,87
UMAP2,2101,2.4807563,5.402693,Beta,6.3623686,0.073130675,87
UMAP2,2102,-11.572517,0.5032543,Ductal,0.97086763,0.011159398,87
UMAP2,2103,7.652523,3.3600492,Alpha,0.72752285,0.008362331,87
UMAP2,2104,6.9053874,4.71168,Alpha,0.79316187,0.009116803,87
UMAP2,2105,-12.092011,3.509214,Ductal,0.9915251,0.01139684,87
UMAP2,2106,5.1644454,2.9903412,Beta,0.83532894,0.009601482,87
UMAP2,2107,6.738203,-1.7028098,Pre-endocrine,0.8789674,0.010103074,87
UMAP2,2108,-7.1255975,-1.9862355,Ngn3 high EP,0.9898693,0.011377808,87
UMAP2,2109,-10.886657,-0.58466333,Ductal,0.9712087,0.0111633185,87
UMAP2,2110,-11.301289,2.6803808,Ductal,0.9569038,0.010998894,87
UMAP2,2111,-2.3358393,-4.618325,Ngn3 high EP,1.0090559,0.011598343,87
UMAP2,2112,8.41862,-0.92104137,Delta,0.7583489,0.008716654,87
UMAP2,2113,-9.907727,0.94293165,Ngn3 low EP,0.9700661,0.011150185,87
UMAP2,2114,4.3200245,-0.87492365,Pre-endocrine,0.8742914,0.010049326,87
UMAP2,2115,-8.08532,3.2093549,Ductal,1.0278895,0.0118148215,87
UMAP2,2116,-9.277191,0.72127074,Ductal,0.9823931,0.011291875,87
UMAP2,2117,1.2742703,-2.2021787,Pre-endocrine,0.94009864,0.010805732,87
UMAP2,2118,5.5531235,-0.10956663,Beta,0.9425801,0.010834254,87
UMAP2,2119,5.1955314,0.0062868553,Beta,0.93619716,0.010760887,87
UMAP2,2120,-9.415863,2.767018,Ductal,0.9775537,0.0112362495,87
UMAP2,2121,-2.4184797,-4.3993583,Ngn3 high EP,1.0057974,0.01156089,87
UMAP2,2122,-0.3880196,-3.9161344,Ngn3 high EP,0.99707425,0.011460624,87
UMAP2,2123,-8.999348,1.0973667,Ductal,0.986537,0.011339505,87
UMAP2,2124,-9.734041,2.4133463,Ductal,0.96812,0.011127816,87
UMAP2,2125,1.6932698,-2.5104468,Pre-endocrine,0.90676,0.010422529,87
UMAP2,2126,3.1397247,5.9896135,Beta,5.374689,0.061778035,87
UMAP2,2127,5.8152404,-0.07012827,Pre-endocrine,0.9106902,0.010467703,87
UMAP2,2128,5.5392013,0.043208096,Beta,0.8977854,0.010319373,87
UMAP2,2129,-0.5690438,-4.1640167,Ngn3 high EP,0.98644936,0.011338498,87
UMAP2,2130,6.285319,1.8176525,Beta,0.85217047,0.009795063,87
UMAP2,2131,-3.1690102,-3.6419308,Ngn3 high EP,1.0163863,0.011682601,87
UMAP2,2132,5.046226,-2.2955358,Pre-endocrine,0.9726631,0.011180036,87
UMAP2,2133,0.7487317,-2.9432204,Pre-endocrine,0.9374255,0.010775005,87
UMAP2,2134,-9.587559,-0.28410038,Ductal,0.9896363,0.01137513,87
UMAP2,2135,1.5330132,-4.5426497,Ngn3 high EP,0.9598155,0.0110323625,87
UMAP2,2136,-8.712679,-0.07433324,Ductal,0.9813646,0.011280053,87
UMAP2,2137,-11.26085,-1.331124,Ductal,0.9893378,0.011371699,87
UMAP2,2138,-2.1836822,-3.745517,Ngn3 high EP,1.0536232,0.012110611,87
UMAP2,2139,-8.28611,-1.1578593,Ngn3 low EP,0.99126434,0.011393843,87
UMAP2,2140,2.361093,-4.6482487,Pre-endocrine,0.9164182,0.010533542,87
UMAP2,2141,9.059313,-1.3329755,Delta,0.79792154,0.009171512,87
UMAP2,2142,7.243307,4.7158256,Alpha,0.76771176,0.008824273,87
UMAP2,2143,4.2840858,3.4576275,Beta,2.7678611,0.031814497,87
UMAP2,2144,7.883564,5.2690077,Alpha,0.81565344,0.009375327,87
UMAP2,2145,0.9377318,-4.9264135,Ngn3 high EP,0.94260967,0.010834594,87
UMAP2,2146,4.836201,3.3792088,Beta,0.99123544,0.011393511,87
UMAP2,2147,5.7976213,-0.551793,Pre-endocrine,0.8956257,0.010294548,87
UMAP2,2148,7.141031,2.0843601,Alpha,0.74977237,0.008618074,87
UMAP2,2149,-9.537484,-0.17796244,Ngn3 low EP,0.98634267,0.011337272,87
UMAP2,2150,0.8306465,-4.3443074,Ngn3 high EP,1.0059688,0.01156286,87
UMAP2,2151,9.400543,-1.1165888,Delta,0.77292335,0.008884177,87
UMAP2,2152,-10.108347,5.8176336,Ductal,1.1659203,0.013401383,87
UMAP2,2153,5.295394,-2.6879,Pre-endocrine,0.9320061,0.010712714,87
UMAP2,2154,-9.616919,-0.16958356,Ductal,0.98968804,0.011375724,87
UMAP2,2155,-7.979959,2.9805293,Ductal,1.02269,0.011755059,87
UMAP2,2156,3.9167852,1.0042711,Pre-endocrine,0.82257414,0.009454875,87
UMAP2,2157,3.3852935,-4.6076255,Pre-endocrine,0.8888327,0.010216468,87
UMAP2,2158,3.1041074,1.8403188,Epsilon,0.870026,0.010000299,87
UMAP2,2159,6.7578583,-1.5108476,Pre-endocrine,0.8823121,0.010141519,87
UMAP2,2160,-11.748733,4.0311494,Ductal,1.0058968,0.011562033,87
UMAP2,2161,5.1863136,-2.6104226,Pre-endocrine,0.94416136,0.010852429,87
UMAP2,2162,4.0376,3.0522878,Beta,1.1060164,0.012712833,87
UMAP2,2163,4.0354953,1.0419905,Pre-endocrine,0.80088514,0.009205576,87
UMAP2,2164,5.010695,-0.054669593,Beta,0.9338537,0.01073395,87
UMAP2,2165,-11.782512,4.938712,Ductal,0.96257544,0.011064085,87
UMAP2,2166,-2.4358048,-4.409444,Ngn3 high EP,1.0007392,0.011502749,87
UMAP2,2167,3.3404405,-3.8981118,Pre-endocrine,0.8798576,0.010113305,87
UMAP2,2168,-9.766617,5.270094,Ductal,1.1388308,0.013090009,87
UMAP2,2169,-10.724299,-0.07924357,Ductal,0.98286647,0.011297315,87
UMAP2,2170,-0.8359444,-5.046505,Ngn3 high EP,0.99920785,0.011485147,87
UMAP2,2171,4.5833354,-2.865566,Pre-endocrine,0.9432835,0.010842339,87
UMAP2,2172,7.2706847,4.99171,Alpha,0.77172667,0.008870422,87
UMAP2,2173,5.260201,0.26917544,Beta,0.95049894,0.010925275,87
UMAP2,2174,-8.535248,1.6395433,Ductal,0.98903304,0.0113681955,87
UMAP2,2175,7.8218665,0.8172639,Alpha,0.8681724,0.009978993,87
UMAP2,2176,-10.226343,5.8848896,Ngn3 low EP,1.0964875,0.012603305,87
UMAP2,2177,6.604291,1.1976926,Alpha,0.7751981,0.008910323,87
UMAP2,2178,-10.539155,0.3513976,Ductal,0.9686462,0.0111338645,87
UMAP2,2179,-8.969868,0.6437517,Ductal,0.98434377,0.011314296,87
UMAP2,2180,4.4741955,4.7691984,Beta,2.6231818,0.030151514,87
UMAP2,2181,-4.7268953,-3.852354,Ngn3 high EP,1.015698,0.011674689,87
UMAP2,2182,4.2037067,1.2117927,Beta,0.8698496,0.009998271,87
UMAP2,2183,-11.8024235,4.7693644,Ngn3 low EP,0.9612053,0.0110483365,87
UMAP2,2184,4.757797,1.8004755,Beta,0.91258746,0.010489511,87
UMAP2,2185,-8.766792,-0.7251619,Ductal,0.9932436,0.011416593,87
UMAP2,2186,-11.442597,-1.1946521,Ductal,0.9874824,0.011350373,87
UMAP2,2187,-0.6739738,-3.6996033,Ngn3 high EP,0.9934174,0.01141859,87
UMAP2,2188,-3.7407954,-3.952263,Ngn3 high EP,1.0193942,0.011717174,87
UMAP2,2189,2.1231384,6.4643407,Beta,5.747183,0.066059574,87
UMAP2,2190,-11.880602,4.6746945,Ductal,0.9605996,0.011041375,87
UMAP2,2191,5.756731,-1.5065289,Pre-endocrine,0.83001995,0.009540459,87
UMAP2,2192,5.7957354,-2.321173,Pre-endocrine,0.8761896,0.010071144,87
UMAP2,2193,3.2600782,-4.354188,Pre-endocrine,0.86841166,0.009981743,87
UMAP2,2194,4.4521484,-0.26140702,Pre-endocrine,0.866433,0.009959,87
UMAP2,2195,7.6963315,5.2810984,Alpha,0.7635864,0.008776856,87
UMAP2,2196,-1.6325804,-4.1927485,Ngn3 high EP,0.98106235,0.0112765785,87
UMAP2,2197,-3.9185138,-3.4532652,Ngn3 high EP,1.002464,0.011522575,87
UMAP2,2198,5.9750834,-2.0859902,Pre-endocrine,0.85851735,0.009868016,87
UMAP2,2199,6.116922,-0.84704137,Pre-endocrine,0.8412556,0.009669605,87
UMAP2,2200,8.378273,-1.0897092,Delta,0.7395987,0.008501135,87
UMAP2,2201,-12.025648,1.5361955,Ngn3 low EP,0.96839833,0.011131016,87
UMAP2,2202,8.940772,-1.2916983,Delta,0.7584009,0.008717252,87
UMAP2,2203,5.26524,1.6889974,Beta,0.9549068,0.01097594,87
UMAP2,2204,-10.396692,6.1366935,Ngn3 low EP,1.1142721,0.012807726,87
UMAP2,2205,5.149748,0.91557413,Beta,0.93091595,0.010700183,87
UMAP2,2206,7.016443,2.8771372,Alpha,0.7661632,0.008806474,87
UMAP2,2207,7.8123393,2.7850647,Alpha,0.7395759,0.008500873,87
UMAP2,2208,-10.73981,6.2851954,Ductal,1.0698174,0.012296752,87
UMAP2,2209,1.3771261,-4.117562,Ngn3 high EP,0.95115536,0.01093282,87
UMAP2,2210,4.269729,-2.9896138,Pre-endocrine,0.9443815,0.0108549595,87
UMAP2,2211,7.0022864,-0.53712785,Alpha,0.8200185,0.0094254995,87
UMAP2,2212,5.602381,-2.6412802,Pre-endocrine,0.8878231,0.010204864,87
UMAP2,2213,5.5455875,2.2265406,Beta,0.88659596,0.010190758,87
UMAP2,2214,-11.279376,-0.9225593,Ductal,0.98227334,0.011290498,87
UMAP2,2215,-10.408948,-0.004426881,Ngn3 low EP,0.97757435,0.011236487,87
UMAP2,2216,-10.056854,0.0020937095,Ductal,0.9793827,0.011257272,87
UMAP2,2217,-5.583767,-3.3328366,Ngn3 high EP,1.0018432,0.0115154395,87
UMAP2,2218,7.5913587,2.5134208,Alpha,0.76014566,0.008737306,87
UMAP2,2219,4.7871614,3.3374429,Beta,0.9263905,0.010648167,87
UMAP2,2220,-9.619148,0.01026332,Ngn3 low EP,0.98454714,0.011316634,87
UMAP2,2221,-2.225877,-2.0799506,Ngn3 high EP,1.1700476,0.013448823,87
UMAP2,2222,2.6098175,2.0222883,Epsilon,0.93153167,0.01070726,87
UMAP2,2223,4.494848,1.6430244,Beta,0.93498975,0.010747009,87
UMAP2,2224,-8.488646,-1.4175992,Ngn3 low EP,0.9902935,0.011382684,87
UMAP2,2225,3.5513268,0.35289708,Pre-endocrine,0.8890751,0.010219254,87
UMAP2,2226,-11.659958,1.5267259,Ductal,0.9755214,0.011212889,87
UMAP2,2227,-7.490492,-2.0148501,Ngn3 high EP,0.98851347,0.011362224,87
UMAP2,2228,5.3320894,-0.25003937,Beta,0.8984841,0.010327403,87
UMAP2,2229,-9.325984,-1.3456675,Ductal,0.9950691,0.011437575,87
UMAP2,2230,-9.516715,2.7378573,Ductal,0.9866624,0.011340947,87
UMAP2,2231,-11.283761,0.004703157,Ngn3 low EP,0.9697549,0.011146608,87
UMAP2,2232,-9.774916,-0.82085866,Ductal,0.9893544,0.011371889,87
UMAP2,2233,-11.246894,1.1411281,Ductal,0.9705286,0.011155501,87
UMAP2,2234,5.789007,1.9136351,Beta,0.86845136,0.009982199,87
UMAP2,2235,4.132414,-3.0179737,Pre-endocrine,0.9030954,0.010380407,87
UMAP2,2236,-2.4140143,-2.1695352,Ngn3 high EP,1.1927919,0.013710252,87
UMAP2,2237,-5.3843174,-3.0641677,Ngn3 high EP,1.002445,0.011522356,87
UMAP2,2238,7.9913154,-1.1462377,Delta,0.74755603,0.008592598,87
UMAP2,2239,6.8783875,0.36907172,Alpha,0.79473686,0.009134906,87
UMAP2,2240,-10.3536,0.11249923,Ductal,0.9753469,0.011210884,87
UMAP2,2241,5.1101747,1.7638685,Beta,0.9406775,0.010812385,87
UMAP2,2242,3.2469165,3.9088235,Beta,3.8256423,0.043972902,87
UMAP2,2243,2.9513173,-3.9866147,Pre-endocrine,0.89271677,0.010261112,87
UMAP2,2244,5.1863203,-0.53471327,Pre-endocrine,0.91122377,0.010473836,87
UMAP2,2245,-7.034463,-1.7987055,Ngn3 high EP,0.9948646,0.011435225,87
UMAP2,2246,-2.9185667,-3.452427,Ngn3 high EP,1.1012851,0.01265845,87
UMAP2,2247,3.263164,5.2561736,Beta,4.362933,0.05014866,87
UMAP2,2248,2.680298,5.6188965,Beta,6.260351,0.07195806,87
UMAP2,2249,-11.252761,5.7729683,Ductal,0.97713554,0.011231443,87
UMAP2,2250,5.3025126,0.11584648,Alpha,0.9262328,0.010646354,87
UMAP2,2251,6.0868387,1.4939374,Beta,0.86659503,0.009960863,87
UMAP2,2252,-9.576129,0.518503,Ductal,0.98770094,0.011352885,87
UMAP2,2253,7.4897733,4.4535437,Alpha,0.77420044,0.008898855,87
UMAP2,2254,2.9521847,4.613201,Beta,5.5042477,0.063267216,87
UMAP2,2255,1.3289678,-1.794587,Pre-endocrine,0.9358147,0.010756491,87
UMAP2,2256,-0.54452395,-5.0958667,Ngn3 high EP,0.9933065,0.011417316,87
UMAP2,2257,-11.981093,2.2936924,Ductal,0.9747846,0.011204421,87
UMAP2,2258,7.942875,2.2550542,Alpha,0.738962,0.0084938165,87
UMAP2,2259,-9.602369,5.210483,Ngn3 low EP,1.1296536,0.012984524,87
UMAP2,2260,5.693957,2.5453908,Beta,0.84528637,0.009715935,87
UMAP2,2261,-4.814383,-3.6974583,Ngn3 high EP,1.0344303,0.011890003,87
UMAP2,2262,-7.499623,-2.206078,Ngn3 high EP,0.98527384,0.011324987,87
UMAP2,2263,9.416532,-1.0194837,Delta,0.779045,0.00895454,87
UMAP2,2264,2.835354,5.395729,Beta,6.360838,0.07311308,87
UMAP2,2265,3.345072,4.721307,Beta,4.439538,0.05102917,87
UMAP2,2266,2.6460283,1.9308832,Epsilon,0.933447,0.010729276,87
UMAP2,2267,-6.6917734,-2.170025,Ngn3 high EP,0.99279344,0.011411419,87
UMAP2,2268,6.811084,2.6637032,Alpha,0.7107306,0.008169318,87
UMAP2,2269,5.7458205,-1.3948702,Pre-endocrine,0.9233774,0.010613534,87
UMAP2,2270,7.7119546,-0.46957698,Delta,0.7660129,0.008804746,87
UMAP2,2271,7.180744,3.7492876,Alpha,0.6752249,0.0077612055,87
UMAP2,2272,3.787063,-4.0123324,Pre-endocrine,0.88655114,0.010190243,87
UMAP2,2273,1.6688821,-1.0073203,Pre-endocrine,0.9319203,0.010711728,87
UMAP2,2274,6.6687255,1.6485187,Alpha,0.8017623,0.0092156585,87
UMAP2,2275,4.7494855,-3.7107205,Pre-endocrine,0.90536463,0.01040649,87
UMAP2,2276,3.3562236,-1.1650695,Pre-endocrine,0.95891345,0.011021994,87
UMAP2,2277,6.194917,0.1698655,Beta,0.9126454,0.010490177,87
UMAP2,2278,3.7550247,3.539874,Beta,1.4923657,0.017153628,87
UMAP2,2279,2.349067,5.3669486,Beta,6.3106356,0.072536044,87
UMAP2,2280,8.460687,-0.8001486,Delta,0.74002373,0.00850602,87
UMAP2,2281,6.9804053,-1.3274071,Pre-endocrine,0.8203771,0.0094296215,87
UMAP2,2282,-6.822655,-2.5109649,Ngn3 high EP,0.98241425,0.011292118,87
UMAP2,2283,-10.055026,-0.71970785,Ngn3 low EP,0.9830531,0.011299461,87
UMAP2,2284,4.7273674,-3.2829225,Pre-endocrine,0.92207,0.010598506,87
UMAP2,2285,-8.865841,-0.7899009,Ngn3 low EP,0.99953455,0.011488902,87
UMAP2,2286,-11.919812,1.3259813,Ductal,0.96530694,0.011095482,87
UMAP2,2287,-10.477087,-0.31686366,Ductal,0.9764949,0.011224079,87
UMAP2,2288,4.1161857,4.750666,Beta,3.3513198,0.038520917,87
UMAP2,2289,7.688973,2.5572052,Alpha,0.72250134,0.008304613,87
UMAP2,2290,-8.334864,1.6140331,Ngn3 low EP,1.0234513,0.011763808,87
UMAP2,2291,-11.140878,1.0765868,Ductal,0.9702737,0.011152571,87
UMAP2,2292,7.137754,2.6589675,Alpha,0.7430641,0.008540967,87
UMAP2,2293,-11.086246,4.748774,Ductal,0.9916593,0.0113983825,87
UMAP2,2294,-10.944112,4.668374,Ductal,1.0423741,0.011981312,87
UMAP2,2295,7.680015,5.1051626,Alpha,0.7791414,0.008955648,87
UMAP2,2296,-6.485505,-2.2575278,Ngn3 high EP,0.99440366,0.011429927,87
UMAP2,2297,8.579597,4.316441,Alpha,0.72217107,0.008300817,87
UMAP2,2298,-4.192797,-3.4923747,Ngn3 high EP,1.0293386,0.011831478,87
UMAP2,2299,4.7615547,-2.9148073,Pre-endocrine,0.93354654,0.01073042,87
UMAP2,2300,3.359534,5.2570615,Beta,6.2808375,0.07219353,87
UMAP2,2301,-1.8401172,-4.0956354,Ngn3 high EP,1.0117192,0.0116289565,87
UMAP2,2302,5.809072,-2.6855228,Pre-endocrine,0.9372711,0.010773231,87
UMAP2,2303,-9.062106,-0.4062788,Ngn3 low EP,0.99034375,0.0113832615,87
UMAP2,2304,5.4218316,2.5142097,Beta,0.85526097,0.009830586,87
UMAP2,2305,-11.328527,1.402005,Ductal,0.9676495,0.011122408,87
UMAP2,2306,-10.728851,-1.4242533,Ductal,0.99480164,0.011434502,87
UMAP2,2307,-10.266694,1.1798489,Ductal,0.9752032,0.011209233,87
UMAP2,2308,3.5140557,-2.9490614,Pre-endocrine,0.9319538,0.010712112,87
UMAP2,2309,-6.9947324,-1.6315347,Ngn3 high EP,1.0033014,0.0115322,87
UMAP2,2310,-9.4190855,1.6798916,Ductal,0.96936804,0.011142162,87
UMAP2,2311,4.151875,5.1398535,Beta,3.339548,0.03838561,87
UMAP2,2312,-2.247921,-2.2911825,Ngn3 high EP,1.1145859,0.012811332,87
UMAP2,2313,-11.441838,4.8639803,Ductal,0.9651231,0.011093369,87
UMAP2,2314,5.3141694,-0.5490612,Pre-endocrine,0.9194195,0.01056804,87
UMAP2,2315,2.7500064,0.34183252,Epsilon,0.9332042,0.0107264845,87
UMAP2,2316,7.318722,3.8677688,Alpha,0.7380781,0.008483657,87
UMAP2,2317,0.06971342,-5.309977,Ngn3 high EP,0.95916706,0.011024909,87
UMAP2,2318,-11.737467,2.0797145,Ductal,0.97187746,0.011171006,87
UMAP2,2319,7.9672985,4.9944377,Alpha,0.7360357,0.008460181,87
UMAP2,2320,3.990729,5.355658,Beta,4.233136,0.04865674,87
UMAP2,2321,2.3364942,6.0769367,Beta,6.1746607,0.07097311,87
UMAP2,2322,1.5938991,-4.0600815,Ngn3 high EP,0.9461837,0.010875675,87
UMAP2,2323,5.5152926,0.6612624,Beta,0.8766017,0.010075881,87
UMAP2,2324,5.5001082,-1.242701,Pre-endocrine,0.96991974,0.011148503,87
UMAP2,2325,-8.074653,3.5323288,Ductal,1.0561718,0.012139905,87
UMAP2,2326,2.3959858,-2.4437115,Pre-endocrine,0.9256828,0.010640032,87
UMAP2,2327,-4.5046916,-2.8763058,Ngn3 high EP,1.0363125,0.011911637,87
UMAP2,2328,4.668039,3.2371914,Beta,0.90942615,0.010453174,87
UMAP2,2329,1.9172169,5.7947416,Beta,5.7828674,0.066469744,87
UMAP2,2330,-2.8328693,-4.233774,Ngn3 high EP,1.0022926,0.011520605,87
UMAP2,2331,3.538932,-3.6952877,Pre-endocrine,0.8961314,0.010300361,87
UMAP2,2332,-8.812871,0.738768,Ngn3 low EP,0.9875953,0.01135167,87
UMAP2,2333,-6.1761613,-2.3067784,Ngn3 high EP,0.99998397,0.011494068,87
UMAP2,2334,7.355024,4.851021,Alpha,0.7749058,0.008906963,87
UMAP2,2335,5.655788,-2.8904462,Pre-endocrine,0.8997828,0.010342331,87
UMAP2,2336,-9.277353,-0.11564095,Ductal,0.99205124,0.011402888,87
UMAP2,2337,-12.218656,3.4813254,Ductal,0.97896063,0.011252421,87
UMAP2,2338,3.5559554,4.759451,Beta,4.140931,0.04759691,87
UMAP2,2339,7.745668,2.523167,Alpha,0.7289171,0.008378358,87
UMAP2,2340,2.54507,6.259965,Beta,6.079324,0.06987728,87
UMAP2,2341,-9.730955,0.49676442,Ductal,0.9831226,0.011300259,87
UMAP2,2342,-9.300635,-0.9673325,Ngn3 low EP,0.9917588,0.011399527,87
UMAP2,2343,-9.809827,-0.40639296,Ductal,0.98506343,0.011322568,87
UMAP2,2344,-2.9579306,-1.9917028,Ngn3 low EP,1.1422533,0.013129348,87
UMAP2,2345,5.4670033,-1.7118902,Pre-endocrine,0.87066543,0.010007649,87
UMAP2,2346,1.1108415,-3.2977562,Ngn3 high EP,0.9228759,0.010607769,87
UMAP2,2347,-7.667112,-2.2923331,Ngn3 high EP,0.9894364,0.011372832,87
UMAP2,2348,-2.3291628,-4.9857965,Ngn3 high EP,0.9771048,0.011231089,87
UMAP2,2349,6.2698216,-2.16122,Pre-endocrine,0.872843,0.010032678,87
UMAP2,2350,-11.6842375,1.7191336,Ductal,0.97553706,0.01121307,87
UMAP2,2351,-0.24209546,-3.889542,Ngn3 high EP,1.0012969,0.01150916,87
UMAP2,2352,-11.14636,1.0891263,Ductal,0.98207885,0.011288263,87
UMAP2,2353,-1.9562802,-4.840914,Ngn3 high EP,0.9946239,0.011432459,87
UMAP2,2354,-8.674133,4.064599,Ngn3 low EP,1.111086,0.0127711035,87
UMAP2,2355,4.0093603,4.1664033,Beta,2.4752898,0.028451607,87
UMAP2,2356,-9.596465,0.2167862,Ductal,0.9863514,0.0113373725,87
UMAP2,2357,3.6152825,-3.50593,Pre-endocrine,0.888858,0.010216759,87
UMAP2,2358,2.0944242,-3.9357579,Ngn3 high EP,0.9327838,0.010721653,87
UMAP2,2359,6.319708,2.096425,Alpha,0.78938556,0.009073397,87
UMAP2,2360,-7.534988,-2.167339,Ngn3 low EP,0.98250705,0.011293185,87
UMAP2,2361,-0.54935664,-4.016656,Ngn3 high EP,0.99820966,0.011473674,87
UMAP2,2362,-6.362396,-2.1551778,Ngn3 high EP,0.9957923,0.011445889,87
UMAP2,2363,2.6877468,5.7437396,Beta,6.2080116,0.07135645,87
UMAP2,2364,-1.0142803,-3.674305,Ngn3 high EP,0.9880008,0.011356331,87
UMAP2,2365,4.2503543,-4.197379,Pre-endocrine,0.862569,0.009914586,87
UMAP2,2366,2.3551192,6.4534492,Beta,5.974436,0.06867167,87
UMAP2,2367,3.7022777,2.3154807,Epsilon,0.812667,0.009341001,87
UMAP2,2368,4.5519104,3.7469494,Beta,1.1472741,0.013187059,87
UMAP2,2369,4.1169186,-3.1380477,Pre-endocrine,0.91423285,0.010508424,87
UMAP2,2370,8.282953,4.5913234,Alpha,0.7444005,0.008556328,87
UMAP2,2371,5.8223605,-1.3698199,Pre-endocrine,0.8808737,0.010124985,87
UMAP2,2372,-11.930454,2.1934516,Ductal,0.97032577,0.01115317,87
UMAP2,2373,-8.416932,-0.89059514,Ngn3 low EP,0.9991101,0.011484024,87
UMAP2,2374,-9.958534,0.4966404,Ngn3 low EP,0.97553265,0.011213019,87
UMAP2,2375,-8.604858,1.8476803,Ngn3 low EP,0.9924278,0.011407216,87
UMAP2,2376,5.561037,2.1886892,Beta,0.8536446,0.009812007,87
UMAP2,2377,-4.2823133,-3.9657624,Ngn3 high EP,1.0285759,0.011822712,87
UMAP2,2378,-4.512824,-3.5355833,Ngn3 high EP,1.0391787,0.011944583,87
UMAP2,2379,2.4452956,6.705115,Beta,5.954301,0.06844024,87
UMAP2,2380,8.022405,4.9460425,Alpha,0.7340797,0.008437698,87
UMAP2,2381,-10.481097,-0.585391,Ductal,0.98152137,0.0112818545,87
UMAP2,2382,7.9245887,1.2563332,Alpha,0.88028663,0.010118237,87
UMAP2,2383,2.6382463,0.10532199,Epsilon,0.91667426,0.010536485,87
UMAP2,2384,-9.332999,-0.30363294,Ductal,0.9891763,0.011369842,87
UMAP2,2385,7.2971544,-0.087490134,Alpha,0.8014605,0.009212189,87
UMAP2,2386,1.8562715,5.2966504,Beta,5.6781473,0.06526606,87
UMAP2,2387,-11.470521,1.6795766,Ductal,0.96547365,0.011097399,87
UMAP2,2388,7.920199,2.1307962,Alpha,0.78127146,0.008980132,87
UMAP2,2389,5.238813,2.6639616,Beta,0.874841,0.0100556435,87
UMAP2,2390,3.5614274,0.55768883,Pre-endocrine,0.87821573,0.010094434,87
UMAP2,2391,5.808911,1.3730001,Beta,0.8962288,0.01030148,87
UMAP2,2392,2.7147274,-4.4280267,Pre-endocrine,0.9099298,0.010458963,87
UMAP2,2393,-0.84289116,-4.803189,Ngn3 high EP,0.9778,0.011239081,87
UMAP2,2394,5.1086507,3.3819866,Beta,0.9887871,0.011365369,87
UMAP2,2395,4.6231995,-0.07526808,Pre-endocrine,0.8685441,0.009983266,87
UMAP2,2396,-11.749156,1.8109629,Ductal,0.97267944,0.011180223,87
UMAP2,2397,6.4317365,1.8354493,Alpha,0.78027356,0.008968662,87
UMAP2,2398,-10.834728,2.7812784,Ductal,0.9700825,0.011150374,87
UMAP2,2399,-8.861428,0.8249341,Ductal,0.98839,0.011360805,87
UMAP2,2400,-11.048035,-1.3553307,Ductal,0.99011713,0.011380657,87
UMAP2,2401,-8.08106,-0.79302144,Ngn3 low EP,1.0007862,0.011503289,87
UMAP2,2402,3.9374425,2.84944,Epsilon,0.77640826,0.008924233,87
UMAP2,2403,-9.696557,3.173911,Ductal,0.96865994,0.011134022,87
UMAP2,2404,-12.217338,2.044601,Ductal,0.96933734,0.011141809,87
UMAP2,2405,6.0383906,-0.81028175,Pre-endocrine,0.8550328,0.009827963,87
UMAP2,2406,7.5804505,1.7141435,Alpha,0.8222145,0.009450741,87
UMAP2,2407,-8.250983,2.8094044,Ductal,1.0028867,0.011527433,87
UMAP2,2408,-10.242413,5.207615,Ductal,1.117781,0.012848058,87
UMAP2,2409,1.1377468,-2.4859264,Pre-endocrine,0.9062767,0.010416973,87
UMAP2,2410,5.607171,2.9123719,Beta,0.79594755,0.009148822,87
UMAP2,2411,-8.576881,0.5053382,Ngn3 low EP,0.9738457,0.011193629,87
UMAP2,2412,-4.826479,-3.829173,Ngn3 high EP,1.0172844,0.011692924,87
UMAP2,2413,-9.4788065,3.4622636,Ductal,0.9798354,0.0112624755,87
UMAP2,2414,7.908372,4.298059,Alpha,0.76102644,0.0087474305,87
UMAP2,2415,0.003469435,-5.117958,Ngn3 high EP,0.9254049,0.010636838,87
UMAP2,2416,-0.044257157,-3.2861247,Ngn3 high EP,0.96842366,0.011131306,87
UMAP2,2417,-8.66183,-1.3754191,Ductal,0.9931177,0.011415146,87
UMAP2,2418,-9.790996,0.92803186,Ductal,0.9740977,0.011196526,87
UMAP2,2419,2.925402,4.933767,Beta,6.161978,0.07082733,87
UMAP2,2420,4.3369474,1.9063612,Beta,0.9257591,0.010640909,87
UMAP2,2421,1.3634838,-4.7403884,Ngn3 high EP,0.9324202,0.010717474,87
UMAP2,2422,5.3333077,-1.1309481,Pre-endocrine,0.9845723,0.0113169225,87
UMAP2,2423,3.868142,-3.8623722,Pre-endocrine,0.85766566,0.009858226,87
UMAP2,2424,4.3050213,3.1707149,Beta,0.9503435,0.010923488,87
UMAP2,2425,-7.122564,-0.4367275,Ngn3 low EP,1.0168312,0.011687715,87
UMAP2,2426,6.113184,-1.0548273,Pre-endocrine,0.9240403,0.010621153,87
UMAP2,2427,4.29522,4.5012374,Beta,2.40033,0.027590001,87
UMAP2,2428,8.261737,4.4390993,Alpha,0.74104947,0.00851781,87
UMAP2,2429,-1.1850661,-5.229765,Ngn3 high EP,1.0036843,0.011536601,87
UMAP2,2430,2.2269137,6.696216,Beta,5.746051,0.06604656,87
UMAP2,2431,-11.333779,4.7538667,Ductal,1.0043294,0.011544016,87
UMAP2,2432,-1.2219975,-4.5400004,Ngn3 high EP,0.96323454,0.0110716615,87
UMAP2,2433,-9.930101,1.1582432,Ductal,0.9580945,0.01101258,87
UMAP2,2434,-9.741731,-0.36667746,Ductal,0.9817254,0.0112842,87
UMAP2,2435,-11.061591,3.5473855,Ductal,0.96559906,0.011098839,87
UMAP2,2436,2.832764,-0.6751053,Epsilon,0.95243865,0.010947571,87
UMAP2,2437,-10.014349,0.08232496,Ngn3 low EP,0.9849768,0.011321573,87
UMAP2,2438,5.668247,-0.47424328,Pre-endocrine,0.89221007,0.010255288,87
UMAP2,2439,3.464187,1.6644447,Epsilon,0.8380167,0.009632376,87
UMAP2,2440,-9.578479,0.91579515,Ngn3 low EP,0.9832388,0.011301596,87
UMAP2,2441,-9.3993635,4.6912556,Ductal,1.0462946,0.012026374,87
UMAP2,2442,-10.405557,-1.2798072,Ductal,0.99976444,0.0114915455,87
UMAP2,2443,-11.880521,0.7242257,Ductal,0.9742311,0.011198059,87
UMAP2,2444,-0.17212693,-4.962457,Ngn3 high EP,0.9857142,0.011330049,87
UMAP2,2445,4.135482,-4.222747,Pre-endocrine,0.83481646,0.009595592,87
UMAP2,2446,3.0721657,1.5921681,Epsilon,0.8694248,0.009993388,87
UMAP2,2447,3.5478108,5.391859,Beta,5.824807,0.066951804,87
UMAP2,2448,1.0580775,-2.5977626,Pre-endocrine,0.9543129,0.0109691145,87
UMAP2,2449,-10.72126,5.976353,Ductal,1.0479456,0.012045352,87
UMAP2,2450,-8.345664,-1.9906212,Ngn3 low EP,0.99446726,0.011430658,87
UMAP2,2451,-9.621684,2.9830039,Ductal,0.97491574,0.011205928,87
UMAP2,2452,4.8006573,3.4373343,Beta,0.8998098,0.010342641,87
UMAP2,2453,5.1318364,2.465532,Beta,0.88944244,0.010223476,87
UMAP2,2454,-9.295429,1.2572104,Ngn3 low EP,0.9796737,0.011260617,87
UMAP2,2455,4.9465995,-2.5907497,Pre-endocrine,0.94540167,0.010866686,87
UMAP2,2456,5.9672794,-1.9411054,Pre-endocrine,0.9120729,0.0104835965,87
UMAP2,2457,2.35464,4.8441052,Beta,5.792102,0.066575885,87
UMAP2,2458,2.7962706,4.168321,Beta,5.4263797,0.06237218,87
UMAP2,2459,2.704946,-2.6679184,Pre-endocrine,0.9213099,0.010589769,87
UMAP2,2460,6.947864,4.141087,Alpha,0.76237786,0.008762964,87
UMAP2,2461,6.38196,4.2235446,Alpha,0.75694996,0.008700574,87
UMAP2,2462,-9.823025,5.5408545,Ductal,1.1681803,0.01342736,87
UMAP2,2463,-11.210058,-0.29092783,Ductal,0.9692476,0.011140777,87
UMAP2,2464,5.2239265,0.46807903,Beta,0.8736582,0.010042048,87
UMAP2,2465,4.076569,3.6192703,Beta,1.1029066,0.012677087,87
UMAP2,2466,7.11346,2.5706553,Alpha,0.7330801,0.008426208,87
UMAP2,2467,6.9251866,2.0379627,Alpha,0.7774545,0.008936259,87
UMAP2,2468,-1.717559,-3.6184204,Ngn3 high EP,1.0159225,0.011677271,87
UMAP2,2469,-9.44106,1.1998675,Ductal,0.98592854,0.011332512,87
UMAP2,2470,-6.0976233,-2.945439,Ngn3 high EP,0.9969093,0.0114587275,87
UMAP2,2471,-0.29139987,-5.114933,Ngn3 high EP,0.9322615,0.010715649,87
UMAP2,2472,-10.598923,-0.7095983,Ductal,0.9807596,0.011273099,87
UMAP2,2473,8.002668,5.4348764,Alpha,0.74173474,0.008525686,87
UMAP2,2474,2.5736623,1.7439991,Epsilon,0.9384409,0.010786677,87
UMAP2,2475,3.2231236,-1.7363305,Pre-endocrine,0.9406532,0.010812106,87
UMAP2,2476,-8.156321,3.614488,Ductal,1.0660405,0.012253339,87
UMAP2,2477,5.9794283,-1.5926532,Pre-endocrine,0.889499,0.010224126,87
UMAP2,2478,-0.28499612,-4.2199893,Ngn3 high EP,0.97990024,0.0112632215,87
UMAP2,2479,6.5714264,2.6494646,Alpha,0.80369914,0.009237921,87
UMAP2,2480,7.820514,1.759709,Alpha,0.78089535,0.0089758085,87
UMAP2,2481,-0.0057387734,-5.113515,Ngn3 high EP,0.94020844,0.010806994,87
UMAP2,2482,2.0981727,6.330519,Beta,5.722413,0.065774865,87
UMAP2,2483,6.96211,4.1263437,Alpha,0.7652105,0.008795523,87
UMAP2,2484,8.004752,-1.1051118,Delta,0.7580709,0.008713459,87
UMAP2,2485,2.48737,5.4441414,Beta,6.0318985,0.06933217,87
UMAP2,2486,-6.7103086,-2.0879211,Ngn3 high EP,0.99431115,0.011428864,87
UMAP2,2487,-10.702765,1.144505,Ductal,0.9754002,0.011211497,87
UMAP2,2488,-9.912207,5.591431,Ductal,1.07096,0.012309886,87
UMAP2,2489,-0.4192081,-3.9871917,Ngn3 high EP,0.997376,0.011464092,87
UMAP2,2490,-8.836504,0.6962111,Ngn3 low EP,0.98926306,0.01137084,87
UMAP2,2491,-2.7084353,-4.7608023,Ngn3 high EP,0.99833745,0.011475143,87
UMAP2,2492,-4.4028606,-3.2404583,Ngn3 high EP,1.0074651,0.011580059,87
UMAP2,2493,-10.436062,2.8435848,Ductal,0.9614025,0.011050603,87
UMAP2,2494,2.6547773,4.7933774,Beta,5.0687118,0.058261055,87
UMAP2,2495,-10.756544,-1.4034919,Ngn3 low EP,0.9903596,0.011383444,87
UMAP2,2496,5.4611197,3.024766,Beta,0.849848,0.009768368,87
UMAP2,2497,5.39501,-1.0369655,Pre-endocrine,0.91384256,0.0105039375,87
UMAP2,2498,6.9376526,2.4778569,Alpha,0.73868585,0.008490642,87
UMAP2,2499,-8.717516,-1.2983133,Ductal,1.0111377,0.011622272,87
UMAP2,2500,1.4034587,-3.8641202,Ngn3 high EP,0.96118903,0.01104815,87
UMAP2,2501,3.7274206,-4.0182896,Pre-endocrine,0.88837844,0.010211246,87
UMAP2,2502,3.1218283,-4.031128,Pre-endocrine,0.88867,0.010214598,87
UMAP2,2503,-8.886908,-0.734502,Ngn3 low EP,0.9968584,0.011458143,87
UMAP2,2504,7.203073,3.4958608,Alpha,0.74844444,0.00860281,87
UMAP2,2505,5.354224,-1.1179872,Pre-endocrine,0.91345185,0.010499447,87
UMAP2,2506,3.2978983,-3.70278,Pre-endocrine,0.89268994,0.010260804,87
UMAP2,2507,3.1043293,5.250842,Beta,5.5102825,0.06333658,87
UMAP2,2508,2.725335,-3.6202018,Pre-endocrine,0.9213946,0.010590742,87
UMAP2,2509,9.418961,-1.2891462,Delta,0.7707176,0.008858823,87
UMAP2,2510,-10.47583,0.67078596,Ductal,0.9824151,0.011292127,87
UMAP2,2511,4.385255,3.2869518,Beta,0.90226656,0.01037088,87
UMAP2,2512,2.2892804,5.8623776,Beta,5.925666,0.0681111,87
UMAP2,2513,-1.5607224,-3.7297606,Ngn3 high EP,0.9893737,0.011372112,87
UMAP2,2514,3.847542,-4.616081,Pre-endocrine,0.8484335,0.009752109,87
UMAP2,2515,5.958616,-2.5347807,Pre-endocrine,0.88782495,0.010204884,87
UMAP2,2516,-0.006577382,-5.288283,Ngn3 high EP,0.9490888,0.010909067,87
UMAP2,2517,6.783841,4.5186605,Alpha,0.7821316,0.008990019,87
UMAP2,2518,5.1052527,-0.20892686,Beta,0.9174732,0.010545669,87
UMAP2,2519,-9.934997,-0.009711355,Ductal,0.9984293,0.011476199,87
UMAP2,2520,5.684571,-2.1088953,Pre-endocrine,0.8559803,0.009838854,87
UMAP2,2521,-0.011202304,-4.3964057,Ngn3 high EP,0.95010304,0.010920725,87
UMAP2,2522,2.9601119,0.92158973,Epsilon,0.9210409,0.010586677,87
UMAP2,2523,3.450912,-2.786728,Pre-endocrine,0.9202825,0.01057796,87
UMAP2,2524,-11.085742,1.1937988,Ductal,0.9765804,0.0112250615,87
UMAP2,2525,5.490833,2.8427868,Beta,0.8281081,0.009518484,87
UMAP2,2526,8.0269985,1.9616419,Alpha,0.723665,0.008317988,87
UMAP2,2527,-11.936146,4.564591,Ductal,0.97919565,0.011255123,87
UMAP2,2528,-9.695363,-1.5060408,Ductal,0.99795544,0.011470752,87
UMAP2,2529,-9.701956,5.1943326,Ductal,1.1192461,0.012864898,87
UMAP2,2530,-7.879124,-1.3594561,Ngn3 low EP,0.99924845,0.011485614,87
UMAP2,2531,-10.68316,4.9527097,Ductal,1.0591537,0.01217418,87
UMAP2,2532,-0.29699206,-4.0489173,Ngn3 high EP,0.99122036,0.0113933375,87
UMAP2,2533,-5.9692426,-3.1897435,Ngn3 high EP,0.99799347,0.01147119,87
UMAP2,2534,-2.2279994,-3.7690277,Ngn3 high EP,0.99165475,0.01139833,87
UMAP2,2535,-2.5874481,-3.8136969,Ngn3 high EP,1.0565226,0.012143938,87
UMAP2,2536,2.9256248,1.3169519,Epsilon,0.9336991,0.010732173,87
UMAP2,2537,5.4864874,-1.0862122,Pre-endocrine,0.93091106,0.010700127,87
UMAP2,2538,-4.478537,-3.8970025,Ngn3 high EP,1.0173178,0.011693308,87
UMAP2,2539,7.245406,0.20492546,Pre-endocrine,0.845289,0.009715965,87
UMAP2,2540,1.1654562,-4.112432,Ngn3 high EP,0.9739264,0.011194557,87
UMAP2,2541,8.049162,3.6475573,Alpha,0.76138127,0.008751509,87
UMAP2,2542,3.2066355,0.4392531,Epsilon,0.9011362,0.0103578875,87
UMAP2,2543,-9.537243,-0.489932,Ductal,0.9943745,0.011429592,87
UMAP2,2544,-10.031877,0.28023842,Ductal,0.98295,0.011298276,87
UMAP2,2545,5.1518517,1.584581,Beta,0.941275,0.010819253,87
UMAP2,2546,4.6056848,2.8588676,Beta,0.89075446,0.010238557,87
UMAP2,2547,6.255006,1.441725,Beta,0.83894444,0.00964304,87
UMAP2,2548,5.4312716,2.7744365,Beta,0.8454998,0.009718388,87
UMAP2,2549,-6.5948424,-2.324075,Ngn3 high EP,0.99076706,0.011388127,87
UMAP2,2550,2.807811,0.7230554,Epsilon,0.9393021,0.010796576,87
UMAP2,2551,5.9069076,1.9839218,Beta,0.84852177,0.009753124,87
UMAP2,2552,5.814756,-1.32298,Pre-endocrine,0.83107865,0.009552628,87
UMAP2,2553,-10.085567,-1.3294528,Ductal,0.9938727,0.011423824,87
UMAP2,2554,2.0399008,6.445741,Beta,5.53946,0.063671954,87
UMAP2,2555,7.5403113,4.2542796,Alpha,0.7465693,0.0085812565,87
UMAP2,2556,-7.5943093,-1.3894743,Ductal,0.99823666,0.011473984,87
UMAP2,2557,2.044023,6.565597,Beta,5.5447865,0.063733175,87
UMAP2,2558,5.27295,-0.06491402,Beta,0.92005396,0.010575333,87
UMAP2,2559,-4.065666,-3.4986188,Ngn3 high EP,1.0365527,0.0119143985,87
UMAP2,2560,5.733867,2.2060575,Beta,0.8741212,0.01004737,87
UMAP2,2561,-0.079243526,-4.806414,Ngn3 high EP,0.97237295,0.011176701,87
UMAP2,2562,-5.6358323,-3.099199,Ngn3 high EP,1.0032054,0.011531097,87
UMAP2,2563,-10.892826,-1.3393053,Ductal,0.98919404,0.011370046,87
UMAP2,2564,3.5943737,-4.083165,Pre-endocrine,0.8728806,0.01003311,87
UMAP2,2565,-10.892335,-0.25956115,Ductal,0.97492385,0.0112060215,87
UMAP2,2566,-8.617578,-1.5100557,Ngn3 low EP,0.99838346,0.011475672,87
UMAP2,2567,1.1200778,-3.7395446,Pre-endocrine,1.1298509,0.012986791,87
UMAP2,2568,-10.481755,-0.67483336,Ductal,0.9854189,0.011326654,87
UMAP2,2569,5.870796,-0.2687942,Pre-endocrine,0.9434836,0.010844639,87
UMAP2,2570,-1.1411006,-3.9275806,Ngn3 high EP,0.99005777,0.011379974,87
UMAP2,2571,-9.650427,3.4376655,Ductal,0.97960556,0.011259834,87
UMAP2,2572,8.150025,4.8313017,Alpha,0.79125464,0.009094881,87
UMAP2,2573,-5.5926023,-3.4941957,Ngn3 high EP,1.0187659,0.011709953,87
UMAP2,2574,-1.3534362,-3.7784038,Ngn3 high EP,1.0125086,0.01163803,87
UMAP2,2575,6.0228167,-0.3271179,Pre-endocrine,0.9230975,0.010610316,87
UMAP2,2576,-6.2222037,-2.7527454,Ngn3 high EP,0.9909159,0.011389838,87
UMAP2,2577,2.743004,2.0390947,Epsilon,0.92217803,0.010599747,87
UMAP2,2578,-8.180792,-2.115999,Ngn3 high EP,0.9868293,0.011342865,87
UMAP2,2579,-8.164875,3.6366181,Ngn3 low EP,1.0614468,0.012200538,87
UMAP2,2580,2.4257166,-4.4205604,Pre-endocrine,0.92202276,0.010597963,87
UMAP2,2581,5.6849775,2.692441,Beta,0.7967607,0.009158169,87
UMAP2,2582,5.2193403,1.8122932,Beta,0.8851249,0.01017385,87
UMAP2,2583,-4.8483834,-3.8995278,Ngn3 high EP,1.025675,0.011789368,87
UMAP2,2584,-8.0260315,2.7307649,Ngn3 low EP,1.0243204,0.011773798,87
UMAP2,2585,8.0268,4.6537895,Alpha,0.73574305,0.008456817,87
UMAP2,2586,6.037676,0.021163944,Pre-endocrine,0.85501564,0.009827766,87
UMAP2,2587,-8.746249,1.0215527,Ductal,0.9891946,0.011370053,87
UMAP2,2588,-9.858997,-0.122054115,Ductal,0.99488455,0.011435455,87
UMAP2,2589,-9.393046,-0.49897733,Ductal,0.9810771,0.011276748,87
UMAP2,2590,-11.802183,5.1950397,Ductal,0.95427334,0.010968659,87
UMAP2,2591,-5.8932314,-3.3644958,Ngn3 high EP,1.003247,0.011531575,87
UMAP2,2592,-9.315092,-0.18049584,Ngn3 low EP,0.9887938,0.011365446,87
UMAP2,2593,-11.077853,-0.36820808,Ductal,0.9716731,0.011168656,87
UMAP2,2594,5.823374,-1.8392588,Pre-endocrine,0.9547901,0.010974599,87
UMAP2,2595,7.4686103,0.23985972,Alpha,0.83396804,0.00958584,87
UMAP2,2596,5.335768,-2.0617347,Pre-endocrine,0.8591143,0.009874877,87
UMAP2,2597,-1.1504418,-3.4897468,Ngn3 high EP,0.99755466,0.0114661455,87
UMAP2,2598,1.672097,-0.23258536,Epsilon,0.92921764,0.0106806625,87
UMAP2,2599,7.957968,4.841057,Alpha,0.77212,0.008874943,87
UMAP2,2600,-12.188421,3.2443063,Ductal,0.9834808,0.011304378,87
UMAP2,2601,7.977743,4.6418157,Alpha,0.7600914,0.008736683,87
UMAP2,2602,5.344755,-3.3723674,Pre-endocrine,0.8769263,0.010079613,87
UMAP2,2603,2.6586187,6.2522054,Beta,6.3426733,0.07290429,87
UMAP2,2604,-2.9685948,-3.861196,Ngn3 high EP,1.0300226,0.01183934,87
UMAP2,2605,4.6342463,-4.031209,Pre-endocrine,0.8776072,0.01008744,87
UMAP2,2606,-11.052176,-0.45016322,Ductal,0.986997,0.011344793,87
UMAP2,2607,1.9442214,-0.11159472,Epsilon,0.91878444,0.010560741,87
UMAP2,2608,-11.747773,1.9282155,Ductal,0.9754209,0.011211734,87
UMAP2,2609,5.936725,0.9630088,Beta,0.91751534,0.010546153,87
UMAP2,2610,-9.309992,-0.06290655,Ductal,0.987451,0.011350011,87
UMAP2,2611,5.166961,3.6366518,Beta,0.91997015,0.01057437,87
UMAP2,2612,-0.25424546,-5.3162947,Ngn3 high EP,0.9423369,0.0108314585,87
UMAP2,2613,7.3174696,4.3387113,Alpha,0.7463151,0.008578335,87
UMAP2,2614,-10.5999775,-0.9155155,Ductal,0.98338383,0.011303263,87
UMAP2,2615,-6.853236,-2.146409,Ngn3 high EP,0.99271625,0.011410532,87
UMAP2,2616,5.363261,-1.9917929,Pre-endocrine,0.99638045,0.011452649,87
UMAP2,2617,4.0804887,-4.379986,Pre-endocrine,0.8710791,0.010012403,87
UMAP2,2618,4.168673,1.4739523,Alpha,1.0203173,0.011727786,87
UMAP2,2619,3.4406397,4.921493,Beta,3.9961555,0.045932822,87
UMAP2,2620,5.7713814,0.37246823,Beta,0.9199145,0.01057373,87
UMAP2,2621,6.9104457,3.49479,Alpha,0.7344376,0.008441811,87
UMAP2,2622,1.5902625,-1.8137426,Pre-endocrine,0.9352255,0.010749718,87
UMAP2,2623,1.351811,-2.5554965,Pre-endocrine,0.9081881,0.010438943,87
UMAP2,2624,-11.9809675,4.726595,Ductal,0.98032457,0.011268099,87
UMAP2,2625,-8.195807,3.0385098,Ductal,1.02401,0.011770229,87
UMAP2,2626,2.3076332,0.31399092,Epsilon,0.93276525,0.0107214395,87
UMAP2,2627,-10.708003,0.35833254,Ductal,0.97555566,0.011213283,87
UMAP2,2628,-3.736915,-4.100156,Ngn3 high EP,1.0417469,0.011974102,87
UMAP2,2629,1.625341,-3.9948783,Ngn3 high EP,0.9332168,0.01072663,87
UMAP2,2630,5.3762856,1.4940759,Beta,0.8712596,0.010014478,87
UMAP2,2631,-9.847016,3.0303814,Ductal,0.9720197,0.01117264,87
UMAP2,2632,4.4267874,-3.531951,Pre-endocrine,0.8945142,0.010281772,87
UMAP2,2633,3.3004704,5.829143,Beta,6.3937407,0.073491275,87
UMAP2,2634,-10.28094,0.37815782,Ductal,0.9710138,0.011161078,87
UMAP2,2635,1.6119964,-2.265401,Pre-endocrine,0.9169805,0.010540006,87
UMAP2,2636,-9.067349,-0.6971846,Ngn3 low EP,0.99489474,0.011435572,87
UMAP2,2637,7.1979837,3.6328382,Alpha,0.74386275,0.008550147,87
UMAP2,2638,5.0394983,0.5159618,Beta,0.96097076,0.011045641,87
UMAP2,2639,2.5554986,-4.330304,Pre-endocrine,0.90367985,0.0103871245,87
UMAP2,2640,-4.1683173,-3.6984456,Ngn3 high EP,1.037668,0.011927218,87
UMAP2,2641,-8.013098,-1.2509507,Ductal,1.0102518,0.011612089,87
UMAP2,2642,7.643492,4.636043,Alpha,0.7607186,0.0087438915,87
UMAP2,2643,4.13038,0.30740955,Pre-endocrine,0.8552333,0.009830268,87
UMAP2,2644,-7.9534073,2.480393,Ngn3 low EP,1.0200136,0.011724294,87
UMAP2,2645,-1.5989909,-3.961805,Ngn3 high EP,1.0409343,0.011964763,87
UMAP2,2646,8.003077,2.9905303,Alpha,0.6977112,0.008019669,87
UMAP2,2647,3.5473604,-0.9377352,Pre-endocrine,0.95883644,0.011021108,87
UMAP2,2648,-3.572725,-4.279343,Ngn3 high EP,1.0383047,0.0119345365,87
UMAP2,2649,8.698289,-1.1519436,Delta,0.7413509,0.008521275,87
UMAP2,2650,3.6682932,2.7820435,Epsilon,0.8100698,0.009311147,87
UMAP2,2651,3.8936,2.9562848,Epsilon,0.7813982,0.008981588,87
UMAP2,2652,-5.2809815,-2.8141615,Ngn3 high EP,1.0133135,0.011647282,87
UMAP2,2653,-7.9538555,-1.9931483,Ngn3 low EP,0.98826903,0.011359414,87
UMAP2,2654,-10.471871,3.7318635,Ductal,0.95833826,0.011015383,87
UMAP2,2655,5.7805395,0.7865515,Beta,0.9116493,0.0104787275,87
UMAP2,2656,5.5419965,-1.2186102,Pre-endocrine,0.99880457,0.011480512,87
UMAP2,2657,2.1666915,6.036174,Beta,5.7934074,0.06659089,87
UMAP2,2658,-10.73863,0.8487892,Ngn3 low EP,0.98556685,0.0113283545,87
UMAP2,2659,4.446803,1.8867232,Beta,0.80553997,0.0092590805,87
UMAP2,2660,-1.5164144,-4.4436364,Ngn3 high EP,0.9647849,0.011089481,87
UMAP2,2661,2.1803513,6.212414,Beta,5.6997766,0.065514676,87
UMAP2,2662,-12.044748,2.5259733,Ductal,0.9777392,0.011238382,87
UMAP2,2663,-7.5421658,-1.7425292,Ngn3 low EP,0.990808,0.011388598,87
UMAP2,2664,-8.778641,-0.8351827,Ngn3 low EP,1.0060878,0.011564228,87
UMAP2,2665,-0.39609593,-3.6979177,Ngn3 high EP,0.9838826,0.011308995,87
UMAP2,2666,3.6318455,-1.0375798,Pre-endocrine,0.9549839,0.010976827,87
UMAP2,2667,0.091656335,-4.573541,Ngn3 high EP,0.9367815,0.010767603,87
UMAP2,2668,-5.299135,-3.4329867,Ngn3 high EP,1.0196947,0.0117206285,87
UMAP2,2669,-3.960067,-3.9699402,Ngn3 high EP,1.0149102,0.011665635,87
UMAP2,2670,6.041757,-2.4460468,Pre-endocrine,0.90357506,0.01038592,87
UMAP2,2671,-3.027652,-3.4688785,Ngn3 high EP,1.0211964,0.01173789,87
UMAP2,2672,-10.047478,-0.8009396,Ngn3 low EP,0.9880477,0.011356871,87
UMAP2,2673,-8.540433,1.1498876,Ductal,0.97161186,0.011167953,87
UMAP2,2674,-12.086013,3.3845649,Ductal,0.96791494,0.011125459,87
UMAP2,2675,-9.442506,-1.0721537,Ductal,0.991848,0.011400552,87
UMAP2,2676,-6.03668,-2.6356044,Ngn3 high EP,0.99882627,0.011480762,87
UMAP2,2677,8.34439,4.2050195,Alpha,0.7370313,0.008471624,87
UMAP2,2678,-3.5152194,-3.5975573,Ngn3 high EP,1.0215718,0.011742204,87
UMAP2,2679,-2.980489,-3.059478,Ngn3 high EP,1.0479716,0.012045651,87
UMAP2,2680,-10.171935,-0.09998295,Ductal,0.9789578,0.011252388,87
UMAP2,2681,4.766002,-2.806064,Pre-endocrine,0.9280205,0.010666902,87
UMAP2,2682,5.879834,2.0902653,Alpha,0.81572825,0.009376187,87
UMAP2,2683,-9.725178,5.121694,Ngn3 low EP,1.1542264,0.01326697,87
UMAP2,2684,-2.3147595,-2.0710037,Ngn3 high EP,1.1530981,0.013254001,87
UMAP2,2685,-11.181824,-0.7265834,Ductal,0.97281045,0.011181729,87
UMAP2,2686,-9.957339,5.1544952,Ductal,1.1683047,0.01342879,87
UMAP2,2687,5.984285,0.5177768,Beta,0.9893092,0.01137137,87
UMAP2,2688,-9.191695,4.431997,Ngn3 low EP,1.1534278,0.013257791,87
UMAP2,2689,5.454208,-2.7805667,Pre-endocrine,0.90949047,0.010453913,87
UMAP2,2690,-11.807224,4.8235335,Ductal,0.9612249,0.011048562,87
UMAP2,2691,8.957825,-1.1860813,Delta,0.76271236,0.008766809,87
UMAP2,2692,7.6833715,5.2401133,Alpha,0.7839503,0.009010923,87
UMAP2,2693,-12.056437,1.3283222,Ductal,0.9739457,0.011194778,87
UMAP2,2694,-0.32845953,-4.237255,Ngn3 high EP,0.9680822,0.011127382,87
UMAP2,2695,-11.106949,5.7710953,Ductal,1.0153267,0.011670423,87
UMAP2,2696,1.6055881,-0.42769706,Epsilon,0.9252989,0.01063562,87
UMAP2,2697,-11.633968,5.481196,Ductal,0.9695595,0.011144362,87
UMAP2,2698,3.4912732,-4.6601667,Pre-endocrine,0.8856754,0.010180176,87
UMAP2,2699,-0.99094075,-3.8224378,Ngn3 high EP,1.0071654,0.011576614,87
UMAP2,2700,-7.3395576,-1.7034726,Ngn3 high EP,0.9903208,0.011382998,87
UMAP2,2701,-8.176729,3.0537808,Ductal,1.0180748,0.011702009,87
UMAP2,2702,-6.2523584,-2.3568897,Ngn3 high EP,1.0065614,0.011569671,87
UMAP2,2703,2.3028557,0.330987,Epsilon,0.94955033,0.010914371,87
UMAP2,2704,3.7859719,0.19694544,Pre-endocrine,0.90968895,0.010456195,87
UMAP2,2705,3.6617656,-1.5432239,Pre-endocrine,0.9604039,0.011039126,87
UMAP2,2706,5.265461,1.5858641,Beta,0.9381867,0.010783755,87
UMAP2,2707,4.025217,-0.9068449,Pre-endocrine,0.93793917,0.01078091,87
UMAP2,2708,0.05387757,-4.1232085,Ngn3 high EP,0.9985764,0.0114778895,87
UMAP2,2709,4.7118244,-0.93425167,Pre-endocrine,0.92659104,0.010650472,87
UMAP2,2710,-11.194662,0.24125078,Ductal,0.9697028,0.011146009,87
UMAP2,2711,5.033206,2.9130197,Beta,0.87476027,0.010054716,87
UMAP2,2712,-9.345329,0.09995997,Ductal,0.990657,0.011386862,87
UMAP2,2713,0.80371314,-3.941137,Ngn3 high EP,0.9665572,0.011109853,87
UMAP2,2714,-2.05504,-2.075583,Ngn3 high EP,1.1423628,0.013130607,87
UMAP2,2715,-12.207639,2.7071261,Ngn3 low EP,0.9716105,0.011167937,87
UMAP2,2716,-8.248476,3.595743,Ductal,1.0892887,0.01252056,87
UMAP2,2717,5.3229766,-2.735148,Pre-endocrine,0.8971684,0.010312281,87
UMAP2,2718,-9.381082,5.2715373,Ngn3 low EP,1.1255977,0.012937904,87
UMAP2,2719,8.122674,3.6855757,Alpha,0.7489799,0.008608964,87
UMAP2,2720,-8.701575,-1.0968214,Ngn3 low EP,0.99495983,0.01143632,87
UMAP2,2721,4.0114293,2.113926,Beta,1.0673811,0.012268749,87
UMAP2,2722,3.7092054,-0.90772134,Pre-endocrine,0.9509208,0.010930125,87
UMAP2,2723,-11.92016,1.6697673,Ductal,0.9689654,0.011137533,87
UMAP2,2724,-7.387236,-1.6191611,Ngn3 high EP,0.9983487,0.0114752725,87
UMAP2,2725,-11.014637,0.16195777,Ductal,0.9724004,0.011177016,87
UMAP2,2726,-5.07014,-3.4893942,Ngn3 high EP,1.010596,0.011616047,87
UMAP2,2727,-9.799742,-0.2211121,Ductal,0.9888724,0.01136635,87
UMAP2,2728,7.1932044,4.75746,Alpha,0.8240104,0.009471384,87
UMAP2,2729,3.1125693,4.9037557,Beta,4.397766,0.050549034,87
UMAP2,2730,3.7808545,1.4567038,Alpha,0.8255457,0.0094890315,87
UMAP2,2731,7.4679565,0.74883634,Alpha,0.8604814,0.009890591,87
UMAP2,2732,0.9438953,-4.591492,Ngn3 high EP,0.95525706,0.010979966,87
UMAP2,2733,6.0667295,-1.7922364,Pre-endocrine,0.86036325,0.009889233,87
UMAP2,2734,2.6740446,2.2063239,Epsilon,0.89789677,0.010320652,87
UMAP2,2735,-9.936601,-1.4304928,Ductal,1.000426,0.01149915,87
UMAP2,2736,1.7957553,-3.9591284,Ngn3 high EP,0.92937267,0.010682444,87
UMAP2,2737,1.0678889,-4.861272,Ngn3 high EP,0.9904853,0.011384889,87
UMAP2,2738,5.401688,1.8710282,Beta,0.9134575,0.010499512,87
UMAP2,2739,0.17247364,-4.30951,Ngn3 high EP,1.0138347,0.011653272,87
UMAP2,2740,3.275799,3.7991858,Beta,3.5453064,0.04075065,87
UMAP2,2741,-10.586386,2.9955337,Ductal,0.96415913,0.011082289,87
UMAP2,2742,-7.4862657,-1.9687219,Ngn3 high EP,0.98530215,0.011325312,87
UMAP2,2743,-11.070185,0.47491625,Ductal,0.97419846,0.011197683,87
UMAP2,2744,-4.431205,-3.8493936,Ngn3 high EP,1.0172231,0.011692219,87
UMAP2,2745,-8.093555,-1.3524451,Ngn3 low EP,0.9991602,0.0114846,87
UMAP2,2746,0.8250187,-4.9725738,Ngn3 high EP,0.9660046,0.011103502,87
UMAP2,2747,-2.0400357,-3.8871503,Ngn3 high EP,1.0087603,0.0115949465,87
UMAP2,2748,5.9207273,4.256434,Alpha,1.0872366,0.012496972,87
UMAP2,2749,3.4679325,5.162719,Beta,4.8265667,0.05547778,87
UMAP2,2750,3.1904387,4.321874,Beta,4.412751,0.050721277,87
UMAP2,2751,3.452234,-3.763648,Pre-endocrine,0.8704728,0.010005434,87
UMAP2,2752,4.409221,2.3879302,Beta,0.91596913,0.010528381,87
UMAP2,2753,8.088402,-1.2373154,Delta,0.7305812,0.008397485,87
UMAP2,2754,1.7236937,-2.2073202,Pre-endocrine,0.9101688,0.01046171,87
UMAP2,2755,7.478608,1.325744,Alpha,0.8194884,0.009419407,87
UMAP2,2756,-9.4228735,1.9135114,Ductal,0.96735215,0.01111899,87
UMAP2,2757,8.489957,4.986085,Alpha,0.7698648,0.008849021,87
UMAP2,2758,-0.5080961,-5.2279744,Ngn3 high EP,0.9534476,0.010959168,87
UMAP2,2759,-10.819593,5.6833005,Ductal,1.0524597,0.012097239,87
UMAP2,2760,7.05585,4.343544,Alpha,0.78775346,0.0090546375,87
UMAP2,2761,-9.386342,0.2883365,Ductal,0.98182,0.011285287,87
UMAP2,2762,3.0366535,-1.7419535,Pre-endocrine,0.92045027,0.010579888,87
UMAP2,2763,-9.893701,0.070649266,Ductal,0.98579824,0.011331014,87
UMAP2,2764,2.6099274,1.1101302,Epsilon,0.95443255,0.010970489,87
UMAP2,2765,3.409596,-4.217416,Pre-endocrine,0.87697667,0.010080191,87
UMAP2,2766,4.2137294,4.5583696,Beta,2.5647616,0.02948002,87
UMAP2,2767,6.006326,3.3306942,Alpha,0.7649983,0.008793084,87
UMAP2,2768,7.89605,4.8042426,Alpha,0.79400575,0.009126503,87
UMAP2,2769,-0.5960376,-5.1700397,Ngn3 high EP,0.9706143,0.011156486,87
UMAP2,2770,-10.616375,-1.0447308,Ngn3 low EP,0.9850005,0.0113218445,87
UMAP2,2771,-0.09084082,-5.403876,Ngn3 high EP,0.95900166,0.011023007,87
UMAP2,2772,-9.610044,0.20975223,Ductal,0.98355913,0.011305277,87
UMAP2,2773,2.448277,5.869152,Beta,6.1738067,0.07096329,87
UMAP2,2774,5.1961584,-3.7806778,Pre-endocrine,0.86044985,0.0098902285,87
UMAP2,2775,2.7298498,-3.9022937,Pre-endocrine,0.9175004,0.010545981,87
UMAP2,2776,6.043642,-1.8847905,Pre-endocrine,0.867721,0.0099738045,87
UMAP2,2777,-11.910512,3.0456831,Ductal,0.95074034,0.01092805,87
UMAP2,2778,-10.545619,3.272214,Ductal,0.9586742,0.011019244,87
UMAP2,2779,-9.576306,3.2998986,Ductal,0.97755396,0.011236252,87
UMAP2,2780,-11.720974,1.5905548,Ductal,0.96450496,0.011086264,87
UMAP2,2781,-0.18899673,-4.5747046,Ngn3 high EP,0.94683063,0.010883111,87
UMAP2,2782,7.5648623,1.6071455,Alpha,0.8322847,0.009566491,87
UMAP2,2783,2.1322165,-0.29390332,Epsilon,0.9232914,0.010612545,87
UMAP2,2784,4.539886,3.1471908,Beta,0.9324044,0.010717292,87
UMAP2,2785,-9.973639,0.5798333,Ngn3 low EP,0.98543274,0.011326813,87
UMAP2,2786,2.6615725,5.961809,Beta,6.434822,0.07396347,87
UMAP2,2787,-9.336937,-0.5219275,Ductal,0.9876692,0.0113525195,87
UMAP2,2788,5.8211703,0.72455597,Beta,0.7876762,0.00905375,87
UMAP2,2789,5.424863,-3.3832211,Pre-endocrine,0.84565616,0.009720186,87
UMAP2,2790,7.7886696,5.122162,Alpha,0.748011,0.0085978275,87
UMAP2,2791,-4.5475893,-3.3684204,Ngn3 high EP,1.0394441,0.011947633,87
UMAP2,2792,5.081826,-3.5683525,Pre-endocrine,0.9290133,0.010678314,87
UMAP2,2793,5.599488,-1.8737144,Pre-endocrine,0.9647519,0.011089102,87
UMAP2,2794,-9.383181,-0.033533048,Ductal,0.99006206,0.011380023,87
UMAP2,2795,4.1513166,3.5271358,Beta,1.1269621,0.012953587,87
UMAP2,2796,7.209482,2.3526921,Alpha,0.72994596,0.008390184,87
UMAP2,2797,5.2006516,-2.5441377,Pre-endocrine,0.9586756,0.01101926,87
UMAP2,2798,8.126566,4.943285,Alpha,0.7764445,0.008924649,87
UMAP2,2799,2.6909122,6.516835,Beta,6.1363363,0.070532605,87
UMAP2,2800,-2.33266,-4.5279446,Ngn3 high EP,1.0095532,0.0116040595,87
UMAP2,2801,-8.077199,3.1253526,Ductal,1.0219892,0.011747003,87
UMAP2,2802,-10.106441,-0.03419432,Ductal,0.9782022,0.011243704,87
UMAP2,2803,5.838811,-0.0721275,Beta,0.935496,0.010752827,87
UMAP2,2804,-0.6827166,-3.861489,Ngn3 high EP,1.0033633,0.011532911,87
UMAP2,2805,7.817418,-1.2047355,Delta,0.7986188,0.009179526,87
UMAP2,2806,2.9706593,5.600674,Beta,6.3182144,0.072623156,87
UMAP2,2807,6.049453,-1.6244992,Pre-endocrine,0.9536064,0.010960993,87
UMAP2,2808,1.9740734,5.939631,Beta,5.6236525,0.06463968,87
UMAP2,2809,4.8877225,0.3062461,Pre-endocrine,0.88277054,0.010146787,87
UMAP2,2810,5.1471124,1.7541673,Alpha,0.76569736,0.008801119,87
UMAP2,2811,5.837179,0.46744493,Beta,0.9358585,0.010756994,87
UMAP2,2812,5.8717203,3.2898235,Beta,0.7881711,0.0090594385,87
UMAP2,2813,3.3450394,5.7498336,Beta,6.1695776,0.070914686,87
UMAP2,2814,3.2840667,3.9001849,Beta,4.023013,0.04624153,87
UMAP2,2815,7.348346,4.6853504,Alpha,0.7471508,0.00858794,87
UMAP2,2816,8.093085,3.8277762,Alpha,0.7281862,0.008369956,87
UMAP2,2817,7.645756,5.1838183,Alpha,0.7589829,0.008723942,87
UMAP2,2818,-12.196783,2.585831,Ductal,0.9650966,0.011093064,87
UMAP2,2819,-1.6820785,-4.9186025,Ngn3 high EP,1.0160213,0.011678405,87
UMAP2,2820,-3.241805,-3.6244674,Ngn3 high EP,1.0471499,0.012036205,87
UMAP2,2821,5.6844726,-2.557499,Pre-endocrine,0.963329,0.011072747,87
UMAP2,2822,-9.71075,3.0998983,Ductal,0.97855353,0.011247742,87
UMAP2,2823,6.3368874,4.310871,Alpha,0.7676188,0.008823204,87
UMAP2,2824,5.4148855,-3.136614,Pre-endocrine,0.8578122,0.00985991,87
UMAP2,2825,6.396369,-2.0628238,Pre-endocrine,0.85202485,0.009793389,87
UMAP2,2826,-8.485123,-1.5902239,Ngn3 low EP,1.0018256,0.011515236,87
UMAP2,2827,-9.981712,2.1856995,Ductal,0.956469,0.010993897,87
UMAP2,2828,8.73738,-1.0825231,Delta,0.79108596,0.009092942,87
UMAP2,2829,0.020680556,-4.799568,Ngn3 high EP,0.9446832,0.010858428,87
UMAP2,2830,-9.057467,2.57656,Ductal,0.9934479,0.011418941,87
UMAP2,2831,-8.946378,-0.072182804,Ductal,0.98449993,0.011316091,87
UMAP2,2832,-4.7916718,-3.0315502,Ngn3 high EP,1.0273186,0.011808259,87
UMAP2,2833,-7.7804885,-1.4136097,Ngn3 low EP,1.002409,0.011521942,87
UMAP2,2834,-2.523287,-2.3744042,Ngn3 high EP,1.1829869,0.01359755,87
UMAP2,2835,4.456356,4.361186,Beta,1.6038369,0.018434906,87
UMAP2,2836,-10.244715,-0.15676402,Ductal,0.9810698,0.011276664,87
UMAP2,2837,-9.984966,2.4472501,Ductal,0.96768385,0.011122803,87
UMAP2,2838,0.544705,-3.0546877,Ngn3 high EP,0.93710434,0.010771315,87
UMAP2,2839,4.777892,1.0029087,Beta,0.97498465,0.01120672,87
UMAP2,2840,5.05227,3.0724595,Beta,0.87343,0.010039425,87
UMAP2,2841,-9.941376,-0.45075792,Ngn3 low EP,0.98217106,0.011289323,87
UMAP2,2842,8.302982,4.363623,Alpha,0.7359313,0.00845898,87
UMAP2,2843,-8.577516,2.627775,Ductal,0.9972521,0.011462668,87
UMAP2,2844,7.423354,4.332818,Alpha,0.77194303,0.008872909,87
UMAP2,2845,1.2821306,-2.3754659,Pre-endocrine,0.90852416,0.010442806,87
UMAP2,2846,-9.624585,-0.8503989,Ductal,0.989497,0.011373529,87
UMAP2,2847,-7.7741113,-1.036639,Ngn3 low EP,1.0101506,0.011610926,87
UMAP2,2848,7.4486136,5.1725636,Alpha,0.7766375,0.0089268675,87
UMAP2,2849,5.5976505,-0.5301655,Pre-endocrine,0.89533377,0.010291193,87
UMAP2,2850,8.955201,-0.9580774,Delta,0.8117975,0.009331006,87
UMAP2,2851,7.718896,2.1190464,Alpha,0.74079335,0.008514866,87
UMAP2,2852,-9.088344,4.181665,Ngn3 low EP,1.1294945,0.012982696,87
UMAP2,2853,-9.296064,0.2391207,Ductal,0.9920713,0.011403118,87
UMAP2,2854,6.0779614,1.7447702,Alpha,0.74900115,0.008609208,87
UMAP2,2855,-12.084613,4.03734,Ductal,0.9884112,0.011361049,87
UMAP2,2856,7.6290946,5.204148,Alpha,0.7695197,0.008845054,87
UMAP2,2857,8.05188,2.8756566,Alpha,0.727534,0.00836246,87
UMAP2,2858,-10.014392,-1.6220384,Ductal,0.99723786,0.011462504,87
UMAP2,2859,-10.31705,-0.026602993,Ductal,0.9819385,0.011286649,87
UMAP2,2860,-1.4089444,-3.735415,Ngn3 high EP,0.99311006,0.011415058,87
UMAP2,2861,6.589973,2.4719307,Alpha,0.77367496,0.008892816,87
UMAP2,2862,5.063077,-3.2897315,Pre-endocrine,0.8913896,0.010245858,87
UMAP2,2863,-1.8549342,-3.819315,Ngn3 high EP,1.0114768,0.01162617,87
UMAP2,2864,6.2029967,1.0716903,Beta,0.81925625,0.0094167385,87
UMAP2,2865,2.1602416,-2.2891955,Pre-endocrine,0.9261712,0.010645646,87
UMAP2,2866,-8.203449,0.545731,Ngn3 low EP,1.0007457,0.011502824,87
UMAP2,2867,6.811276,3.0830371,Alpha,0.7536652,0.008662819,87
UMAP2,2868,3.1669536,2.3205135,Epsilon,0.8522007,0.009795411,87
UMAP2,2869,9.649625,-1.1393329,Delta,0.7880743,0.009058326,87
UMAP2,2870,-5.2949495,-3.5710993,Ngn3 high EP,1.009566,0.011604207,87
UMAP2,2871,3.3951886,1.458784,Epsilon,0.8440113,0.009701279,87
UMAP2,2872,8.129192,4.4586926,Alpha,0.73581994,0.008457701,87
UMAP2,2873,7.814857,5.305035,Alpha,0.72105765,0.008288019,87
UMAP2,2874,2.7210238,6.1623464,Beta,6.3433967,0.0729126,87
UMAP2,2875,2.880346,6.216698,Beta,6.086631,0.06996127,87
UMAP2,2876,6.9282284,3.0357513,Alpha,0.76790345,0.0088264765,87
UMAP2,2877,-4.176718,-3.7821264,Ngn3 high EP,1.0157617,0.011675422,87
UMAP2,2878,2.8754265,4.3484554,Beta,5.4711075,0.06288629,87
UMAP2,2879,1.1078138,-3.884899,Ngn3 high EP,0.966074,0.011104299,87
UMAP2,2880,0.5065203,-4.6791043,Ngn3 high EP,0.9528716,0.010952547,87
UMAP2,2881,-10.11898,2.813101,Ductal,0.96631336,0.01110705,87
UMAP2,2882,-0.55162704,-3.8443418,Ngn3 high EP,0.9964992,0.011454013,87
UMAP2,2883,-10.100423,2.1965265,Ductal,0.96900654,0.011138006,87
UMAP2,2884,-10.537689,-1.4282583,Ductal,0.99063516,0.011386611,87
UMAP2,2885,5.2801685,-0.93789005,Pre-endocrine,0.91992164,0.010573812,87
UMAP2,2886,7.0078526,-0.22382633,Alpha,0.85988796,0.00988377,87
UMAP2,2887,3.9806993,4.5671144,Beta,2.5443444,0.029245337,87
UMAP2,2888,2.2796369,5.805306,Beta,6.204281,0.071313575,87
UMAP2,2889,-8.39452,2.6416225,Ductal,1.0057017,0.011559789,87
UMAP2,2890,5.3747687,1.1207075,Beta,0.9015269,0.010362378,87
UMAP2,2891,6.1088715,-2.592215,Pre-endocrine,0.8821989,0.010140218,87
UMAP2,2892,-10.757215,-0.57268125,Ngn3 low EP,0.9764074,0.011223074,87
UMAP2,2893,1.3485583,-4.0482683,Ngn3 high EP,0.9535563,0.010960417,87
UMAP2,2894,-10.552397,0.11198347,Ductal,0.9786453,0.011248797,87
UMAP2,2895,3.5165906,2.6646893,Epsilon,0.7970129,0.009161068,87
UMAP2,2896,3.561689,2.093795,Epsilon,0.8203436,0.009429237,87
UMAP2,2897,2.477479,0.4141317,Epsilon,0.9403527,0.010808651,87
UMAP2,2898,-10.044596,1.0829808,Ductal,0.97083753,0.011159052,87
UMAP2,2899,3.5459604,4.9475083,Beta,4.630577,0.053225026,87
UMAP2,2900,5.1672735,1.4508958,Beta,0.9192903,0.010566555,87
UMAP2,2901,5.7739835,-1.6584452,Pre-endocrine,0.8518503,0.009791383,87
UMAP2,2902,5.261415,0.6074037,Beta,0.937454,0.010775333,87
UMAP2,2903,6.0026627,1.7353227,Beta,0.8337017,0.009582778,87
UMAP2,2904,-9.562346,3.2631755,Ductal,0.9755394,0.011213097,87
UMAP2,2905,7.7327766,5.297768,Alpha,0.77013457,0.008852121,87
UMAP2,2906,-10.251924,-0.47349632,Ductal,0.9811382,0.011277451,87
UMAP2,2907,2.0504591,-0.3297671,Epsilon,0.92976034,0.0106869005,87
UMAP2,2908,7.7332087,4.32534,Alpha,0.78001916,0.008965737,87
UMAP2,2909,1.4481483,-4.195485,Ngn3 high EP,0.9722724,0.011175545,87
UMAP2,2910,-8.815901,3.0773597,Ductal,0.9995005,0.011488511,87
UMAP2,2911,-10.676203,2.8571267,Ductal,0.96280575,0.011066733,87
UMAP2,2912,3.060273,1.8986629,Epsilon,0.88870335,0.010214981,87
UMAP2,2913,-2.7819386,-4.3194437,Ngn3 high EP,1.0207046,0.011732237,87
UMAP2,2914,-9.978836,-0.019443912,Ngn3 low EP,0.9912118,0.011393239,87
UMAP2,2915,8.324782,4.5570393,Alpha,0.7528995,0.008654018,87
UMAP2,2916,-11.011212,-0.57064354,Ductal,0.97591466,0.01121741,87
UMAP2,2917,-8.051788,-1.669522,Ngn3 low EP,0.99022675,0.011381917,87
UMAP2,2918,9.564088,-1.1722631,Delta,0.78651965,0.009040455,87
UMAP2,2919,3.283763,-4.8011394,Pre-endocrine,0.8940923,0.010276923,87
UMAP2,2920,4.9912486,-0.22713946,Pre-endocrine,0.9353529,0.010751183,87
UMAP2,2921,3.2228727,-4.029481,Pre-endocrine,0.8995242,0.010339359,87
UMAP2,2922,-7.2460017,-2.237044,Ngn3 high EP,0.9821802,0.011289427,87
UMAP2,2923,3.2117755,4.042262,Beta,3.7629051,0.043251783,87
UMAP2,2924,-12.154295,2.3451278,Ductal,0.9682057,0.011128801,87
UMAP2,2925,6.209656,-1.041038,Pre-endocrine,0.83741885,0.009625504,87
UMAP2,2926,-8.687371,0.7685981,Ductal,0.9729214,0.011183004,87
UMAP2,2927,9.523203,-1.1623079,Delta,0.77891135,0.008953004,87
UMAP2,2928,1.5081006,-1.4925922,Pre-endocrine,0.9214293,0.010591141,87
UMAP2,2929,1.4442906,-4.187797,Ngn3 high EP,0.9275267,0.010661227,87
UMAP2,2930,5.2985287,2.1522875,Beta,0.8911673,0.010243302,87
UMAP2,2931,0.4320445,-4.5130887,Ngn3 high EP,0.96738756,0.011119397,87
UMAP2,2932,-8.202177,2.418995,Ductal,1.0083296,0.011589996,87
UMAP2,2933,-7.609059,0.22276448,Ngn3 low EP,1.0016291,0.011512978,87
UMAP2,2934,-2.3412578,-3.548617,Ngn3 high EP,1.0045955,0.011547075,87
UMAP2,2935,-9.617082,5.1094265,Ductal,1.1283345,0.012969363,87
UMAP2,2936,5.2471457,1.5547923,Beta,0.93384266,0.010733823,87
UMAP2,2937,1.5727712,-4.5012946,Ngn3 high EP,0.94616294,0.0108754365,87
UMAP2,2938,-1.4015095,-4.476578,Ngn3 high EP,1.0640187,0.0122301,87
UMAP2,2939,-8.251775,2.8507967,Ductal,1.016842,0.011687839,87
UMAP2,2940,3.7496772,4.894573,Beta,4.1508837,0.047711305,87
UMAP2,2941,7.1980386,4.7830353,Alpha,0.76927304,0.008842219,87
UMAP2,2942,-8.587033,0.7330025,Ngn3 low EP,0.9734326,0.011188881,87
UMAP2,2943,-9.308093,-0.58092386,Ductal,0.99166334,0.011398429,87
UMAP2,2944,-11.554559,3.8415847,Ductal,1.0145557,0.011661559,87
UMAP2,2945,-9.26611,0.15119429,Ductal,0.9930405,0.011414259,87
UMAP2,2946,2.8688471,-4.427242,Pre-endocrine,0.91502094,0.010517482,87
UMAP2,2947,-1.7190795,-4.6208787,Ngn3 high EP,1.0187172,0.011709393,87
UMAP2,2948,5.0793343,0.07102245,Beta,0.9324466,0.010717777,87
UMAP2,2949,-12.195101,1.5214018,Ductal,0.9758181,0.0112163,87
UMAP2,2950,-2.9800076,-3.822571,Ngn3 high EP,1.0484133,0.012050727,87
UMAP2,2951,4.719584,2.3057368,Beta,0.91780645,0.0105495,87
UMAP2,2952,-9.930867,0.14022501,Ductal,0.98301303,0.011299,87
UMAP2,2953,-10.464272,1.1120373,Ductal,0.9741472,0.011197094,87
UMAP2,2954,-1.937821,-4.796452,Ngn3 high EP,1.0267822,0.011802094,87
UMAP2,2955,5.148949,1.1288601,Beta,0.90728813,0.010428599,87
UMAP2,2956,3.3859298,4.6542473,Beta,3.7853904,0.043510236,87
UMAP2,2957,6.419862,1.7229252,Alpha,0.82116044,0.009438626,87
UMAP2,2958,-9.809722,0.6036467,Ductal,0.9792648,0.011255917,87
UMAP2,2959,-0.7276897,-4.9411907,Ngn3 high EP,1.0112865,0.011623982,87
UMAP2,2960,-9.926398,-0.85374135,Ductal,0.98605174,0.011333928,87
UMAP2,2961,2.857728,6.2357287,Beta,6.090741,0.07000852,87
UMAP2,2962,2.513339,6.042078,Beta,6.2112074,0.07139319,87
UMAP2,2963,5.182744,2.269865,Beta,0.881423,0.010131299,87
UMAP2,2964,-11.717932,4.9450803,Ductal,0.95821786,0.011013999,87
UMAP2,2965,4.47377,4.3675056,Beta,2.3457515,0.026962662,87
UMAP2,2966,5.6875296,-1.7521157,Pre-endocrine,0.8434695,0.009695052,87
UMAP2,2967,1.2546676,-2.157583,Pre-endocrine,0.9185641,0.0105582075,87
UMAP2,2968,7.594552,4.2184396,Alpha,0.747554,0.008592575,87
UMAP2,2969,-7.874665,-1.026542,Ngn3 low EP,1.0010026,0.011505776,87
UMAP2,2970,5.379908,-2.7479694,Pre-endocrine,0.9027657,0.010376617,87
UMAP2,2971,3.0102792,4.478548,Beta,6.2045717,0.07131691,87
UMAP2,2972,-10.034426,-0.46904477,Ductal,0.98189354,0.011286133,87
UMAP2,2973,6.7363954,3.7982173,Alpha,0.7559969,0.00868962,87
UMAP2,2974,3.1175563,-4.4131713,Pre-endocrine,0.88865554,0.010214431,87
UMAP2,2975,4.0871716,4.650711,Beta,1.9203161,0.022072598,87
UMAP2,2976,4.576146,3.9277353,Beta,1.1137403,0.012801613,87
UMAP2,2977,-8.628633,0.8781833,Ductal,0.9894257,0.01137271,87
UMAP2,2978,2.4858654,1.3925875,Epsilon,0.962138,0.011059058,87
UMAP2,2979,-11.017596,-0.44113448,Ductal,0.9745642,0.011201887,87
UMAP2,2980,-1.653373,-4.324791,Ngn3 high EP,0.96741575,0.011119721,87
UMAP2,2981,2.9218717,-4.4553576,Pre-endocrine,0.8858411,0.010182082,87
UMAP2,2982,5.347557,-1.0206188,Pre-endocrine,0.90021163,0.01034726,87
UMAP2,2983,3.0606508,4.23254,Beta,5.471882,0.06289519,87
UMAP2,2984,-4.934223,-3.772807,Ngn3 high EP,1.0134377,0.01164871,87
UMAP2,2985,7.1787195,4.4074726,Alpha,0.76717067,0.008818054,87
UMAP2,2986,2.7408001,1.5493739,Epsilon,0.942588,0.010834345,87
UMAP2,2987,1.0762694,-4.203014,Ngn3 high EP,0.9983428,0.0114752045,87
UMAP2,2988,-9.660886,-0.31182942,Ductal,0.99031115,0.011382887,87
UMAP2,2989,7.991635,0.8696514,Alpha,0.8309485,0.009551132,87
UMAP2,2990,-9.35204,-1.288104,Ngn3 low EP,0.9971094,0.011461028,87
UMAP2,2991,6.542718,2.24791,Alpha,0.7705317,0.008856687,87
UMAP2,2992,4.849988,0.3184806,Pre-endocrine,0.8726251,0.010030174,87
UMAP2,2993,-11.306205,4.96224,Ductal,0.9600879,0.011035493,87
UMAP2,2994,-11.8566,4.207953,Ductal,0.9926706,0.011410007,87
UMAP2,2995,4.779786,3.8522964,Beta,0.99647963,0.011453789,87
UMAP2,2996,7.484823,1.906911,Alpha,0.74720097,0.008588517,87
UMAP2,2997,-9.615585,0.5156808,Ductal,0.9895102,0.01137368,87
UMAP2,2998,-9.530906,-0.19480523,Ductal,0.9861264,0.011334786,87
UMAP2,2999,-10.102479,1.8910459,Ductal,0.9683219,0.011130137,87
UMAP2,3000,3.2488768,5.215488,Beta,5.527684,0.0635366,87
UMAP2,3001,6.7597027,3.4954813,Alpha,0.7585444,0.008718901,87
UMAP2,3002,-9.568368,-0.6165912,Ductal,0.9890343,0.01136821,87
UMAP2,3003,7.050106,-0.5158598,Alpha,0.80676615,0.009273174,87
UMAP2,3004,-8.787682,-1.16128,Ngn3 low EP,0.9876702,0.011352531,87
UMAP2,3005,-10.505928,5.919856,Ductal,1.1145662,0.012811106,87
UMAP2,3006,4.940738,-0.68328166,Pre-endocrine,0.9501337,0.010921077,87
UMAP2,3007,-11.112989,4.2804294,Ngn3 low EP,1.0420897,0.011978042,87
UMAP2,3008,2.8380034,5.9655538,Beta,6.309059,0.072517924,87
UMAP2,3009,0.6944031,-4.2410364,Ngn3 high EP,0.92520785,0.010634573,87
UMAP2,3010,-10.905937,5.6329308,Ductal,1.0454638,0.012016825,87
UMAP2,3011,5.9399796,-2.1410382,Pre-endocrine,0.8696365,0.009995822,87
UMAP2,3012,6.4653463,-0.32196808,Pre-endocrine,0.8865432,0.010190152,87
UMAP2,3013,8.208344,4.2374234,Alpha,0.7435336,0.008546364,87
UMAP2,3014,3.240741,2.3386052,Epsilon,0.87064075,0.010007365,87
UMAP2,3015,5.592017,-1.6610442,Pre-endocrine,0.91437703,0.0105100805,87
UMAP2,3016,4.400426,-3.4555888,Pre-endocrine,0.8489361,0.009757886,87
UMAP2,3017,-2.3855624,-4.492549,Ngn3 high EP,1.0009964,0.011505705,87
UMAP2,3018,-4.1347528,-3.6965592,Ngn3 high EP,1.0392344,0.011945223,87
UMAP2,3019,-0.055253163,-5.272611,Ngn3 high EP,0.95234984,0.0109465495,87
UMAP2,3020,0.7308385,-4.663861,Ngn3 high EP,0.9429995,0.010839075,87
UMAP2,3021,6.293482,-2.7575195,Pre-endocrine,0.851516,0.00978754,87
UMAP2,3022,-11.35771,-0.52780676,Ductal,0.98228276,0.011290606,87
UMAP2,3023,1.766761,-2.9036505,Pre-endocrine,0.90562034,0.010409429,87
UMAP2,3024,2.4158838,5.3084774,Beta,6.3137927,0.07257233,87
UMAP2,3025,-11.05919,0.18539348,Ductal,0.9704728,0.01115486,87
UMAP2,3026,-2.3717058,-4.3657503,Ngn3 high EP,1.0246716,0.011777834,87
UMAP2,3027,-10.078918,1.2556434,Ductal,0.98099446,0.011275798,87
UMAP2,3028,5.023946,-3.6729147,Pre-endocrine,0.8773373,0.010084337,87
UMAP2,3029,4.5287814,2.8949783,Beta,0.99042594,0.011384206,87
UMAP2,3030,5.9676795,-1.4501908,Pre-endocrine,0.8668269,0.009963527,87
UMAP2,3031,-8.034939,-1.2609184,Ductal,1.0035777,0.011535376,87
UMAP2,3032,-10.74869,-0.060357634,Ductal,0.9658696,0.011101949,87
UMAP2,3033,6.0248294,1.7181793,Alpha,0.8265654,0.009500751,87
UMAP2,3034,3.7449214,4.0103683,Beta,2.3036776,0.026479052,87
UMAP2,3035,-10.724752,6.1106195,Ductal,1.0301529,0.011840838,87
UMAP2,3036,3.9990835,0.35773468,Pre-endocrine,0.8670803,0.00996644,87
UMAP2,3037,4.919539,1.3711252,Beta,0.91351014,0.010500116,87
UMAP2,3038,2.5769484,4.800942,Beta,5.908461,0.067913346,87
UMAP2,3039,-5.5811343,-3.5831637,Ngn3 high EP,1.0180299,0.0117014935,87
UMAP2,3040,-9.813268,4.9627504,Ngn3 low EP,1.0944061,0.012579381,87
UMAP2,3041,-10.037365,1.0588305,Ngn3 low EP,0.9819303,0.011286556,87
UMAP2,3042,-8.519134,0.58903027,Ductal,0.9813739,0.0112801595,87
UMAP2,3043,5.8081207,3.532994,Alpha,0.80075467,0.009204077,87
UMAP2,3044,5.2229056,1.9253832,Beta,0.94242656,0.0108324895,87
UMAP2,3045,-10.361349,6.116014,Ductal,1.0951931,0.012588427,87
UMAP2,3046,5.643011,-0.9055212,Pre-endocrine,0.9724474,0.011177557,87
UMAP2,3047,3.183497,4.178009,Beta,4.6484394,0.053430337,87
UMAP2,3048,-0.72182345,-3.8273387,Ngn3 high EP,0.993688,0.011421701,87
UMAP2,3049,-0.29823917,-5.0734715,Ngn3 high EP,0.9680451,0.011126955,87
UMAP2,3050,3.601744,4.954075,Beta,4.487682,0.05158255,87
UMAP2,3051,5.091476,0.02526528,Pre-endocrine,0.92108476,0.010587181,87
UMAP2,3052,6.929329,3.0573604,Alpha,0.73432136,0.008440475,87
UMAP2,3053,-2.1588788,-4.8266687,Ngn3 high EP,1.0047251,0.011548565,87
UMAP2,3054,-12.008178,4.8173027,Ductal,0.95478606,0.0109745525,87
UMAP2,3055,5.710058,-2.2395873,Pre-endocrine,0.86310494,0.009920746,87
UMAP2,3056,-5.7897973,-3.1148868,Ngn3 high EP,0.99831206,0.0114748515,87
UMAP2,3057,2.0088367,-4.087332,Pre-endocrine,0.9247489,0.010629297,87
UMAP2,3058,-9.363203,2.427994,Ductal,0.97623956,0.011221144,87
UMAP2,3059,2.5752132,-4.6136074,Pre-endocrine,0.9118337,0.010480847,87
UMAP2,3060,2.3101606,-4.4199724,Ngn3 high EP,0.9025848,0.010374538,87
UMAP2,3061,-8.834809,-0.39372686,Ngn3 low EP,1.0008829,0.0115044005,87
UMAP2,3062,-9.472711,4.5352597,Ngn3 low EP,1.1420264,0.01312674,87
UMAP2,3063,-9.566519,-1.3418096,Ductal,0.99706644,0.011460533,87
UMAP2,3064,4.376596,-3.320833,Pre-endocrine,0.8968151,0.01030822,87
UMAP2,3065,7.311135,0.08314842,Alpha,0.88994753,0.010229282,87
UMAP2,3066,6.4727263,3.3832648,Alpha,0.7262055,0.00834719,87
UMAP2,3067,-9.645068,-0.3125268,Ductal,0.9911305,0.011392305,87
UMAP2,3068,3.934314,3.761562,Beta,2.061543,0.023695897,87
UMAP2,3069,6.2865677,2.335801,Alpha,0.75735813,0.008705266,87
UMAP2,3070,-4.88938,-3.917828,Ngn3 high EP,1.0254415,0.011786684,87
UMAP2,3071,2.5548847,5.9981933,Beta,6.2758694,0.07213643,87
UMAP2,3072,-11.1004305,-1.2622461,Ductal,0.98472357,0.011318661,87
UMAP2,3073,-12.388145,2.8762474,Ductal,0.9751363,0.0112084625,87
UMAP2,3074,-5.7178187,-2.3581405,Ngn3 high EP,1.0149488,0.011666079,87
UMAP2,3075,8.639412,4.407149,Alpha,0.7236157,0.008317422,87
UMAP2,3076,5.8366237,0.0065318868,Pre-endocrine,0.89687335,0.010308889,87
UMAP2,3077,7.162904,2.5928514,Alpha,0.75577855,0.00868711,87
UMAP2,3078,-0.048369043,-4.705376,Ngn3 high EP,0.96123797,0.011048712,87
UMAP2,3079,-8.498058,-1.7623398,Ngn3 low EP,0.99869835,0.011479291,87
UMAP2,3080,4.3824797,3.8519747,Beta,1.0429387,0.011987802,87
UMAP2,3081,-1.9325289,-4.424458,Ngn3 high EP,1.012467,0.011637552,87
UMAP2,3082,8.948965,-1.2637885,Delta,0.7666566,0.008812144,87
UMAP2,3083,4.0057154,-4.1772556,Pre-endocrine,0.8677425,0.009974051,87
UMAP2,3084,4.9464583,-3.0447412,Pre-endocrine,0.93448013,0.010741151,87
UMAP2,3085,3.4907613,5.2803454,Beta,4.5495987,0.05229424,87
UMAP2,3086,2.1875768,6.606803,Beta,5.769912,0.06632082,87
UMAP2,3087,-10.96965,4.151917,Ductal,1.0428278,0.011986527,87
UMAP2,3088,-8.233359,0.63230556,Ngn3 low EP,0.99046206,0.011384621,87
UMAP2,3089,2.5411146,0.6616511,Epsilon,0.9475933,0.010891877,87
UMAP2,3090,5.46103,4.3026843,Beta,1.25752,0.014454252,87
UMAP2,3091,-6.8623347,-2.3429306,Ngn3 high EP,0.9828913,0.011297601,87
UMAP2,3092,-10.595545,-1.008687,Ductal,0.98189056,0.0112860985,87
UMAP2,3093,1.9440352,0.24210902,Epsilon,0.9344683,0.010741015,87
UMAP2,3094,5.1774983,-2.8412488,Pre-endocrine,0.8498856,0.0097688,87
UMAP2,3095,2.625565,4.8460197,Beta,6.252972,0.07187324,87
UMAP2,3096,1.6358848,-0.93633664,Epsilon,0.91821146,0.010554154,87
UMAP2,3097,-7.4450445,0.15941578,Ngn3 low EP,1.0076127,0.011581755,87
UMAP2,3098,6.7295575,2.3284583,Alpha,0.7889133,0.009067969,87
UMAP2,3099,8.039416,4.1595182,Alpha,0.7428135,0.008538087,87
UMAP2,3100,4.786529,3.5258963,Epsilon,0.77248204,0.008879104,87
UMAP2,3101,7.514073,-0.11962641,Alpha,0.84415257,0.009702903,87
UMAP2,3102,0.26888007,-3.2851694,Ngn3 high EP,0.9458755,0.010872132,87
UMAP2,3103,4.8777843,1.4145834,Alpha,0.80443984,0.009246435,87
UMAP2,3104,-9.922938,-1.191587,Ductal,0.99886894,0.0114812525,87
UMAP2,3105,5.4435678,-1.4263673,Pre-endocrine,0.88003093,0.010115298,87
UMAP2,3106,0.7416657,-4.6631045,Ngn3 high EP,1.0445151,0.012005921,87
UMAP2,3107,-11.200003,-0.5043114,Ductal,0.9723392,0.011176312,87
UMAP2,3108,2.5304408,5.1536183,Beta,6.219576,0.07148938,87
UMAP2,3109,5.3750777,-0.43074045,Pre-endocrine,0.9197145,0.010571431,87
UMAP2,3110,2.012546,-3.8899696,Ngn3 high EP,0.94970113,0.010916105,87
UMAP2,3111,-12.082752,4.3512936,Ductal,0.9717089,0.011169068,87
UMAP2,3112,7.9162517,5.0154424,Alpha,0.7811273,0.008978474,87
UMAP2,3113,2.9049213,2.1824396,Epsilon,0.8973355,0.010314202,87
UMAP2,3114,4.439878,4.0450845,Beta,1.4240524,0.016368417,87
UMAP2,3115,-9.450751,-0.5643755,Ductal,0.98740137,0.011349441,87
UMAP2,3116,-3.487601,-3.604107,Ngn3 high EP,1.0118058,0.011629951,87
UMAP2,3117,-10.981086,-0.7653934,Ductal,0.98604655,0.011333869,87
UMAP2,3118,4.3713155,-4.1654067,Pre-endocrine,0.85256636,0.009799614,87
UMAP2,3119,1.0887082,-2.3707118,Pre-endocrine,0.9243155,0.0106243165,87
UMAP2,3120,6.870564,0.2391737,Beta,0.8360714,0.009610016,87
UMAP2,3121,-12.13262,1.9287547,Ductal,0.96927625,0.0111411065,87
UMAP2,3122,7.539421,4.704502,Alpha,0.77604437,0.00892005,87
UMAP2,3123,-2.1313505,-3.9181294,Ngn3 high EP,1.0689781,0.0122871045,87
UMAP2,3124,-4.78647,-3.209186,Ngn3 high EP,1.0043585,0.011544351,87
UMAP2,3125,4.8406014,2.963165,Beta,0.89203763,0.0102533065,87
UMAP2,3126,6.593437,-1.3709223,Pre-endocrine,0.88437986,0.010165286,87
UMAP2,3127,7.5037475,-0.13223067,Alpha,0.8088577,0.009297214,87
UMAP2,3128,3.9790874,-3.441912,Pre-endocrine,0.88022643,0.010117545,87
UMAP2,3129,-9.977367,1.9051994,Ductal,0.96459305,0.011087276,87
UMAP2,3130,3.1575792,-1.5141116,Pre-endocrine,0.95737106,0.011004265,87
UMAP2,3131,-0.42475328,-4.95196,Ngn3 high EP,0.9848057,0.011319606,87
UMAP2,3132,1.8762056,-4.090156,Ngn3 high EP,0.96908593,0.011138919,87
UMAP2,3133,-9.851962,5.0863843,Ngn3 low EP,1.153717,0.013261115,87
UMAP2,3134,5.9423776,4.0812306,Epsilon,0.7724317,0.008878525,87
UMAP2,3135,7.704872,4.315843,Alpha,0.77171946,0.008870339,87
UMAP2,3136,-11.117677,0.31331602,Ductal,0.967015,0.011115115,87
UMAP2,3137,5.6628833,3.82018,Alpha,0.7593728,0.008728422,87
UMAP2,3138,6.7764945,1.3223624,Alpha,0.83213764,0.0095648,87
UMAP2,3139,-11.056734,4.0905886,Ngn3 low EP,1.056227,0.0121405395,87
UMAP2,3140,5.8332086,-1.4899211,Pre-endocrine,0.92642915,0.010648611,87
UMAP2,3141,2.1370318,5.513917,Beta,6.0500402,0.069540694,87
UMAP2,3142,5.586023,1.3095127,Beta,0.9259546,0.010643156,87
UMAP2,3143,6.805768,3.5351949,Alpha,0.7425443,0.008534992,87
UMAP2,3144,4.4016776,-3.2861767,Pre-endocrine,0.90933204,0.010452093,87
UMAP2,3145,7.514641,3.0836282,Alpha,0.72523624,0.008336049,87
UMAP2,3146,-11.552562,3.7454157,Ductal,0.9651543,0.011093727,87
UMAP2,3147,2.6268704,-3.7012951,Pre-endocrine,0.91949654,0.010568926,87
UMAP2,3148,3.7081592,4.2070603,Beta,2.6564116,0.030533466,87
UMAP2,3149,-11.264446,5.8580513,Ductal,1.0102069,0.011611574,87
UMAP2,3150,6.384062,2.008199,Alpha,0.79793584,0.009171677,87
UMAP2,3151,5.9336276,1.629769,Alpha,0.75074387,0.00862924,87
UMAP2,3152,-11.091844,-1.5186132,Ductal,0.9942436,0.011428088,87
UMAP2,3153,5.082512,-0.09660233,Pre-endocrine,0.90347123,0.010384726,87
UMAP2,3154,-10.499344,-0.39209294,Ductal,0.98066086,0.011271964,87
UMAP2,3155,4.7627506,1.803881,Beta,0.939941,0.010803919,87
UMAP2,3156,-10.898587,5.6153255,Ductal,1.067436,0.012269379,87
UMAP2,3157,5.93473,-0.055334255,Pre-endocrine,0.8847563,0.010169613,87
UMAP2,3158,-11.267834,5.638401,Ductal,0.97667,0.011226092,87
UMAP2,3159,-8.954212,-0.5556013,Ductal,0.9997449,0.011491321,87
UMAP2,3160,-7.611187,-1.5438896,Ngn3 low EP,0.99556786,0.011443309,87
UMAP2,3161,-6.656038,-2.375447,Ngn3 high EP,0.9923172,0.011405945,87
UMAP2,3162,-12.310024,2.5490623,Ductal,0.9794831,0.011258427,87
UMAP2,3163,-12.0879755,3.6589367,Ductal,0.9899175,0.011378362,87
UMAP2,3164,-5.5963817,-3.1832514,Ngn3 high EP,1.0094795,0.011603213,87
UMAP2,3165,3.6592135,-3.6322737,Pre-endocrine,0.9669516,0.011114386,87
UMAP2,3166,5.8217835,-1.4305497,Pre-endocrine,0.8624615,0.00991335,87
UMAP2,3167,-8.131338,-0.61566246,Ngn3 low EP,1.0038184,0.011538142,87
UMAP2,3168,-6.7673254,-2.550058,Ngn3 high EP,0.9858339,0.011331424,87
UMAP2,3169,-0.9684659,-3.7777982,Ngn3 high EP,0.99865836,0.011478832,87
UMAP2,3170,-9.76295,-1.0132574,Ductal,0.98204213,0.011287841,87
UMAP2,3171,5.185222,-1.6270154,Pre-endocrine,0.91188747,0.010481465,87
UMAP2,3172,5.085424,1.2749233,Beta,0.9499926,0.010919455,87
UMAP2,3173,-10.904997,-0.88950205,Ductal,0.984757,0.011319046,87
UMAP2,3174,-0.21223307,-3.540902,Ngn3 high EP,0.97283745,0.01118204,87
UMAP2,3175,2.0526783,0.029384397,Epsilon,0.91733766,0.010544111,87
UMAP2,3176,-9.282312,2.3353631,Ductal,0.97908217,0.011253818,87
UMAP2,3177,-8.7359,-0.627829,Ngn3 low EP,0.9964006,0.011452881,87
UMAP2,3178,-1.9669499,-4.3866687,Ngn3 high EP,1.0151827,0.011668767,87
UMAP2,3179,-10.854662,-0.699464,Ductal,0.9793005,0.011256328,87
UMAP2,3180,4.3440146,2.766769,Beta,0.9706207,0.01115656,87
UMAP2,3181,7.0385866,2.421125,Alpha,0.7538694,0.008665166,87
UMAP2,3182,-11.152553,0.8132424,Ductal,0.9739514,0.011194844,87
UMAP2,3183,3.3869565,-0.6620249,Pre-endocrine,0.93917674,0.010795135,87
UMAP2,3184,-5.1348257,-3.7563212,Ngn3 high EP,1.0135413,0.0116499,87
UMAP2,3185,5.012987,0.71200925,Beta,0.9375479,0.010776413,87
UMAP2,3186,-12.067709,4.2511277,Ngn3 low EP,0.97217,0.011174368,87
UMAP2,3187,6.6883664,3.5213506,Alpha,0.7501024,0.008621867,87
UMAP2,3188,-9.998445,0.5429582,Ductal,0.97989374,0.011263146,87
UMAP2,3189,7.1684785,1.2038751,Alpha,0.8128519,0.009343125,87
UMAP2,3190,-7.930037,-1.5867757,Ngn3 low EP,1.00421,0.011542643,87
UMAP2,3191,-3.3589995,-3.7424326,Ngn3 high EP,1.0169661,0.011689265,87
UMAP2,3192,5.0460362,-3.6721923,Pre-endocrine,0.9118877,0.0104814675,87
UMAP2,3193,2.718242,-4.209067,Pre-endocrine,0.9081176,0.010438133,87
UMAP2,3194,3.2344973,-1.433329,Pre-endocrine,0.95733833,0.011003889,87
UMAP2,3195,7.6336656,0.23701985,Alpha,0.83120584,0.00955409,87
UMAP2,3196,7.4109387,-0.37072968,Alpha,0.79389244,0.0091252,87
UMAP2,3197,-10.148981,3.2952883,Ductal,0.9677888,0.011124009,87
UMAP2,3198,5.9517307,0.33545822,Beta,0.8997164,0.010341568,87
UMAP2,3199,-11.165598,-0.58389014,Ductal,0.97819906,0.011243667,87
UMAP2,3200,5.7157125,3.3023965,Beta,0.7559252,0.008688795,87
UMAP2,3201,7.4407196,-0.77656513,Delta,0.7563071,0.008693186,87
UMAP2,3202,-12.218185,1.9570822,Ductal,0.9702778,0.011152619,87
UMAP2,3203,2.9572637,1.9222233,Epsilon,0.94139755,0.010820662,87
UMAP2,3204,-8.715087,-1.3175828,Ngn3 low EP,0.9927724,0.011411177,87
UMAP2,3205,2.6618667,-4.3421035,Pre-endocrine,0.8857291,0.010180794,87
UMAP2,3206,2.3690085,-4.538322,Pre-endocrine,0.9001279,0.010346297,87
UMAP2,3207,5.22939,-3.1358962,Pre-endocrine,0.897799,0.010319529,87
UMAP2,3208,1.4960924,-2.002422,Pre-endocrine,0.9246979,0.010628711,87
UMAP2,3209,-0.65114605,-4.986791,Ngn3 high EP,0.9723351,0.011176266,87
UMAP2,3210,4.6872215,2.5272727,Beta,0.91725385,0.010543148,87
UMAP2,3211,6.1233535,-2.1014278,Pre-endocrine,0.9191396,0.010564824,87
UMAP2,3212,-8.447909,2.1838665,Ngn3 low EP,1.0141029,0.011656356,87
UMAP2,3213,-1.8363432,-3.9175758,Ngn3 high EP,1.0001643,0.011496141,87
UMAP2,3214,-6.864301,-2.5897355,Ngn3 high EP,0.997239,0.011462517,87
UMAP2,3215,3.2137678,2.2410977,Epsilon,0.88168836,0.010134349,87
UMAP2,3216,5.5250683,3.843335,Beta,0.8203274,0.009429051,87
UMAP2,3217,4.8798347,1.0239991,Pre-endocrine,0.7865206,0.0090404665,87
UMAP2,3218,-7.7873917,-0.92678726,Ngn3 low EP,1.0001125,0.011495546,87
UMAP2,3219,-8.905399,3.252008,Ductal,0.99818206,0.011473357,87
UMAP2,3220,3.5895581,5.419317,Beta,4.4561777,0.051220432,87
UMAP2,3221,5.3176703,-3.5299945,Pre-endocrine,0.9438842,0.010849244,87
UMAP2,3222,8.435904,3.8746455,Alpha,0.70948887,0.008155044,87
UMAP2,3223,5.5578938,0.734402,Beta,0.9550469,0.01097755,87
UMAP2,3224,-10.271492,-1.1040636,Ductal,0.98582035,0.011331269,87
UMAP2,3225,-1.925727,-3.89839,Ngn3 high EP,1.005583,0.011558426,87
UMAP2,3226,-11.162253,1.0939736,Ductal,0.9651451,0.011093622,87
UMAP2,3227,-1.0288771,-4.860438,Ngn3 high EP,0.9695843,0.011144647,87
UMAP2,3228,3.2891972,3.8646717,Beta,3.1509092,0.036217347,87
UMAP2,3229,3.073784,-4.5222344,Pre-endocrine,0.8749843,0.010057291,87
UMAP2,3230,7.7543187,4.866087,Alpha,0.75839186,0.008717148,87
UMAP2,3231,6.2920475,2.5565634,Alpha,0.76856303,0.0088340575,87
UMAP2,3232,-2.2910988,-2.174536,Ngn3 high EP,1.184884,0.013619356,87
UMAP2,3233,2.2026165,-4.5116158,Ngn3 high EP,0.94471097,0.010858747,87
UMAP2,3234,-9.837445,0.19745953,Ngn3 low EP,0.9779585,0.011240902,87
UMAP2,3235,-12.339652,3.3165536,Ductal,0.9806733,0.011272107,87
UMAP2,3236,-9.043615,-0.4402088,Ductal,0.9930515,0.011414385,87
UMAP2,3237,-9.372487,-1.1887928,Ngn3 low EP,1.0008132,0.0115036005,87
UMAP2,3238,-8.418871,-1.7315075,Ngn3 low EP,1.0011265,0.011507201,87
UMAP2,3239,-10.144275,-1.5914662,Ductal,0.999629,0.011489988,87
UMAP2,3240,1.9490336,6.2153068,Beta,5.673171,0.06520886,87
UMAP2,3241,5.288992,0.09288903,Beta,0.9486272,0.010903761,87
UMAP2,3242,4.1017876,-4.22042,Pre-endocrine,0.8470423,0.009736119,87
UMAP2,3243,-8.944336,-1.5494668,Ductal,1.0107207,0.01161748,87
UMAP2,3244,2.8880355,0.40712494,Epsilon,0.9233429,0.010613137,87
UMAP2,3245,3.8883388,1.7723237,Epsilon,0.80927384,0.009301998,87
UMAP2,3246,3.53487,3.9930823,Beta,1.8589728,0.021367503,87
UMAP2,3247,7.6545563,1.3036174,Alpha,0.8281591,0.00951907,87
UMAP2,3248,3.105008,5.01903,Beta,4.489471,0.051603116,87
UMAP2,3249,-10.598378,-1.3636519,Ductal,0.98780787,0.011354113,87
UMAP2,3250,7.941132,2.8731577,Alpha,0.7148535,0.008216707,87
UMAP2,3251,9.360009,-1.2066541,Delta,0.7979677,0.009172042,87
UMAP2,3252,6.5465794,2.2704,Alpha,0.7436996,0.008548272,87
UMAP2,3253,-5.507449,-3.4383612,Ngn3 high EP,1.0081658,0.011588113,87
UMAP2,3254,4.8057437,0.9399095,Beta,0.9709691,0.011160565,87
UMAP2,3255,4.7676706,3.4806273,Beta,1.0366864,0.011915936,87
UMAP2,3256,-11.164391,-0.9300439,Ductal,0.97328526,0.011187186,87
UMAP2,3257,-1.7413499,-3.9006124,Ngn3 high EP,1.0062813,0.011566451,87
UMAP2,3258,-8.617489,-0.8583241,Ngn3 low EP,0.99416006,0.011427127,87
UMAP2,3259,3.573473,0.90717304,Pre-endocrine,0.863518,0.009925494,87
UMAP2,3260,5.322759,1.3457962,Beta,0.9416177,0.010823192,87
UMAP2,3261,-10.791601,4.9600015,Ductal,1.000491,0.011499897,87
UMAP2,3262,-10.634447,0.57489854,Ductal,0.9804982,0.011270094,87
UMAP2,3263,7.0047216,3.822643,Alpha,0.7563969,0.008694218,87
UMAP2,3264,-8.089976,0.544756,Ngn3 low EP,1.0024152,0.011522014,87
UMAP2,3265,-2.23698,-3.7676861,Ngn3 high EP,1.0097818,0.011606688,87
UMAP2,3266,-8.942372,3.1308434,Ductal,1.0009912,0.011505647,87
UMAP2,3267,8.290081,4.907939,Alpha,0.74722344,0.008588775,87
UMAP2,3268,5.947429,1.112579,Beta,0.90367925,0.010387118,87
UMAP2,3269,4.6538577,2.413908,Beta,0.81145823,0.009327106,87
UMAP2,3270,5.7744827,-1.7656041,Pre-endocrine,0.8697073,0.009996636,87
UMAP2,3271,-9.250384,1.9750572,Ductal,0.9749539,0.011206366,87
UMAP2,3272,6.94897,4.2180405,Alpha,0.7715142,0.008867979,87
UMAP2,3273,-9.779785,5.1191235,Ductal,1.1593603,0.01332598,87
UMAP2,3274,5.4223027,0.57824785,Beta,0.91029084,0.010463113,87
UMAP2,3275,4.7802324,-3.8452704,Pre-endocrine,0.86639833,0.009958602,87
UMAP2,3276,-9.208654,-0.6500344,Ngn3 low EP,0.99396545,0.01142489,87
UMAP2,3277,-9.515919,-0.8652788,Ductal,0.99387115,0.011423807,87
UMAP2,3278,-3.7102222,-3.9159093,Ngn3 high EP,1.0545695,0.012121488,87
UMAP2,3279,-11.595456,5.466562,Ductal,0.96483994,0.011090114,87
UMAP2,3280,-12.133611,3.5588923,Ngn3 low EP,0.98539317,0.011326359,87
UMAP2,3281,-5.0653243,-3.4757285,Ngn3 high EP,1.0111,0.011621839,87
UMAP2,3282,2.5652773,5.8437824,Beta,6.3997297,0.07356011,87
UMAP2,3283,-11.127897,4.290145,Ductal,1.0503268,0.012072722,87
UMAP2,3284,-9.634763,1.1162184,Ductal,0.97429395,0.011198781,87
UMAP2,3285,-8.288487,-1.7860253,Ngn3 low EP,0.9854188,0.011326653,87
UMAP2,3286,-8.283001,2.8382623,Ductal,1.0223762,0.011751451,87
UMAP2,3287,-2.2538764,-2.8610475,Ngn3 high EP,1.106364,0.012716828,87
UMAP2,3288,-2.372506,-2.5565758,Ngn3 high EP,1.1191986,0.012864351,87
UMAP2,3289,7.003385,4.0309753,Alpha,0.74631643,0.00857835,87
UMAP2,3290,3.1861794,4.817816,Beta,4.2376366,0.048708465,87
UMAP2,3291,2.8871212,2.1128964,Epsilon,0.89971626,0.010341566,87
UMAP2,3292,-1.6716139,-4.239286,Ngn3 high EP,0.99212754,0.011403765,87
UMAP2,3293,2.2774475,1.5366029,Epsilon,0.970113,0.011150724,87
UMAP2,3294,3.9162965,2.4039514,Epsilon,0.81041074,0.009315066,87
UMAP2,3295,-10.441655,3.3066373,Ductal,0.9727706,0.011181271,87
UMAP2,3296,6.005229,2.027597,Beta,0.893105,0.010265575,87
UMAP2,3297,-11.7960205,4.9581127,Ductal,0.96215224,0.011059221,87
UMAP2,3298,-9.8132105,2.807458,Ductal,0.97239155,0.011176914,87
UMAP2,3299,6.668726,2.0775678,Alpha,0.7483329,0.008601528,87
UMAP2,3300,-10.449508,1.2321903,Ductal,0.97977483,0.01126178,87
UMAP2,3301,6.326122,2.0441773,Alpha,0.76737577,0.008820411,87
UMAP2,3302,-10.176479,6.009998,Ductal,1.1563001,0.013290806,87
UMAP2,3303,6.66056,4.093653,Alpha,0.74527407,0.008566368,87
UMAP2,3304,5.691958,1.679279,Pre-endocrine,0.80627704,0.009267552,87
UMAP2,3305,-4.585396,-3.3968053,Ngn3 high EP,1.0425711,0.011983575,87
UMAP2,3306,-9.9248905,0.7809895,Ductal,0.9779008,0.011240239,87
UMAP2,3307,-10.983704,5.85137,Ductal,1.0258607,0.011791502,87
UMAP2,3308,0.10468864,-3.2827313,Ngn3 high EP,0.9632863,0.011072256,87
UMAP2,3309,3.9844918,-4.3958545,Pre-endocrine,0.8802016,0.01011726,87
UMAP2,3310,-10.828022,3.5895712,Ductal,0.9652395,0.011094707,87
UMAP2,3311,-9.1928625,0.56453323,Ductal,0.98569477,0.011329825,87
UMAP2,3312,-10.296893,0.60745776,Ductal,0.9873594,0.011348959,87
UMAP2,3313,2.1195242,-4.5113487,Ngn3 high EP,0.91381395,0.010503609,87
UMAP2,3314,7.4908953,1.5467111,Alpha,0.8674307,0.009970468,87
UMAP2,3315,4.276242,3.4834194,Beta,0.9462857,0.010876847,87
UMAP2,3316,-9.367031,-1.5261405,Ngn3 low EP,1.0033283,0.01153251,87
UMAP2,3317,4.975053,-2.4043741,Pre-endocrine,0.94073653,0.010813064,87
UMAP2,3318,-1.5660167,-3.6353786,Ngn3 high EP,0.985937,0.011332609,87
UMAP2,3319,5.8237634,2.5358257,Beta,0.8082875,0.009290661,87
UMAP2,3320,2.717212,5.865118,Beta,5.9674435,0.068591304,87
UMAP2,3321,-8.995721,1.2936478,Ductal,0.99099636,0.011390762,87
UMAP2,3322,7.9451857,1.3772856,Alpha,0.8308544,0.009550051,87
UMAP2,3323,5.776459,-0.6761702,Pre-endocrine,0.94772756,0.01089342,87
UMAP2,3324,-10.480133,-0.055897463,Ductal,0.9775361,0.011236047,87
UMAP2,3325,-7.5567894,-1.8433781,Ngn3 high EP,0.9858977,0.011332158,87
UMAP2,3326,-9.052008,0.42880067,Ductal,0.99375665,0.011422491,87
UMAP2,3327,5.3283396,2.0185242,Beta,0.8894053,0.01022305,87
UMAP2,3328,-3.4455283,-4.2071314,Ngn3 high EP,1.0367321,0.0119164605,87
UMAP2,3329,-1.2108362,-4.7996397,Ngn3 high EP,0.9638932,0.011079232,87
UMAP2,3330,8.800503,-1.3249571,Delta,0.7653893,0.0087975785,87
UMAP2,3331,-7.462007,-1.4478532,Ngn3 low EP,1.001044,0.011506253,87
UMAP2,3332,6.754327,-0.07227983,Pre-endocrine,0.8368698,0.009619193,87
UMAP2,3333,-9.959538,0.09277571,Ngn3 low EP,0.9849637,0.011321422,87
UMAP2,3334,-10.068035,-1.413173,Ductal,0.99488837,0.0114354985,87
UMAP2,3335,3.211215,4.294565,Beta,3.9950135,0.045919694,87
UMAP2,3336,-10.088614,-0.97611845,Ductal,0.9872221,0.0113473805,87
UMAP2,3337,5.124625,1.6148815,Beta,0.92095226,0.010585658,87
UMAP2,3338,5.961632,2.6682565,Alpha,0.76180303,0.008756356,87
UMAP2,3339,4.713338,-3.9889147,Pre-endocrine,0.8885801,0.010213564,87
UMAP2,3340,7.3301535,0.88708586,Alpha,0.8565284,0.009845154,87
UMAP2,3341,-9.331545,0.07630078,Ngn3 low EP,0.98382366,0.011308318,87
UMAP2,3342,-3.4471529,-3.9496508,Ngn3 high EP,0.9989048,0.011481665,87
UMAP2,3343,5.80596,-1.3143202,Pre-endocrine,0.9223748,0.0106020095,87
UMAP2,3344,4.9902844,2.6812763,Beta,0.89269835,0.0102609005,87
UMAP2,3345,-10.386935,4.9259377,Ngn3 low EP,1.0832952,0.012451669,87
UMAP2,3346,-4.5705447,-3.2038136,Ngn3 high EP,1.0109653,0.0116202915,87
UMAP2,3347,-8.782312,0.1952403,Ngn3 low EP,0.995564,0.011443264,87
UMAP2,3348,1.629157,-2.7849784,Pre-endocrine,0.96201307,0.011057622,87
UMAP2,3349,8.020035,4.8393784,Alpha,0.7570854,0.008702131,87
UMAP2,3350,2.4790494,4.828404,Beta,6.179125,0.071024425,87
UMAP2,3351,-9.329246,0.26825207,Ductal,0.99005574,0.011379951,87
UMAP2,3352,2.7019985,-3.6492054,Pre-endocrine,0.93203557,0.010713053,87
UMAP2,3353,-9.24065,-0.1915168,Ductal,0.98760676,0.011351801,87
UMAP2,3354,-4.3904276,-3.7661445,Ngn3 high EP,1.0285349,0.01182224,87
UMAP2,3355,4.44714,-0.4633284,Pre-endocrine,0.91362447,0.01050143,87
UMAP2,3356,7.301875,4.1249294,Alpha,0.7842562,0.00901444,87
UMAP2,3357,4.930727,2.602017,Beta,0.8854153,0.010177188,87
UMAP2,3358,1.9658728,0.84974194,Epsilon,0.9664649,0.011108791,87
UMAP2,3359,-1.1230097,-4.9661236,Ngn3 high EP,0.9980409,0.011471734,87
UMAP2,3360,2.9196975,5.3307395,Beta,6.1122284,0.070255496,87
UMAP2,3361,-10.692728,-0.123680755,Ductal,0.9842975,0.011313764,87
UMAP2,3362,-10.828777,4.6460085,Ductal,1.0449117,0.012010479,87
UMAP2,3363,-0.40019777,-4.15132,Ngn3 high EP,0.99105453,0.011391431,87
UMAP2,3364,5.759311,0.45926416,Beta,0.8645075,0.009936868,87
UMAP2,3365,-4.914341,-3.2556176,Ngn3 high EP,1.0018301,0.011515289,87
UMAP2,3366,-12.00255,3.7817667,Ngn3 low EP,1.0024308,0.011522193,87
UMAP2,3367,2.157737,-4.7122808,Ngn3 high EP,0.90761364,0.01043234,87
UMAP2,3368,7.1320667,4.263799,Alpha,0.76142335,0.008751992,87
UMAP2,3369,1.0379419,-4.952495,Ngn3 high EP,0.9399588,0.010804124,87
UMAP2,3370,3.774058,2.5189013,Epsilon,0.800781,0.009204379,87
UMAP2,3371,0.25574142,-3.1150782,Ngn3 high EP,0.9622706,0.011060582,87
UMAP2,3372,-10.245889,0.52048826,Ductal,0.98596025,0.011332876,87
UMAP2,3373,-9.11182,0.5352271,Ngn3 low EP,0.9922468,0.0114051355,87
UMAP2,3374,6.0522428,-0.74763596,Pre-endocrine,0.88688135,0.010194039,87
UMAP2,3375,5.7471943,0.9212082,Beta,0.9001963,0.010347084,87
UMAP2,3376,8.587255,4.3653827,Alpha,0.7241934,0.008324062,87
UMAP2,3377,1.0355145,-2.9057863,Pre-endocrine,0.9198061,0.010572484,87
UMAP2,3378,5.6121216,-1.4937655,Pre-endocrine,0.8849818,0.010172205,87
UMAP2,3379,3.2639165,0.5351428,Pre-endocrine,0.9226289,0.01060493,87
UMAP2,3380,3.9183605,3.781322,Beta,1.8947465,0.021778695,87
UMAP2,3381,-1.6601225,-4.467767,Ngn3 high EP,0.97168005,0.011168736,87
UMAP2,3382,-9.304523,1.4364269,Ductal,0.977226,0.011232483,87
UMAP2,3383,5.848971,-2.6644876,Pre-endocrine,0.89764416,0.010317749,87
UMAP2,3384,-9.500974,-0.009619295,Ductal,0.9929278,0.011412963,87
UMAP2,3385,-11.209026,-0.13110307,Ductal,0.9725617,0.011178871,87
UMAP2,3386,-10.108688,-0.3738746,Ngn3 low EP,0.980407,0.011269046,87
UMAP2,3387,1.1683394,-4.888338,Ngn3 high EP,0.9300168,0.010689848,87
UMAP2,3388,4.7320795,0.60582995,Pre-endocrine,0.832246,0.009566046,87
UMAP2,3389,5.849278,-2.4657118,Pre-endocrine,0.8851855,0.010174545,87
UMAP2,3390,-9.218119,1.1987513,Ductal,0.9803517,0.01126841,87
UMAP2,3391,-5.257141,-3.3982282,Ngn3 high EP,1.0147105,0.01166334,87
UMAP2,3392,7.335326,1.3624641,Alpha,0.81347275,0.009350262,87
UMAP2,3393,-2.8534222,-3.2757792,Ngn3 high EP,1.0368443,0.01191775,87
UMAP2,3394,-11.932412,1.9190938,Ductal,0.9761561,0.011220185,87
UMAP2,3395,5.3595247,-2.349715,Pre-endocrine,0.9218404,0.010595867,87
UMAP2,3396,5.3746467,1.7398217,Beta,0.9061128,0.010415089,87
UMAP2,3397,6.5051656,2.9330728,Alpha,0.6973773,0.008015831,87
UMAP2,3398,-10.694381,0.7282713,Ngn3 low EP,0.9783922,0.011245887,87
UMAP2,3399,5.4479055,-0.04101819,Beta,0.9006135,0.0103518795,87
UMAP2,3400,-10.33282,-1.1904751,Ductal,0.9890461,0.011368346,87
UMAP2,3401,-5.969287,-2.361582,Ngn3 high EP,0.9985441,0.011477518,87
UMAP2,3402,-5.116809,-3.7930672,Ngn3 high EP,1.0158103,0.01167598,87
UMAP2,3403,-11.683599,4.5486035,Ductal,0.98311883,0.011300216,87
UMAP2,3404,-10.066669,5.429803,Ductal,1.1386064,0.01308743,87
UMAP2,3405,-10.889197,-1.2863542,Ductal,0.98531735,0.011325487,87
UMAP2,3406,3.4871001,-4.3511333,Pre-endocrine,0.8786441,0.010099358,87
UMAP2,3407,-11.058939,6.0130043,Ductal,1.0268643,0.0118030375,87
UMAP2,3408,2.7277496,6.1127,Beta,6.4349575,0.07396503,87
UMAP2,3409,6.0606933,-2.9056304,Pre-endocrine,0.8669616,0.009965076,87
UMAP2,3410,-10.215721,0.7379198,Ductal,0.98784167,0.011354502,87
UMAP2,3411,4.6826286,0.50986826,Beta,0.8855026,0.010178191,87
UMAP2,3412,-2.489799,-2.2711177,Ngn3 high EP,1.2142341,0.0139567135,87
UMAP2,3413,5.6058116,0.71538913,Beta,0.8630264,0.009919844,87
UMAP2,3414,-9.557991,1.9020467,Ductal,0.9678949,0.011125229,87
UMAP2,3415,-3.8005557,-4.0613003,Ngn3 high EP,1.0176203,0.011696786,87
UMAP2,3416,-10.813456,-0.89025605,Ductal,0.98238003,0.011291725,87
UMAP2,3417,-10.075324,5.0714293,Ductal,1.1163087,0.012831135,87
UMAP2,3418,-9.259452,4.0974574,Ngn3 low EP,1.1608564,0.013343177,87
UMAP2,3419,7.860896,-1.0617602,Delta,0.74184823,0.008526991,87
UMAP2,3420,-8.137203,2.4502714,Ductal,1.0097874,0.011606752,87
UMAP2,3421,-9.907021,-1.2081568,Ductal,0.99482703,0.0114347935,87
UMAP2,3422,-10.105676,-0.5050958,Ductal,0.97687256,0.01122842,87
UMAP2,3423,-11.155005,3.9334562,Ductal,0.9659722,0.011103129,87
UMAP2,3424,4.4941964,2.6286774,Beta,0.92850226,0.01067244,87
UMAP2,3425,-9.357093,-1.5416559,Ductal,0.9999387,0.011493549,87
UMAP2,3426,5.0861516,1.4428006,Beta,0.9312446,0.010703961,87
UMAP2,3427,1.6891019,-0.37978297,Epsilon,0.9301392,0.010691255,87
UMAP2,3428,2.6477172,-3.8756182,Pre-endocrine,0.9208232,0.010584175,87
UMAP2,3429,-11.425537,5.091131,Ductal,0.9685006,0.011132191,87
UMAP2,3430,4.0870595,3.637953,Beta,1.0381119,0.011932321,87
UMAP2,3431,4.1085367,2.952996,Beta,1.0413293,0.011969302,87
UMAP2,3432,-11.673002,3.3998392,Ductal,0.9935349,0.011419942,87
UMAP2,3433,5.473214,-3.42275,Pre-endocrine,0.8770837,0.0100814225,87
UMAP2,3434,-11.981852,4.5939894,Ductal,0.96495914,0.011091485,87
UMAP2,3435,-9.714906,2.265131,Ductal,0.9636079,0.011075953,87
UMAP2,3436,5.8125744,1.393243,Beta,0.860446,0.009890184,87
UMAP2,3437,7.9907928,5.50127,Alpha,0.75364995,0.008662643,87
UMAP2,3438,-10.145468,-0.8576263,Ductal,0.99067926,0.011387118,87
UMAP2,3439,-8.7502165,4.3313437,Ngn3 low EP,1.1480777,0.013196296,87
UMAP2,3440,5.611056,-1.0550052,Pre-endocrine,0.81515825,0.009369635,87
UMAP2,3441,4.4061847,-3.7614417,Pre-endocrine,0.9059131,0.010412795,87
UMAP2,3442,6.6366715,4.2302985,Alpha,0.7525734,0.008650268,87
UMAP2,3443,4.1323895,3.5869288,Beta,1.0319908,0.011861963,87
UMAP2,3444,-11.551416,3.0895126,Ductal,0.970307,0.011152954,87
UMAP2,3445,8.605805,-1.1912602,Delta,0.75985587,0.008733976,87
UMAP2,3446,7.333028,5.263666,Alpha,0.79056275,0.009086928,87
UMAP2,3447,2.3013961,6.4542885,Beta,5.8445334,0.06717855,87
UMAP2,3448,-11.840385,1.2072667,Ductal,0.97010386,0.011150619,87
UMAP2,3449,1.3717763,-3.8605025,Ngn3 high EP,0.9772788,0.01123309,87
UMAP2,3450,-2.2775257,-2.4354217,Ngn3 high EP,1.1362517,0.013060364,87
UMAP2,3451,6.290097,4.1395264,Alpha,0.76347256,0.008775546,87
UMAP2,3452,6.387202,-1.7473699,Pre-endocrine,0.85264665,0.009800537,87
UMAP2,3453,4.4891953,-2.7059774,Pre-endocrine,0.9434069,0.010843758,87
UMAP2,3454,5.0753655,0.96973515,Beta,0.93480605,0.010744897,87
UMAP2,3455,6.050404,1.6020813,Beta,0.9021468,0.010369504,87
UMAP2,3456,-0.72420007,-3.91506,Ngn3 high EP,0.9829453,0.0112982225,87
UMAP2,3457,-9.296904,-0.03953967,Ductal,0.9856756,0.011329604,87
UMAP2,3458,7.634461,3.477059,Alpha,0.7301109,0.008392079,87
UMAP2,3459,-9.908816,3.3783882,Ductal,0.99947697,0.011488241,87
UMAP2,3460,-11.593908,1.4963092,Ductal,0.97575104,0.011215529,87
UMAP2,3461,-10.995916,0.599871,Ngn3 low EP,0.9722761,0.011175587,87
UMAP2,3462,-10.253343,6.123114,Ductal,1.1107926,0.012767731,87
UMAP2,3463,7.8444204,4.0226,Alpha,0.7253242,0.00833706,87
UMAP2,3464,3.2638407,2.5978906,Epsilon,0.8096545,0.009306373,87
UMAP2,3465,6.156519,1.2888489,Beta,0.86275196,0.009916689,87
UMAP2,3466,-11.479376,4.9647894,Ductal,0.9609469,0.0110453665,87
UMAP2,3467,7.6489034,4.3909354,Alpha,0.7661991,0.008806886,87
UMAP2,3468,-9.748277,-0.87535423,Ngn3 low EP,0.98677695,0.011342264,87
UMAP2,3469,1.6328652,-0.39686874,Epsilon,0.9363471,0.0107626105,87
UMAP2,3470,4.4144907,2.105587,Beta,0.92533374,0.0106360195,87
UMAP2,3471,-8.491961,0.17717524,Ngn3 low EP,0.98658025,0.0113400025,87
UMAP2,3472,-6.7012115,-2.4621072,Ngn3 high EP,0.98797625,0.011356049,87
UMAP2,3473,1.6750875,-0.14929478,Epsilon,0.924994,0.0106321145,87
UMAP2,3474,3.1948805,5.9314847,Beta,6.273605,0.0721104,87
UMAP2,3475,3.5711913,4.8357563,Beta,4.7039833,0.054068774,87
UMAP2,3476,7.6358986,1.7427877,Alpha,0.82220626,0.009450647,87
UMAP2,3477,6.0003357,1.064856,Beta,0.91743064,0.01054518,87
UMAP2,3478,3.6383328,1.3119661,Epsilon,0.82657903,0.009500909,87
UMAP2,3479,-9.824477,4.9370217,Ductal,1.1247715,0.012928408,87
UMAP2,3480,-9.635221,0.71397567,Ductal,0.9819482,0.011286761,87
UMAP2,3481,6.2182875,-0.15691003,Pre-endocrine,0.88210636,0.010139153,87
UMAP2,3482,-9.638986,-0.69635767,Ductal,0.98548067,0.011327364,87
UMAP2,3483,3.9064808,4.1219873,Beta,2.7608306,0.031733684,87
UMAP2,3484,-11.645293,5.137493,Ductal,0.9572712,0.011003117,87
UMAP2,3485,2.4165206,6.2873893,Beta,6.155688,0.070755035,87
UMAP2,3486,6.6614957,3.8286934,Alpha,0.7992697,0.009187007,87
UMAP2,3487,-10.544383,-1.5323185,Ngn3 low EP,0.99033535,0.011383165,87
UMAP2,3488,2.6407025,0.65043247,Epsilon,0.94155383,0.010822458,87
UMAP2,3489,2.3572807,5.7370915,Beta,6.239992,0.07172405,87
UMAP2,3490,-12.273853,2.837031,Ductal,0.96774983,0.011123561,87
UMAP2,3491,5.807965,-1.444458,Pre-endocrine,0.9003749,0.010349137,87
UMAP2,3492,-5.9216013,-2.922156,Ngn3 high EP,0.99774605,0.011468345,87
UMAP2,3493,3.5948684,-4.2124095,Pre-endocrine,0.85106266,0.009782329,87
UMAP2,3494,4.3551087,2.5171325,Beta,0.93423545,0.010738338,87
UMAP2,3495,5.716337,1.6469313,Beta,0.86657894,0.0099606775,87
UMAP2,3496,-0.35603976,-4.2525587,Ngn3 high EP,0.9858558,0.0113316765,87
UMAP2,3497,7.870039,0.40229726,Alpha,0.89946866,0.01033872,87
UMAP2,3498,3.1867445,-4.7475724,Pre-endocrine,0.901641,0.01036369,87
UMAP2,3499,-9.954683,0.17787698,Ductal,0.9906917,0.011387262,87
UMAP2,3500,7.091958,1.301291,Alpha,0.85163796,0.0097889425,87
UMAP2,3501,3.2014368,-4.432391,Pre-endocrine,0.9012064,0.010358694,87
UMAP2,3502,-8.996721,4.291045,Ngn3 low EP,1.1390688,0.013092745,87
UMAP2,3503,6.468232,3.1820712,Alpha,0.78589207,0.009033242,87
UMAP2,3504,3.108981,-3.8797767,Pre-endocrine,0.8954135,0.010292109,87
UMAP2,3505,-5.9222045,-3.005804,Ngn3 high EP,0.988869,0.0113663105,87
UMAP2,3506,-10.95776,5.6794643,Ductal,1.0086652,0.011593853,87
UMAP2,3507,-5.4629283,-2.6486645,Ngn3 high EP,1.0164136,0.011682915,87
UMAP2,3508,4.862818,-3.1938758,Pre-endocrine,0.91845274,0.010556928,87
UMAP2,3509,3.1507862,1.1691835,Epsilon,0.9018019,0.010365539,87
UMAP2,3510,4.654796,-3.1314163,Pre-endocrine,0.9211156,0.010587536,87
UMAP2,3511,-11.617738,5.1574535,Ductal,0.959358,0.011027103,87
UMAP2,3512,8.402873,3.8782508,Alpha,0.70411444,0.00809327,87
UMAP2,3513,-9.919706,-1.310924,Ductal,0.99112505,0.011392242,87
UMAP2,3514,8.216265,4.5281096,Alpha,0.73616576,0.008461676,87
UMAP2,3515,-0.3319835,-3.740317,Ngn3 high EP,0.9546304,0.0109727625,87
UMAP2,3516,-7.9092774,-1.4294064,Ngn3 low EP,0.9982619,0.011474275,87
UMAP2,3517,-8.678429,-1.5775795,Ductal,0.9996716,0.011490478,87
UMAP2,3518,-7.448922,-1.7568427,Ngn3 low EP,0.99433255,0.01142911,87
UMAP2,3519,6.2141166,1.8179153,Alpha,0.81458104,0.009363,87
UMAP2,3520,6.224984,3.0119598,Alpha,0.8456633,0.009720268,87
UMAP2,3521,-10.565362,-0.85899585,Ductal,0.97931874,0.011256537,87
UMAP2,3522,0.60398644,-3.521555,Ngn3 high EP,0.93828475,0.010784882,87
UMAP2,3523,5.9296637,-1.6748109,Pre-endocrine,0.86137706,0.009900886,87
UMAP2,3524,2.863865,-4.564295,Pre-endocrine,0.892789,0.010261943,87
UMAP2,3525,4.7716503,-3.5408416,Pre-endocrine,0.8660732,0.009954864,87
UMAP2,3526,6.475962,4.438973,Alpha,0.7737625,0.008893822,87
UMAP2,3527,-0.7945462,-5.075107,Ngn3 high EP,0.97418374,0.011197514,87
UMAP2,3528,2.904419,2.145964,Epsilon,0.8975103,0.01031621,87
UMAP2,3529,3.6781886,4.5114694,Beta,3.2708561,0.037596047,87
UMAP2,3530,4.8613014,4.6667576,Beta,2.9305046,0.03368396,87
UMAP2,3531,-10.614386,0.17043035,Ngn3 low EP,0.9703375,0.011153305,87
UMAP2,3532,2.8767307,4.6072197,Beta,4.1197457,0.047353398,87
UMAP2,3533,0.22147028,-5.0819106,Ngn3 high EP,0.989668,0.011375494,87
UMAP2,3534,4.2128544,-4.2525635,Pre-endocrine,0.84379303,0.009698771,87
UMAP2,3535,5.0978513,1.9720808,Beta,0.9025246,0.010373846,87
UMAP2,3536,-0.3845411,-4.8530045,Ngn3 high EP,0.96422505,0.011083047,87
UMAP2,3537,-8.233152,-2.0855274,Ngn3 high EP,0.9935741,0.0114203915,87
UMAP2,3538,-8.331946,-1.4161415,Ductal,1.0050339,0.011552113,87
UMAP2,3539,5.7475567,-0.9998253,Pre-endocrine,0.8923285,0.010256649,87
UMAP2,3540,7.3445635,2.7520552,Alpha,0.71444327,0.008211992,87
UMAP2,3541,-9.274789,2.4365058,Ngn3 low EP,0.97543126,0.0112118535,87
UMAP2,3542,4.8345356,-3.7305968,Pre-endocrine,0.8653904,0.009947016,87
UMAP2,3543,3.3451712,-3.8347437,Pre-endocrine,0.90271574,0.010376043,87
UMAP2,3544,2.1004143,5.514459,Beta,6.0694246,0.069763504,87
UMAP2,3545,-6.8648562,-2.0709584,Ngn3 high EP,0.99646974,0.011453675,87
UMAP2,3546,-7.227049,-2.309756,Ngn3 high EP,0.9881706,0.011358283,87
UMAP2,3547,-12.227198,1.4833428,Ductal,0.97833896,0.011245275,87
UMAP2,3548,8.226557,-1.0596043,Delta,0.73751855,0.008477225,87
UMAP2,3549,2.559056,-3.8532586,Pre-endocrine,0.92375803,0.010617908,87
UMAP2,3550,-0.46086085,-5.075161,Ngn3 high EP,0.96922195,0.0111404825,87
UMAP2,3551,9.541881,-1.0983233,Delta,0.7795872,0.008960772,87
UMAP2,3552,-6.017226,-2.5456953,Ngn3 high EP,0.9952125,0.011439224,87
UMAP2,3553,-5.4290066,-3.0425963,Ngn3 high EP,0.998296,0.011474667,87
UMAP2,3554,4.21249,2.1510196,Epsilon,0.79010224,0.009081635,87
UMAP2,3555,-8.997068,3.420043,Ductal,1.0127718,0.011641055,87
UMAP2,3556,5.8887773,-0.73586607,Pre-endocrine,0.95568085,0.010984837,87
UMAP2,3557,-8.8812065,0.17045636,Ductal,0.9925536,0.011408662,87
UMAP2,3558,5.5875163,-2.411594,Pre-endocrine,0.9304012,0.010694266,87
UMAP2,3559,-1.4442469,-4.9086175,Ngn3 high EP,1.0206792,0.011731945,87
UMAP2,3560,3.3783255,-1.3445677,Pre-endocrine,0.963017,0.011069161,87
UMAP2,3561,-8.74317,-1.082224,Ngn3 low EP,0.9994291,0.011487691,87
UMAP2,3562,1.5102974,-0.91830504,Epsilon,0.9349849,0.010746953,87
UMAP2,3563,4.941939,3.2710443,Beta,0.9535961,0.010960875,87
UMAP2,3564,-9.95595,4.750318,Ductal,1.1095442,0.012753381,87
UMAP2,3565,7.459807,4.111363,Alpha,0.75031936,0.008624361,87
UMAP2,3566,6.283103,-1.0875101,Pre-endocrine,0.88491786,0.010171469,87
UMAP2,3567,-10.039596,0.11554109,Ngn3 low EP,0.9776403,0.011237244,87
UMAP2,3568,-10.810894,0.21843153,Ngn3 low EP,0.9746378,0.011202733,87
UMAP2,3569,5.171929,0.30798605,Beta,1.0021205,0.0115186265,87
UMAP2,3570,3.9579084,5.092137,Beta,3.452847,0.039687898,87
UMAP2,3571,2.86906,2.0928972,Epsilon,0.91216856,0.010484696,87
UMAP2,3572,-10.555318,5.9869385,Ductal,1.094307,0.012578241,87
UMAP2,3573,-9.499289,2.9682546,Ductal,0.98150235,0.011281637,87
UMAP2,3574,-6.4037786,-2.715991,Ngn3 high EP,0.9852215,0.011324385,87
UMAP2,3575,-3.336478,-3.5888026,Ngn3 high EP,1.0213454,0.011739602,87
UMAP2,3576,-12.3520565,2.2830267,Ductal,0.9691764,0.011139959,87
UMAP2,3577,0.006408645,-4.153614,Ngn3 high EP,0.96868235,0.01113428,87
UMAP2,3578,-11.7743635,2.847076,Ductal,0.9780145,0.011241546,87
UMAP2,3579,3.772834,2.730947,Epsilon,0.7826984,0.008996533,87
UMAP2,3580,7.1090717,4.800615,Alpha,0.7670444,0.008816603,87
UMAP2,3581,-2.1880045,-3.900012,Ngn3 high EP,1.0325625,0.011868535,87
UMAP2,3582,7.0437155,-0.95194614,Pre-endocrine,0.8100958,0.009311446,87
UMAP2,3583,8.869451,-1.1857938,Delta,0.74432546,0.008555465,87
UMAP2,3584,5.375573,1.9540421,Beta,0.92640346,0.010648316,87
UMAP2,3585,6.3475695,4.128499,Alpha,0.7652911,0.00879645,87
UMAP2,3586,5.00156,0.4221755,Beta,0.8852391,0.010175162,87
UMAP2,3587,-0.44137344,-3.6494708,Ngn3 high EP,0.98496926,0.011321486,87
UMAP2,3588,-8.222092,2.51888,Ductal,1.0075947,0.0115815485,87
UMAP2,3589,-12.193673,3.2265875,Ductal,0.9863472,0.011337324,87
UMAP2,3590,6.116655,-0.9403765,Pre-endocrine,0.8588691,0.009872058,87
UMAP2,3591,-2.1160378,-4.7431803,Ngn3 high EP,1.0107061,0.011617311,87
UMAP2,3592,-9.234973,-0.16616526,Ductal,0.99062777,0.011386526,87
UMAP2,3593,2.7483344,0.9637706,Epsilon,0.932866,0.010722597,87
UMAP2,3594,6.969574,2.0368698,Alpha,0.7626773,0.008766406,87
UMAP2,3595,1.5702741,-3.97469,Ngn3 high EP,0.9502442,0.010922347,87
UMAP2,3596,-2.9508839,-3.87621,Ngn3 high EP,0.99463487,0.011432584,87
UMAP2,3597,5.330887,2.113447,Beta,0.8592263,0.009876165,87
UMAP2,3598,7.169775,1.2719516,Alpha,0.8686905,0.009984948,87
UMAP2,3599,-3.4221537,-4.4405327,Ngn3 high EP,1.0301086,0.011840329,87
UMAP2,3600,6.1178036,0.37118572,Beta,0.8809185,0.0101255,87
UMAP2,3601,-9.166187,-0.31840733,Ductal,0.99052423,0.011385336,87
UMAP2,3602,4.066785,3.451628,Beta,1.116375,0.012831897,87
UMAP2,3603,-5.01142,-2.962405,Ngn3 high EP,1.0113823,0.011625084,87
UMAP2,3604,6.245828,1.5339768,Beta,0.87519,0.010059656,87
UMAP2,3605,-10.954031,2.329907,Ductal,0.9578898,0.011010228,87
UMAP2,3606,-9.19039,-0.3584355,Ductal,0.9836403,0.01130621,87
UMAP2,3607,0.29909226,-4.588512,Ngn3 high EP,1.0241302,0.011771612,87
UMAP2,3608,1.3847989,-3.6980362,Pre-endocrine,0.94479716,0.010859737,87
UMAP2,3609,0.36767802,-3.9668787,Ngn3 high EP,0.97525483,0.011209826,87
UMAP2,3610,6.231789,-2.5219004,Pre-endocrine,0.8656342,0.009949818,87
UMAP2,3611,-9.837903,0.40915036,Ductal,0.979063,0.011253597,87
UMAP2,3612,3.4184594,-3.6084757,Pre-endocrine,0.88776124,0.010204152,87
UMAP2,3613,-11.046195,0.9275813,Ductal,0.97121406,0.01116338,87
UMAP2,3614,-3.9182708,-3.673639,Ngn3 high EP,1.0566413,0.012145303,87
UMAP2,3615,8.411371,4.346409,Alpha,0.72146374,0.008292687,87
UMAP2,3616,7.6921897,5.072018,Alpha,0.7675827,0.008822789,87
UMAP2,3617,4.8890944,1.400193,Alpha,0.771595,0.0088689085,87
UMAP2,3618,5.0252347,1.9386641,Alpha,0.86176014,0.009905289,87
UMAP2,3619,5.914497,-0.5285374,Pre-endocrine,0.91488236,0.010515889,87
UMAP2,3620,-11.572729,-0.27604187,Ductal,0.9766083,0.011225383,87
UMAP2,3621,-0.46860677,-5.0079446,Ngn3 high EP,0.9657234,0.011100269,87
UMAP2,3622,6.198884,1.1098937,Beta,0.8047042,0.009249473,87
UMAP2,3623,6.0927315,0.96325684,Beta,0.8782439,0.010094758,87
UMAP2,3624,7.447835,1.2147665,Alpha,0.8629855,0.009919373,87
UMAP2,3625,-10.037354,-1.3374988,Ductal,0.9983164,0.011474901,87
UMAP2,3626,-10.184078,3.052631,Ductal,0.9687149,0.011134654,87
UMAP2,3627,7.1703153,1.2246561,Alpha,0.82690775,0.009504687,87
UMAP2,3628,4.7295847,-3.8556445,Pre-endocrine,0.8872715,0.010198523,87
UMAP2,3629,-11.894615,1.2088823,Ductal,0.9700582,0.011150095,87
UMAP2,3630,-10.639165,-1.0476626,Ductal,0.98809284,0.011357389,87
UMAP2,3631,3.669992,4.869215,Beta,3.4239674,0.039355945,87
UMAP2,3632,3.20081,-3.5350833,Pre-endocrine,0.90936476,0.010452469,87
UMAP2,3633,6.128602,-1.8068864,Pre-endocrine,0.844878,0.009711241,87
UMAP2,3634,-11.312201,2.0118725,Ductal,0.97406626,0.0111961635,87
UMAP2,3635,5.7593603,-2.9636247,Pre-endocrine,0.87394917,0.010045392,87
UMAP2,3636,2.3865051,1.4757226,Epsilon,0.94825923,0.010899532,87
UMAP2,3637,-9.6161,1.3125572,Ductal,0.97735596,0.011233976,87
UMAP2,3638,-10.234129,1.2768017,Ductal,0.9531536,0.010955788,87
UMAP2,3639,5.9128222,-0.45436925,Pre-endocrine,0.91882676,0.010561227,87
UMAP2,3640,-0.26440614,-3.8145878,Ngn3 high EP,0.99204844,0.011402856,87
UMAP2,3641,3.3046117,2.0274622,Epsilon,0.8545766,0.00982272,87
UMAP2,3642,-11.38193,4.045002,Ductal,0.9652177,0.011094457,87
UMAP2,3643,6.9821906,1.4817544,Alpha,0.8345678,0.009592733,87
UMAP2,3644,-1.0000678,-4.925156,Ngn3 high EP,1.0087458,0.011594779,87
UMAP2,3645,5.949341,-2.3861215,Pre-endocrine,0.83604497,0.009609712,87
UMAP2,3646,7.3871927,4.987564,Alpha,0.802093,0.00921946,87
UMAP2,3647,-11.406801,0.69363064,Ductal,0.97743267,0.011234858,87
UMAP2,3648,-8.616263,2.9533086,Ductal,1.005288,0.011555035,87
UMAP2,3649,5.845792,-0.1662216,Pre-endocrine,0.9040059,0.010390872,87
UMAP2,3650,-8.105682,-1.2903501,Ngn3 low EP,0.9878346,0.01135442,87
UMAP2,3651,1.6033494,-4.033241,Ngn3 high EP,0.95034444,0.010923499,87
UMAP2,3652,4.0759315,-3.5573661,Pre-endocrine,0.8587296,0.009870456,87
UMAP2,3653,-10.633813,-0.52305174,Ductal,0.98103446,0.011276258,87
UMAP2,3654,1.0375923,-4.2561026,Ngn3 high EP,0.99244934,0.011407464,87
UMAP2,3655,-5.790003,-3.0777917,Ngn3 high EP,1.0004014,0.011498867,87
UMAP2,3656,-10.551823,-1.1606503,Ductal,0.98193485,0.011286607,87
UMAP2,3657,-11.074209,5.736424,Ductal,1.0414832,0.01197107,87
UMAP2,3658,-10.5400095,-0.92726415,Ductal,0.9802656,0.011267421,87
UMAP2,3659,5.4632163,-1.0133234,Pre-endocrine,0.9626496,0.011064937,87
UMAP2,3660,2.3236043,6.225656,Beta,5.9151573,0.06799031,87
UMAP2,3661,-5.783449,-2.605802,Ngn3 high EP,0.9986041,0.011478208,87
UMAP2,3662,7.690058,2.7896829,Alpha,0.7141596,0.008208731,87
UMAP2,3663,-10.559081,-0.5690177,Ductal,0.9791473,0.011254567,87
UMAP2,3664,-9.315624,0.07144633,Ductal,0.9894458,0.011372941,87
UMAP2,3665,-11.593998,4.086425,Ductal,1.0010129,0.011505895,87
UMAP2,3666,4.2145505,2.793928,Beta,0.9486427,0.010903939,87
UMAP2,3667,-8.552623,0.6740054,Ductal,0.97898126,0.011252658,87
UMAP2,3668,-11.864051,4.368212,Ductal,0.99394286,0.011424631,87
UMAP2,3669,3.818511,4.4617643,Beta,3.7816114,0.0434668,87
UMAP2,3670,6.0799117,4.1871715,Alpha,0.754141,0.008668287,87
UMAP2,3671,2.2372234,5.122345,Beta,6.217338,0.07146366,87
UMAP2,3672,-11.080321,0.66266304,Ductal,0.975286,0.011210184,87
UMAP2,3673,8.695528,-1.1252483,Delta,0.75394166,0.008665996,87
UMAP2,3674,4.7601285,-2.8684003,Pre-endocrine,0.9713542,0.01116499,87
UMAP2,3675,-7.7302036,-1.3971118,Ngn3 low EP,0.99551535,0.011442705,87
UMAP2,3676,-11.940071,2.1922762,Ductal,0.9810316,0.011276226,87
UMAP2,3677,-10.321405,0.68232834,Ductal,0.968558,0.01113285,87
UMAP2,3678,6.568665,2.6076488,Alpha,0.7394233,0.0084991185,87
UMAP2,3679,-9.542283,5.171164,Ductal,1.1646405,0.013386673,87
UMAP2,3680,-4.610063,-3.2278113,Ngn3 high EP,1.0081683,0.011588142,87
UMAP2,3681,5.330273,1.8977298,Beta,0.8918252,0.010250865,87
UMAP2,3682,3.910919,2.648445,Epsilon,0.79277205,0.009112323,87
UMAP2,3683,7.815907,5.2223816,Alpha,0.7351763,0.008450302,87
UMAP2,3684,-10.855444,5.7985606,Ductal,1.0325063,0.011867889,87
UMAP2,3685,1.8449681,5.7047763,Beta,5.674693,0.06522636,87
UMAP2,3686,-10.972211,-0.12698655,Ductal,0.9753456,0.011210869,87
UMAP2,3687,-1.0752212,-3.7588599,Ngn3 high EP,0.9956692,0.011444474,87
UMAP2,3688,-6.7104497,-1.9975425,Ngn3 high EP,0.9959223,0.011447383,87
UMAP2,3689,5.4993143,2.3692968,Beta,0.8827417,0.010146456,87
UMAP2,3690,5.597419,0.08526592,Pre-endocrine,0.9019431,0.010367162,87
UMAP2,3691,4.7684717,-1.3883531,Pre-endocrine,0.93367505,0.010731897,87
UMAP2,3692,-1.8733351,-4.18265,Ngn3 high EP,1.0179119,0.011700137,87
UMAP2,3693,-9.88225,-0.105594136,Ductal,0.9746603,0.011202992,87
UMAP2,3694,6.6124244,4.531895,Alpha,0.76874286,0.008836125,87
UMAP2,3695,3.0710435,1.1204324,Epsilon,0.91277355,0.01049165,87
