cellIndex,embedding1,embedding2,cell_type
0,6.143066,-0.06364363,Pre-endocrine
1,-9.906417,0.19777754,Ductal
2,7.559791,0.58376163,Alpha
3,-11.283765,4.2189984,Ductal
4,1.7215647,-4.7534075,Ngn3 high EP
5,-10.936558,0.7738829,Ductal
6,6.77662,3.7410977,Alpha
7,-12.126013,1.7461848,Ductal
8,-10.632554,6.0370817,Ductal
9,-9.427508,0.89788103,Ductal
10,9.560197,-1.0534916,Delta
11,-11.894205,3.6242454,Ductal
12,4.693863,1.3343334,Beta
13,-10.719007,5.060998,Ductal
14,-11.215404,0.6751544,Ductal
15,-8.569838,-0.17490867,Ductal
16,3.280925,5.031543,Beta
17,8.28469,5.2083616,Alpha
18,-2.2122872,-2.038088,Ngn3 high EP
19,-3.6094487,-4.16496,Ngn3 high EP
20,-8.909535,0.37737897,Ngn3 low EP
21,3.5693967,0.03259685,Pre-endocrine
22,4.4251614,3.1630082,Beta
23,6.319591,-1.5163502,Pre-endocrine
24,6.654441,1.6738739,Alpha
25,7.159107,1.6885645,Alpha
26,3.1209917,4.762562,Beta
27,3.0020232,4.7021656,Beta
28,-10.667444,-0.32679078,Ngn3 low EP
29,1.8618637,5.9189177,Beta
30,-11.509517,5.4464297,Ductal
31,-11.218836,-1.0843626,Ductal
32,8.002446,2.3274739,Alpha
33,5.79169,-1.0305629,Pre-endocrine
34,4.4625125,-4.057958,Pre-endocrine
35,-9.445645,2.2992373,Ductal
36,-9.852467,4.860494,Ductal
37,5.51126,0.93228024,Beta
38,4.6758804,0.84089965,Delta
39,6.6280966,1.5069003,Alpha
40,2.1794276,6.232158,Beta
41,-11.909684,4.7213106,Ductal
42,8.1335945,3.927814,Alpha
43,2.5234935,5.7503653,Beta
44,2.3779438,5.0204988,Beta
45,8.305771,4.1690755,Alpha
46,-4.846345,-3.1631942,Ngn3 high EP
47,-0.5807117,-4.0239515,Ngn3 high EP
48,1.496808,-3.991346,Ngn3 high EP
49,7.570063,3.3770149,Alpha
50,3.8384395,0.42988414,Pre-endocrine
51,6.629303,2.9662538,Alpha
52,7.5601845,4.17288,Alpha
53,-11.349223,5.678881,Ductal
54,-1.1936877,-3.7616882,Ngn3 high EP
55,5.3650627,-3.0849836,Pre-endocrine
56,7.546737,4.0811286,Alpha
57,-4.320397,-3.6954503,Ngn3 high EP
58,0.09243224,-3.8010116,Ngn3 high EP
59,1.975073,-4.02992,Ngn3 high EP
60,-8.5062685,3.9896288,Ngn3 low EP
61,2.476689,-4.1314106,Ngn3 high EP
62,-4.754584,-3.0777972,Ngn3 high EP
63,3.4371498,2.6033788,Epsilon
64,-4.2721395,-3.435313,Ngn3 high EP
65,1.9274687,5.7674994,Beta
66,6.1857824,-1.9117875,Pre-endocrine
67,-0.79702216,-4.941495,Ngn3 high EP
68,6.1596775,-2.6213596,Pre-endocrine
69,-0.3789697,-5.2596617,Ngn3 high EP
70,-3.7240732,-3.8476381,Ngn3 high EP
71,4.5485315,3.1380405,Beta
72,-3.5543253,-4.315498,Ngn3 high EP
73,2.663227,5.2265043,Beta
74,5.8947663,1.3489676,Beta
75,7.779183,3.4933803,Alpha
76,6.3117266,2.5173495,Alpha
77,-12.134493,2.6418145,Ductal
78,4.2139473,0.87867403,Pre-endocrine
79,7.919234,5.3213305,Alpha
80,-9.277945,5.4018846,Ductal
81,6.304165,4.044516,Alpha
82,-10.6074095,0.07127509,Ductal
83,6.0370474,-1.7489895,Pre-endocrine
84,4.579713,1.0014968,Beta
85,-7.7785473,-1.1465534,Ngn3 low EP
86,8.025878,4.690022,Alpha
87,2.3430178,6.5196714,Beta
88,-5.4848437,-2.8574429,Ngn3 high EP
89,-11.013531,-0.6728261,Ductal
90,3.8064725,4.323861,Beta
91,-5.035715,-3.5273523,Ngn3 high EP
92,-11.570084,4.6332374,Ductal
93,-10.594983,6.1573443,Ductal
94,3.1369705,-3.7435684,Pre-endocrine
95,8.165062,5.123174,Alpha
96,-7.95078,-1.7666882,Ngn3 low EP
97,-0.44779184,-4.057664,Ngn3 high EP
98,-12.090604,3.9986148,Ductal
99,-1.8059943,-4.994431,Ngn3 high EP
100,4.1258698,0.65790063,Pre-endocrine
101,2.3830097,5.3754697,Beta
102,7.110726,1.1133856,Alpha
103,-9.363262,0.32207733,Ngn3 low EP
104,-10.495506,-1.2921832,Ductal
105,-10.367674,1.2070645,Ductal
106,5.4034476,2.2823207,Beta
107,1.4744543,-1.336417,Pre-endocrine
108,-10.846176,-1.008293,Ductal
109,7.2306137,4.5599537,Alpha
110,4.3299494,0.016993912,Pre-endocrine
111,5.2444687,1.0347878,Beta
112,-7.720163,-1.6348033,Ngn3 low EP
113,-12.41564,3.335895,Ductal
114,8.525829,-1.0844926,Delta
115,5.3779593,-2.249274,Pre-endocrine
116,-11.047429,6.037519,Ductal
117,-10.719046,-1.2876067,Ductal
118,1.9706423,-4.608252,Ngn3 high EP
119,-8.37968,2.4396873,Ngn3 low EP
120,3.4800649,2.4080207,Epsilon
121,-11.588832,-0.73962325,Ductal
122,-10.684874,-0.07954098,Ductal
123,3.4157054,-3.683029,Pre-endocrine
124,6.1202593,1.4535599,Beta
125,-5.010132,-2.822764,Ngn3 high EP
126,-10.362076,-0.5544115,Ductal
127,-9.791051,-1.155077,Ngn3 low EP
128,-10.12584,3.2204719,Ductal
129,6.346333,1.9683311,Alpha
130,4.6885996,0.7533395,Beta
131,7.021126,4.6734366,Alpha
132,0.088717766,-4.05758,Ngn3 high EP
133,7.8193364,1.2517631,Alpha
134,0.49603632,-3.9175951,Ngn3 high EP
135,4.7876906,1.8888563,Beta
136,6.8747277,5.1272035,Alpha
137,-11.915075,4.6746097,Ductal
138,4.188297,3.5361834,Beta
139,1.9140369,0.3907657,Epsilon
140,5.5188513,-0.3910093,Beta
141,-10.291771,0.4086713,Ductal
142,-9.461829,1.6082355,Ductal
143,4.0181117,2.8151193,Beta
144,-11.255505,5.369324,Ductal
145,0.5290485,-3.530486,Ngn3 high EP
146,-11.241039,-1.4444996,Ductal
147,4.520283,-3.0893703,Pre-endocrine
148,-9.204985,-1.4518561,Ductal
149,7.6484504,2.894297,Alpha
150,6.0361323,1.941564,Alpha
151,3.7333078,1.4692426,Epsilon
152,2.9773006,5.4371915,Beta
153,-11.472138,4.1609783,Ductal
154,-2.381858,-4.7297397,Ngn3 high EP
155,-6.190496,-2.6830711,Ngn3 high EP
156,-8.498111,2.3271487,Ductal
157,-0.3686588,-5.2803617,Ngn3 high EP
158,7.114554,5.1295547,Alpha
159,-11.173181,-0.23364486,Ductal
160,-9.196832,0.23601624,Ngn3 low EP
161,7.1930304,-0.690909,Alpha
162,4.520586,-3.817292,Pre-endocrine
163,5.5733194,1.6694338,Alpha
164,5.393578,-2.1503365,Pre-endocrine
165,6.8509884,2.7394633,Alpha
166,4.895575,2.6582427,Beta
167,-6.092449,-2.79109,Ngn3 high EP
168,6.046676,-2.374115,Pre-endocrine
169,0.051720344,-3.3204794,Ngn3 high EP
170,2.7087297,4.390323,Beta
171,-11.912753,3.6445534,Ductal
172,-4.462868,-3.420645,Ngn3 high EP
173,-8.372979,-1.1617931,Ngn3 low EP
174,5.0980964,-2.696502,Pre-endocrine
175,2.7282043,-1.9846003,Pre-endocrine
176,-10.396271,0.16280559,Ductal
177,1.3439193,-2.5575938,Pre-endocrine
178,9.353281,-1.3498038,Delta
179,5.7243953,0.9349374,Beta
180,-5.5150414,-3.642048,Ngn3 high EP
181,-0.87164825,-5.09364,Ngn3 high EP
182,-11.3952055,-0.8900811,Ductal
183,2.37413,-0.08229823,Epsilon
184,0.5280131,-4.9937525,Ngn3 high EP
185,-0.31275338,-5.1481266,Ngn3 high EP
186,-1.4587305,-4.408066,Ngn3 high EP
187,7.102697,1.7050588,Alpha
188,2.2595377,6.0349364,Beta
189,2.4216826,5.9850206,Beta
190,8.384479,5.238558,Alpha
191,5.0814004,1.6830095,Beta
192,-11.210487,0.5376771,Ductal
193,3.6040623,4.2538505,Beta
194,-11.467683,4.7080665,Ductal
195,1.0239607,-4.1809516,Ngn3 high EP
196,5.3639483,0.7832773,Beta
197,4.0963306,4.7069917,Beta
198,7.5236063,3.6738956,Alpha
199,-1.509695,-3.7886882,Ngn3 high EP
200,0.52455854,-4.9841423,Ngn3 high EP
201,2.8409936,2.0126941,Epsilon
202,-12.289029,2.354205,Ductal
203,1.5525346,-3.2210817,Pre-endocrine
204,5.5511217,-2.0360284,Pre-endocrine
205,6.836996,1.2850064,Alpha
206,8.224972,-1.2287211,Delta
207,4.683941,4.2946253,Beta
208,-9.511768,-1.6576182,Ductal
209,-9.823419,-1.0399162,Ductal
210,5.3172975,0.97625095,Beta
211,4.572343,0.56579596,Pre-endocrine
212,-10.92072,-0.6133015,Ductal
213,-0.2899037,-4.1817517,Ngn3 high EP
214,2.5100691,-4.370455,Pre-endocrine
215,-2.4735217,-4.1929164,Ngn3 high EP
216,5.6316285,-1.073256,Pre-endocrine
217,7.5755777,3.8535607,Alpha
218,6.513249,3.7417588,Alpha
219,-10.724938,3.3942788,Ductal
220,7.64146,5.18426,Alpha
221,-1.5740901,-4.6944647,Ngn3 high EP
222,-11.364916,4.344074,Ductal
223,8.412721,4.2674565,Alpha
224,-11.003931,-1.1728581,Ductal
225,6.511388,2.0635886,Alpha
226,-10.640585,0.11699703,Ductal
227,7.1827517,5.100609,Alpha
228,-9.242672,3.1085637,Ductal
229,-10.241841,0.727951,Ductal
230,3.3452432,-1.4667065,Pre-endocrine
231,-12.143137,2.5351555,Ductal
232,5.0929728,2.5482855,Beta
233,6.331028,2.254438,Alpha
234,-7.717052,-2.022987,Ngn3 high EP
235,1.6285424,-3.9161441,Ngn3 high EP
236,3.2888467,5.075647,Beta
237,-7.7232585,-1.7825981,Ngn3 low EP
238,-8.885527,-0.17575195,Ngn3 low EP
239,4.0303802,-3.5861921,Pre-endocrine
240,2.628814,-2.0395703,Pre-endocrine
241,2.3579855,-2.252564,Pre-endocrine
242,5.1288514,3.1929984,Beta
243,5.469442,-1.7237717,Pre-endocrine
244,1.3406211,-2.951712,Pre-endocrine
245,-11.093955,-0.8421449,Ductal
246,7.162699,0.6111158,Alpha
247,-4.781803,-3.6151323,Ngn3 high EP
248,-10.043945,1.5839564,Ductal
249,6.9480457,-0.8090878,Pre-endocrine
250,-11.086575,-0.1925889,Ductal
251,-9.154995,-0.38861966,Ngn3 low EP
252,4.884735,3.238577,Beta
253,-9.25125,-0.23491266,Ngn3 low EP
254,-9.35345,5.4344416,Ductal
255,7.7961087,4.060859,Alpha
256,-9.044225,-0.14805421,Ngn3 low EP
257,6.777175,1.9321803,Alpha
258,7.5633006,2.6837633,Alpha
259,-0.8370192,-4.906604,Ngn3 high EP
260,-8.7496605,-0.94191706,Ngn3 low EP
261,6.376775,0.8480432,Beta
262,2.475186,0.20168611,Epsilon
263,-5.9945283,-2.723744,Ngn3 high EP
264,4.382257,-0.76466584,Pre-endocrine
265,-10.169484,0.36452776,Ductal
266,-11.765867,5.191062,Ductal
267,6.0452514,-1.8343345,Pre-endocrine
268,-11.916751,5.0514154,Ductal
269,2.2112195,4.940057,Beta
270,-2.385108,-4.125008,Ngn3 high EP
271,-11.532904,5.222303,Ductal
272,-11.676399,3.9058218,Ductal
273,-8.332741,0.09316502,Ductal
274,-9.533373,2.1432898,Ductal
275,5.4170666,0.9635551,Beta
276,2.809378,-4.5153985,Pre-endocrine
277,7.9616175,1.1452135,Alpha
278,6.5697355,3.1352892,Alpha
279,6.34623,-1.6735827,Pre-endocrine
280,-2.1904216,-3.9623346,Ngn3 high EP
281,-9.181387,-0.033424795,Ductal
282,7.0984073,5.0934877,Alpha
283,1.9500691,5.744494,Beta
284,-4.77012,-3.675132,Ngn3 high EP
285,1.5513151,-0.8145749,Epsilon
286,-10.304022,-0.9711133,Ductal
287,-9.346183,-0.13429774,Ngn3 low EP
288,-11.393715,2.8442008,Ductal
289,7.7373147,4.071755,Alpha
290,5.2174406,3.681239,Beta
291,2.8633592,4.735023,Beta
292,3.3282263,-1.4245968,Pre-endocrine
293,6.9366198,4.448923,Alpha
294,-2.602157,-3.8656168,Ngn3 high EP
295,1.730183,-0.3824698,Epsilon
296,2.1839733,5.0538034,Beta
297,1.7100205,-4.564187,Ngn3 high EP
298,8.426275,-1.1620268,Delta
299,7.09386,4.738942,Alpha
300,-6.5862656,-2.5747304,Ngn3 high EP
301,-11.400786,2.7180312,Ductal
302,-10.93543,1.0108523,Ngn3 low EP
303,-5.8279924,-2.9825108,Ngn3 high EP
304,4.575668,2.266153,Beta
305,6.4222145,-0.16994165,Pre-endocrine
306,-4.1307282,-3.4096875,Ngn3 high EP
307,-5.338806,-3.4725497,Ngn3 high EP
308,7.6387615,2.4008605,Alpha
309,-8.199331,2.1621046,Ductal
310,4.5216546,-0.72476655,Pre-endocrine
311,-0.273398,-5.0597053,Ngn3 high EP
312,1.5244255,-2.22742,Pre-endocrine
313,5.410512,0.26352653,Beta
314,2.2310019,1.3317419,Epsilon
315,1.5974596,-4.052975,Ngn3 high EP
316,4.704718,-2.8672853,Pre-endocrine
317,-8.121011,-1.3001552,Ngn3 low EP
318,8.416343,5.050197,Alpha
319,-9.425886,2.7804382,Ductal
320,-2.9809165,-3.7525656,Ngn3 high EP
321,-5.160691,-3.2082512,Ngn3 high EP
322,-7.582926,-1.2564229,Ngn3 low EP
323,7.904826,0.70822155,Alpha
324,6.0045853,0.0077591366,Beta
325,4.984954,2.245433,Beta
326,-11.715669,3.9678936,Ngn3 low EP
327,6.2537484,-2.4839404,Pre-endocrine
328,-11.768,0.9170352,Ductal
329,-8.950478,-0.48115227,Ductal
330,-8.547027,-0.40839824,Ngn3 low EP
331,0.872237,-4.675645,Ngn3 high EP
332,3.110433,5.503577,Beta
333,1.0181519,-2.5566225,Pre-endocrine
334,-4.909668,-3.806054,Ngn3 high EP
335,-10.865937,6.2544875,Ductal
336,-11.2654,-0.69195557,Ductal
337,-11.807065,2.3659685,Ductal
338,5.8029475,-2.6360831,Pre-endocrine
339,-9.448929,2.4635942,Ductal
340,5.755506,0.18049234,Beta
341,-6.9654193,-2.26792,Ngn3 high EP
342,-9.784279,-0.5150663,Ductal
343,2.5704095,5.2636676,Beta
344,-3.5900328,-3.6244254,Ngn3 high EP
345,2.759736,-3.5354805,Pre-endocrine
346,-11.330486,-0.84065527,Ductal
347,-11.59115,1.4343024,Ductal
348,-11.68725,2.5380342,Ductal
349,8.198245,-0.96933556,Delta
350,4.6816583,0.046899084,Pre-endocrine
351,3.8176503,-3.3551533,Pre-endocrine
352,-10.257325,0.3047365,Ductal
353,-10.692996,-0.7605816,Ductal
354,4.2637863,3.8783953,Beta
355,1.7583017,-2.6960056,Pre-endocrine
356,5.805617,-0.45328704,Pre-endocrine
357,2.471385,5.697331,Beta
358,2.182461,4.8795147,Beta
359,2.2077563,-0.20323604,Epsilon
360,-10.981823,-1.1956384,Ductal
361,6.888585,3.1499274,Alpha
362,-11.289046,0.6433749,Ductal
363,5.7530947,-0.25557938,Pre-endocrine
364,7.9068174,2.5517395,Alpha
365,2.7270901,1.7213101,Epsilon
366,-10.243863,2.8300319,Ductal
367,5.8739557,2.1420534,Beta
368,-10.057926,0.7496843,Ductal
369,-8.780081,0.22830488,Ductal
370,-11.297905,0.3678042,Ductal
371,2.6565402,6.256076,Beta
372,-8.493991,3.5892267,Ductal
373,-9.605356,2.2903306,Ngn3 low EP
374,5.4808493,-2.9660108,Pre-endocrine
375,-11.156312,4.5162883,Ductal
376,2.423272,1.6797389,Epsilon
377,5.755124,-3.071102,Pre-endocrine
378,5.55028,1.348612,Beta
379,-5.586844,-1.8247977,Ngn3 high EP
380,-11.207826,0.3544529,Ductal
381,-1.7060536,-4.651904,Ngn3 high EP
382,3.8098712,3.5164144,Beta
383,4.5825114,0.08774701,Pre-endocrine
384,2.022029,6.2533746,Beta
385,-0.9122035,-4.8227124,Ngn3 high EP
386,7.5551367,5.144945,Alpha
387,3.6193352,-3.380275,Pre-endocrine
388,4.402952,3.6093895,Beta
389,-2.5394762,-2.5991318,Ngn3 high EP
390,-11.979307,2.5609903,Ductal
391,7.7838416,5.2775145,Alpha
392,-9.815042,1.9591327,Ngn3 low EP
393,1.0865302,-2.293986,Pre-endocrine
394,-2.1361015,-4.0253067,Ngn3 high EP
395,-11.926281,3.9194002,Ngn3 low EP
396,5.9111643,-0.8329444,Pre-endocrine
397,-5.323429,-3.7515693,Ngn3 high EP
398,-10.130552,-0.26125363,Ngn3 low EP
399,5.9984975,2.479954,Alpha
400,-0.07326674,-4.0916014,Ngn3 high EP
401,-9.850021,0.11578096,Ductal
402,1.0251849,-4.4785852,Ngn3 high EP
403,3.5992515,-3.5292304,Pre-endocrine
404,7.2052426,4.5258727,Alpha
405,-2.1883483,-4.8496113,Ngn3 high EP
406,-10.441709,3.1496458,Ductal
407,6.1120386,-1.3596647,Pre-endocrine
408,1.7960926,-0.04883668,Epsilon
409,3.6069956,-4.7467313,Pre-endocrine
410,3.906013,-0.861582,Pre-endocrine
411,-10.522441,-0.30333513,Ductal
412,-2.3088055,-3.8145282,Ngn3 high EP
413,-8.621584,1.7550075,Ductal
414,-5.8440595,-2.9503973,Ngn3 high EP
415,-9.151435,0.25246248,Ngn3 low EP
416,-11.154958,0.13858992,Ductal
417,-4.7410693,-3.1651378,Ngn3 high EP
418,-5.069548,-3.0719385,Ngn3 high EP
419,2.1357315,5.2729187,Beta
420,3.1333401,4.9937673,Beta
421,-11.430994,0.77116585,Ductal
422,-1.4298218,-4.692497,Ngn3 high EP
423,-7.6617393,-1.3452436,Ngn3 low EP
424,-12.308151,2.6923592,Ductal
425,-8.844227,2.86529,Ductal
426,4.241344,2.9759014,Beta
427,4.369022,2.0120687,Beta
428,3.4297628,2.5034208,Epsilon
429,2.2735574,5.995354,Beta
430,4.741712,1.6747808,Beta
431,-3.270576,-4.0397587,Ngn3 high EP
432,3.6642106,-4.424351,Pre-endocrine
433,6.444501,1.227572,Alpha
434,6.2127733,4.1002607,Alpha
435,-10.312296,0.9461032,Ductal
436,5.6479526,1.4820391,Pre-endocrine
437,-7.4662623,-2.0020225,Ngn3 high EP
438,6.3992534,0.53918874,Pre-endocrine
439,-1.0298177,-4.746927,Ngn3 high EP
440,6.4696827,2.4114563,Alpha
441,-8.862474,-0.05146847,Ductal
442,-9.793318,1.7989161,Ductal
443,4.1570277,2.6071272,Epsilon
444,-7.9993935,-1.36743,Ngn3 low EP
445,-11.548142,3.2840943,Ductal
446,4.487481,1.7684429,Beta
447,5.816958,-0.6070994,Pre-endocrine
448,4.7301493,2.0078838,Beta
449,-11.536753,1.3004087,Ductal
450,-8.593985,1.9622796,Ductal
451,5.9326863,2.7620595,Alpha
452,6.7097216,3.9096284,Alpha
453,8.006818,3.474729,Alpha
454,2.3537877,6.530705,Beta
455,-10.563356,-0.5262666,Ngn3 low EP
456,-4.162016,-3.4835799,Ngn3 high EP
457,-8.188827,2.0954866,Ngn3 low EP
458,2.7359257,0.8248799,Epsilon
459,3.0477026,5.129477,Beta
460,-8.440815,0.8256211,Ductal
461,-2.5071905,-2.4252784,Ngn3 high EP
462,-12.507157,2.8164172,Ductal
463,2.5336268,1.8820122,Epsilon
464,-10.916956,5.700823,Ductal
465,-11.667656,1.8880445,Ductal
466,-11.302187,2.716123,Ductal
467,-9.780526,-0.34332785,Ductal
468,-4.325128,-3.091694,Ngn3 high EP
469,2.8228886,0.63412595,Epsilon
470,-9.500952,-0.072649136,Ductal
471,-11.83582,3.1312394,Ductal
472,3.2257695,4.1883492,Beta
473,-2.3640866,-4.609597,Ngn3 high EP
474,5.279071,1.7815515,Beta
475,2.6568663,-2.5661638,Pre-endocrine
476,-8.6671095,1.3502024,Ductal
477,-8.696634,0.12229579,Ngn3 low EP
478,7.098525,0.9824839,Alpha
479,7.2439394,3.7395322,Alpha
480,-2.4756267,-4.240191,Ngn3 high EP
481,1.4662601,-4.697283,Ngn3 high EP
482,-10.553673,-0.19586284,Ductal
483,4.6674776,-0.22232087,Pre-endocrine
484,2.8308012,0.19451131,Epsilon
485,5.219632,-3.2222822,Pre-endocrine
486,4.665912,1.4522668,Beta
487,7.7323394,5.24895,Alpha
488,-10.099508,-0.055551745,Ductal
489,-9.935319,5.084796,Ductal
490,-3.718919,-3.7777774,Ngn3 high EP
491,4.6739664,-2.8134768,Pre-endocrine
492,-10.754007,-0.22744606,Ductal
493,4.082687,4.3486423,Beta
494,-11.825886,4.102937,Ductal
495,-0.7716199,-3.7970045,Ngn3 high EP
496,5.3589463,-0.96315545,Pre-endocrine
497,-10.861934,4.6165123,Ngn3 low EP
498,-11.323763,-0.24064068,Ductal
499,-2.040622,-3.888319,Ngn3 high EP
500,-11.314251,5.4895496,Ductal
501,-0.88357675,-4.160595,Ngn3 high EP
502,-3.552976,-4.067494,Ngn3 high EP
503,1.5649027,-4.098021,Ngn3 high EP
504,0.83476603,-4.7662053,Ngn3 high EP
505,-11.314467,0.35609913,Ngn3 low EP
506,2.9695792,6.0287223,Beta
507,-11.437844,0.45485148,Ngn3 low EP
508,-10.139697,-0.60679793,Ductal
509,-3.3529863,-3.8625302,Ngn3 high EP
510,2.4977648,0.3346191,Epsilon
511,-7.176095,-1.7199551,Ngn3 high EP
512,1.916813,5.1688514,Beta
513,2.2447803,1.5761708,Epsilon
514,6.9183316,-0.13644543,Pre-endocrine
515,-1.4470882,-4.716313,Ngn3 high EP
516,-10.122344,5.455405,Ductal
517,6.4784493,2.8707283,Beta
518,-11.4753,4.028051,Ductal
519,-5.7743716,-1.8261082,Ngn3 high EP
520,5.565277,-3.1565127,Pre-endocrine
521,-2.862318,-2.0506923,Ngn3 low EP
522,-1.868073,-4.6703906,Ngn3 high EP
523,-10.271602,2.5029955,Ductal
524,-7.0859113,-1.6760731,Ngn3 high EP
525,-4.8378577,-3.3556716,Ngn3 high EP
526,-9.362247,2.4054134,Ductal
527,8.159131,2.729642,Alpha
528,-7.408862,0.109381214,Ngn3 low EP
529,-1.5566751,-4.899457,Ngn3 high EP
530,5.1251335,2.2669537,Beta
531,7.3297324,4.3827934,Alpha
532,-11.205079,4.512301,Ductal
533,-5.6294146,-2.490808,Ngn3 high EP
534,1.4946967,-1.2892712,Pre-endocrine
535,8.26256,-1.1759332,Delta
536,5.9581013,-0.42672065,Pre-endocrine
537,-9.807572,2.3053474,Ductal
538,-2.4367223,-3.7204435,Ngn3 high EP
539,2.4796178,6.140102,Beta
540,-11.917738,1.9204319,Ductal
541,-10.786985,4.276466,Ductal
542,-11.303065,3.9475706,Ngn3 low EP
543,4.7785916,2.0544233,Beta
544,2.8883383,2.3080769,Epsilon
545,1.3829451,-1.9516236,Pre-endocrine
546,-9.126804,-1.0493947,Ngn3 low EP
547,-9.93718,0.53455865,Ductal
548,0.99768275,-4.3754296,Ngn3 high EP
549,8.5832205,4.2673593,Alpha
550,-9.67668,5.200054,Ductal
551,1.411301,-2.035008,Pre-endocrine
552,4.983946,-0.1256309,Pre-endocrine
553,5.57636,-2.0908115,Pre-endocrine
554,6.6250315,4.282763,Alpha
555,9.272348,-1.1526583,Delta
556,-9.143239,0.963134,Ductal
557,-0.87831384,-4.088667,Ngn3 high EP
558,-12.321483,3.2102146,Ductal
559,1.2971969,-4.332283,Ngn3 high EP
560,3.6323714,4.480152,Beta
561,-9.858096,3.564013,Ductal
562,-9.915587,-0.74612474,Ngn3 low EP
563,-10.306976,2.6239316,Ductal
564,4.966331,1.0189089,Beta
565,0.5570956,-4.0848403,Ngn3 high EP
566,3.3577404,5.070631,Beta
567,-1.4572666,-4.9403315,Ngn3 high EP
568,-9.929038,3.3555124,Ductal
569,-10.542668,6.068857,Ductal
570,2.760296,5.0407014,Beta
571,-9.863116,4.211993,Ngn3 low EP
572,-10.75899,0.25874835,Ngn3 low EP
573,7.327534,2.3242362,Alpha
574,6.723747,4.409321,Alpha
575,-9.788222,0.5577054,Ductal
576,2.5509846,1.5610048,Epsilon
577,5.411959,0.20482418,Beta
578,-0.0048251394,-3.6970024,Ngn3 high EP
579,4.5927553,2.533687,Beta
580,4.5432806,2.5375922,Beta
581,-8.355643,1.5882102,Ngn3 low EP
582,-4.840368,-2.8191419,Ngn3 high EP
583,3.5924091,4.771236,Beta
584,-11.246185,3.9453878,Ngn3 low EP
585,2.13934,-4.5608606,Ngn3 high EP
586,-9.671516,5.2380824,Ductal
587,-10.329642,-1.2455018,Ngn3 low EP
588,6.5718775,-1.8790889,Pre-endocrine
589,-2.5125008,-2.4431002,Ngn3 high EP
590,6.914316,4.7632594,Alpha
591,-10.311457,2.3074203,Ductal
592,-9.828928,1.2944354,Ductal
593,-8.711421,0.6630832,Ngn3 low EP
594,-7.258863,-2.368672,Ngn3 high EP
595,6.3334823,4.0650916,Alpha
596,4.6425695,-4.1331186,Pre-endocrine
597,-0.03116072,-4.8974295,Ngn3 high EP
598,-12.261815,3.2595572,Ductal
599,4.810638,3.0483077,Beta
600,3.8434923,4.3105226,Beta
601,7.317969,3.254712,Alpha
602,-10.437363,-1.3761864,Ductal
603,6.058259,-2.7384982,Pre-endocrine
604,7.700668,0.52336574,Alpha
605,4.5882096,3.496476,Beta
606,-11.5105715,4.0987267,Ductal
607,-3.63509,-3.5134015,Ngn3 high EP
608,3.5789945,3.3150373,Beta
609,1.3440244,-3.9091878,Ngn3 high EP
610,5.6087976,1.5352385,Beta
611,5.493026,-2.651628,Pre-endocrine
612,-11.9793825,1.920371,Ngn3 low EP
613,5.819237,-2.838015,Pre-endocrine
614,1.7423741,-0.22655489,Epsilon
615,-4.0878487,-4.0584517,Ngn3 high EP
616,6.186127,1.9009011,Alpha
617,7.1661944,2.9089825,Alpha
618,2.7294128,5.401972,Beta
619,-0.29476783,-3.683354,Ngn3 high EP
620,6.126846,2.5390544,Alpha
621,3.9703615,-4.0258303,Pre-endocrine
622,4.2591043,-4.276629,Pre-endocrine
623,-0.66706264,-5.059233,Ngn3 high EP
624,3.4748275,2.2438836,Epsilon
625,2.7745652,5.414705,Beta
626,-8.1461,-0.93886137,Ductal
627,-3.9369757,-3.2710118,Ngn3 high EP
628,3.3380098,0.9604463,Epsilon
629,-10.156255,2.2097473,Ductal
630,4.0721827,2.3608053,Beta
631,-8.208012,3.705299,Ductal
632,-5.7753124,-2.9190867,Ngn3 high EP
633,-9.033058,-0.16242692,Ngn3 low EP
634,2.5888386,6.100946,Beta
635,-11.510943,4.0804877,Ductal
636,6.064332,-2.7997541,Pre-endocrine
637,-9.256075,2.619661,Ductal
638,5.547491,-1.69469,Pre-endocrine
639,7.561778,2.2403502,Alpha
640,5.623633,2.1391199,Beta
641,-11.324724,-1.2775412,Ductal
642,4.064908,4.124856,Beta
643,7.050288,-0.85669506,Alpha
644,6.8606987,0.9528374,Alpha
645,-9.678314,5.6839776,Ductal
646,5.9517674,2.603811,Alpha
647,2.9632826,-4.311599,Pre-endocrine
648,8.107022,4.3950386,Alpha
649,4.685156,2.4804902,Beta
650,-4.3576317,-3.1302052,Ngn3 high EP
651,-0.19086763,-4.9455366,Ngn3 high EP
652,-6.105137,-2.9453673,Ngn3 high EP
653,-9.380866,4.363374,Ngn3 low EP
654,-9.091886,1.4437747,Ductal
655,-12.005856,3.8891344,Ductal
656,-0.58311576,-5.102725,Ngn3 high EP
657,-12.226871,3.2843883,Ngn3 low EP
658,-5.1794047,-3.4769297,Ngn3 high EP
659,-10.603616,6.0485473,Ductal
660,6.950663,1.3260047,Alpha
661,-11.451665,1.3053136,Ductal
662,3.6473846,3.6815524,Beta
663,6.6905875,-0.757063,Pre-endocrine
664,3.0461204,0.39773023,Epsilon
665,6.9228034,4.0691805,Alpha
666,-9.879417,0.86770046,Ductal
667,3.794078,5.3425326,Beta
668,5.5061493,-1.465952,Pre-endocrine
669,4.2740517,0.43636364,Pre-endocrine
670,-10.394757,-1.5404475,Ngn3 low EP
671,-0.28488705,-4.770039,Ngn3 high EP
672,-10.257214,0.5974673,Ductal
673,1.8520205,-0.13704312,Epsilon
674,3.129408,-4.6822224,Pre-endocrine
675,9.573093,-1.0821378,Delta
676,-9.156252,-0.11224209,Ductal
677,5.5561476,-0.42209408,Pre-endocrine
678,2.128931,-3.753676,Pre-endocrine
679,7.454352,4.7424116,Alpha
680,5.9072666,-1.7836807,Pre-endocrine
681,0.9850494,-4.9177566,Ngn3 high EP
682,8.041279,4.3392005,Alpha
683,-8.50469,1.3226227,Ngn3 low EP
684,-2.2228851,-2.1408467,Ngn3 high EP
685,1.3638288,-4.65258,Ngn3 high EP
686,2.054683,-2.811783,Pre-endocrine
687,-0.075795814,-4.4785986,Ngn3 high EP
688,-2.1194677,-2.107204,Ngn3 high EP
689,7.0322948,4.2597427,Alpha
690,8.009162,-0.71730596,Delta
691,1.0852896,-4.6587224,Ngn3 high EP
692,-9.7159195,-0.12227653,Ductal
693,-8.191551,3.715213,Ductal
694,2.9814947,-3.7552702,Pre-endocrine
695,5.4983387,-0.57093394,Pre-endocrine
696,-10.202197,-0.8925783,Ductal
697,-10.150241,-0.6045948,Ductal
698,6.0752044,-0.5544035,Pre-endocrine
699,-12.279813,3.1063743,Ductal
700,3.6706321,-4.112052,Pre-endocrine
701,-10.154524,2.8643477,Ductal
702,-10.694879,5.47536,Ductal
703,7.3267903,1.4456513,Alpha
704,7.6239777,3.187923,Alpha
705,-9.961059,-0.8867857,Ductal
706,-1.101056,-4.0575314,Ngn3 high EP
707,-0.16251208,-5.3252525,Ngn3 high EP
708,-11.283522,0.044603314,Ductal
709,5.575412,-2.3438663,Pre-endocrine
710,-8.808432,-0.36995286,Ductal
711,8.729679,4.1440935,Alpha
712,-11.427239,-0.46630156,Ductal
713,-1.2683322,-3.6838882,Ngn3 high EP
714,2.3821218,-4.6063433,Pre-endocrine
715,-10.907879,4.2538347,Ngn3 low EP
716,5.8801265,0.56838137,Beta
717,4.7065225,2.3463678,Beta
718,4.00667,4.9194255,Beta
719,2.283068,0.66037744,Epsilon
720,1.8505882,0.111896366,Epsilon
721,6.785293,4.431556,Alpha
722,1.4777542,-4.524841,Ngn3 high EP
723,-10.277794,1.4377017,Ductal
724,5.942144,1.766176,Beta
725,7.5834384,4.4505143,Alpha
726,3.0853717,4.583045,Beta
727,8.285367,-1.2200638,Delta
728,8.033023,-0.9111782,Delta
729,-8.437112,1.2301481,Ductal
730,4.77883,-3.3480456,Pre-endocrine
731,-11.927929,4.1876063,Ductal
732,-10.368606,6.078955,Ductal
733,7.033562,-0.800655,Alpha
734,6.3701315,2.466626,Alpha
735,2.607772,6.3246536,Beta
736,5.2120266,-3.0106597,Pre-endocrine
737,-8.708529,-0.99163646,Ductal
738,4.9280047,2.629343,Beta
739,7.312854,3.9889958,Alpha
740,-0.8622384,-3.7854702,Ngn3 high EP
741,-1.8145659,-5.0031977,Ngn3 high EP
742,7.6014724,5.2961164,Alpha
743,-10.375722,1.3990651,Ductal
744,1.9699421,6.1561823,Beta
745,4.947356,2.4773445,Beta
746,-5.0191126,-3.474061,Ngn3 high EP
747,-10.519184,2.6232004,Ductal
748,-9.954751,4.9448876,Ductal
749,6.1548805,4.2736015,Alpha
750,4.810835,0.90955013,Beta
751,5.51902,-0.59328204,Pre-endocrine
752,-10.725629,0.9383698,Ductal
753,4.1469216,-3.428356,Pre-endocrine
754,-8.968454,-0.07752171,Ductal
755,-9.291567,3.0406547,Ductal
756,-11.206875,-0.28906962,Ductal
757,8.01076,4.472514,Alpha
758,3.5304859,-4.5128093,Pre-endocrine
759,5.358555,0.71096706,Beta
760,-2.6830041,-4.855157,Ngn3 high EP
761,3.573889,4.5033484,Beta
762,-2.5098548,-4.5203996,Ngn3 high EP
763,-2.2889428,-3.868046,Ngn3 high EP
764,5.146783,2.4179704,Beta
765,8.243985,-1.1225703,Delta
766,-7.085082,-1.3456707,Ngn3 high EP
767,5.9946775,0.44197053,Beta
768,-10.811634,1.0946742,Ngn3 low EP
769,6.8679185,4.9086423,Alpha
770,5.4242706,-0.564033,Pre-endocrine
771,5.0218706,-3.8443134,Pre-endocrine
772,7.7338424,2.6482522,Alpha
773,8.321515,5.0196886,Alpha
774,2.8263412,6.171387,Beta
775,4.219326,3.8157272,Beta
776,-11.461508,-0.6332342,Ductal
777,2.3931057,6.4435954,Beta
778,5.7730064,0.23036566,Pre-endocrine
779,-1.0253499,-5.191062,Ngn3 high EP
780,-3.8687463,-3.5387073,Ngn3 high EP
781,6.5964475,-1.8307757,Pre-endocrine
782,2.9501665,-4.5701513,Pre-endocrine
783,5.388852,-0.79524887,Pre-endocrine
784,-6.6294456,-0.85588384,Ngn3 high EP
785,7.9989095,2.5302532,Alpha
786,5.3808374,3.227848,Beta
787,-0.7585664,-4.9876814,Ngn3 high EP
788,6.0580835,0.0672515,Pre-endocrine
789,4.9454327,-3.3759665,Pre-endocrine
790,-0.23424393,-3.2442534,Ngn3 high EP
791,-9.52824,2.328013,Ductal
792,-7.9576926,2.8369882,Ngn3 low EP
793,5.9569707,3.7700467,Alpha
794,2.5283036,-0.29903635,Epsilon
795,8.068807,4.253376,Alpha
796,5.696753,-2.9416432,Pre-endocrine
797,-4.016222,-3.9840062,Ngn3 high EP
798,0.9236167,-2.600791,Pre-endocrine
799,3.7186334,3.8720613,Beta
800,6.47365,2.1498919,Alpha
801,-3.137932,-4.5055757,Ngn3 high EP
802,4.1523676,2.9436545,Beta
803,-10.597546,1.286914,Ductal
804,0.6865553,-4.0641522,Ngn3 high EP
805,-10.398348,6.1709146,Ductal
806,-11.357547,1.1865969,Ductal
807,-10.850251,4.5981035,Ductal
808,6.7281637,4.9337964,Alpha
809,-7.0637794,-2.283302,Ngn3 high EP
810,-7.360699,-2.1676614,Ngn3 high EP
811,4.6813827,-3.420947,Pre-endocrine
812,5.687521,1.5906152,Beta
813,-9.429916,4.6081686,Ductal
814,1.8021251,-4.8134375,Ngn3 high EP
815,-9.37147,3.0711405,Ductal
816,-10.431434,0.9016641,Ductal
817,7.1026998,0.41482085,Alpha
818,-5.055737,-3.1674373,Ngn3 high EP
819,-6.6127157,-2.0470583,Ngn3 high EP
820,-9.566257,3.2982864,Ductal
821,3.8297734,4.660017,Beta
822,-12.058939,4.4398685,Ductal
823,3.824639,3.9923325,Beta
824,-3.3303397,-4.3657594,Ngn3 high EP
825,-9.941822,-0.6156595,Ngn3 low EP
826,-11.566561,0.00945193,Ductal
827,-10.8900175,-1.3066156,Ductal
828,-7.6157537,-1.0140148,Ngn3 low EP
829,6.0264735,-2.5726972,Pre-endocrine
830,0.79025453,-3.0187109,Ngn3 high EP
831,6.4823675,4.200848,Alpha
832,-9.781419,4.1579947,Ngn3 low EP
833,4.7551274,-4.0054984,Pre-endocrine
834,-10.966447,-1.3892388,Ductal
835,6.8304343,-0.9722898,Pre-endocrine
836,-9.894813,0.9848932,Ductal
837,3.4815195,-0.46052364,Pre-endocrine
838,-10.23585,3.0177786,Ductal
839,6.9266024,-1.2936271,Pre-endocrine
840,8.952731,-1.2352407,Delta
841,-8.559136,2.8451557,Ngn3 low EP
842,7.4617233,0.11265071,Alpha
843,-2.0034108,-4.6948104,Ngn3 high EP
844,1.2557915,-4.5888705,Ngn3 high EP
845,5.4075723,-2.7113044,Pre-endocrine
846,5.066676,4.4889226,Beta
847,-12.087017,1.5589969,Ductal
848,-1.3170171,-4.0194035,Ngn3 high EP
849,5.6098657,0.5263863,Beta
850,-11.389115,1.9158776,Ductal
851,-0.5766591,-4.383288,Ngn3 high EP
852,3.532883,4.800346,Beta
853,4.3274517,-0.9248707,Pre-endocrine
854,-11.679147,2.7599142,Ductal
855,-9.026701,3.090956,Ductal
856,-9.372817,-0.6007146,Ductal
857,7.2306433,2.9313617,Alpha
858,2.5750844,6.5669007,Beta
859,-8.104586,3.2721229,Ductal
860,2.7735355,0.5654254,Epsilon
861,-4.643283,-3.2280283,Ngn3 high EP
862,-9.327528,-1.4761617,Ductal
863,4.935416,1.9824796,Beta
864,6.731877,4.876153,Alpha
865,1.400161,-4.419427,Ngn3 high EP
866,1.0052022,-3.9234662,Pre-endocrine
867,-11.040052,-0.2145382,Ductal
868,-10.748734,0.5757968,Ductal
869,7.2147193,2.9204834,Alpha
870,4.459526,4.489118,Beta
871,5.396626,-0.8183827,Pre-endocrine
872,4.215363,1.0666384,Pre-endocrine
873,-9.476435,-0.37104386,Ductal
874,-9.893807,-1.0331837,Ductal
875,-10.823965,5.34674,Ductal
876,-9.513916,0.12436558,Ductal
877,2.0381465,5.8971996,Beta
878,-0.6228996,-3.8373337,Ngn3 high EP
879,6.4701576,4.2691884,Alpha
880,-9.761232,-0.40667775,Ductal
881,-9.557959,4.1131682,Ngn3 low EP
882,4.213548,-3.9204996,Pre-endocrine
883,3.2818792,5.411738,Beta
884,-12.009616,3.2429476,Ductal
885,6.941162,-0.91295856,Pre-endocrine
886,0.013681008,-4.064048,Ngn3 high EP
887,7.760932,4.272995,Alpha
888,-7.084375,-1.8688343,Ngn3 high EP
889,5.819402,-0.5606409,Pre-endocrine
890,7.097826,4.504274,Alpha
891,-1.4529884,-3.6449916,Ngn3 high EP
892,2.401194,-3.5588784,Pre-endocrine
893,2.5960326,-2.145936,Pre-endocrine
894,-11.561457,5.0751514,Ductal
895,7.567952,4.949401,Alpha
896,-0.6031837,-3.9035156,Ngn3 high EP
897,4.977005,2.7595148,Beta
898,-8.71778,1.751783,Ductal
899,-11.281374,4.351461,Ductal
900,-9.81897,-1.448699,Ngn3 low EP
901,-11.705671,4.6431775,Ductal
902,-8.291375,3.2760758,Ductal
903,-10.852776,1.5193689,Ductal
904,0.60453975,-4.206972,Ngn3 high EP
905,-11.67965,4.587713,Ductal
906,7.1956205,-0.13698426,Alpha
907,8.056905,5.0164995,Alpha
908,1.9571474,-4.571048,Ngn3 high EP
909,5.5313163,0.30975738,Beta
910,8.460152,-1.0663002,Delta
911,-7.225375,-2.259921,Ngn3 high EP
912,4.833937,-2.3541636,Pre-endocrine
913,1.8807157,5.904348,Beta
914,-11.243677,4.4164834,Ngn3 low EP
915,2.9806314,2.3788333,Epsilon
916,-2.396533,-4.5295525,Ngn3 high EP
917,-11.52002,5.553624,Ductal
918,-10.582797,-0.33775386,Ductal
919,4.388681,0.13584013,Pre-endocrine
920,-5.121439,-3.7084095,Ngn3 high EP
921,-11.937838,0.6435228,Ductal
922,-9.957248,5.325384,Ductal
923,-8.519891,4.0246162,Ngn3 low EP
924,-8.164644,2.6234746,Ductal
925,2.609485,-3.651823,Pre-endocrine
926,5.5195093,4.336813,Alpha
927,5.8842974,1.4022509,Beta
928,-10.907012,5.0804434,Ductal
929,5.3836656,1.2236241,Beta
930,-2.5602107,-2.9617395,Ngn3 high EP
931,-5.4541802,-3.3558283,Ngn3 high EP
932,6.6127343,2.9315298,Alpha
933,-11.559559,0.02669921,Ductal
934,-10.381596,6.2112336,Ductal
935,-9.963687,-0.8775084,Ductal
936,-12.149435,3.7178593,Ductal
937,-10.544476,0.41303366,Ductal
938,-12.018254,2.3009818,Ductal
939,7.417243,-0.2897971,Alpha
940,-9.711366,0.43483868,Ductal
941,-11.88864,1.9938921,Ngn3 low EP
942,-8.297709,-1.7706131,Ductal
943,2.76907,5.8608265,Beta
944,7.400061,2.3805215,Alpha
945,-4.8283896,-3.1742628,Ngn3 high EP
946,5.457082,-0.83849823,Pre-endocrine
947,-10.013277,4.956621,Ductal
948,5.5857234,-2.9920208,Pre-endocrine
949,0.8146066,-4.770844,Ngn3 high EP
950,-10.944262,0.845046,Ductal
951,2.9955544,5.928018,Beta
952,-9.711817,-0.46284208,Ductal
953,6.6440673,2.5177476,Alpha
954,6.462068,2.8380911,Alpha
955,5.927425,-1.6325763,Pre-endocrine
956,7.763415,4.530352,Alpha
957,5.1989574,-0.32572925,Beta
958,-10.87,6.123208,Ductal
959,3.3049688,-4.4804287,Pre-endocrine
960,-6.7712617,-2.3241286,Ngn3 high EP
961,4.11683,5.118462,Beta
962,-4.23792,-3.3284132,Ngn3 high EP
963,-9.667707,1.6971505,Ductal
964,3.6782017,-4.614248,Pre-endocrine
965,-11.498204,-0.0330004,Ductal
966,9.267184,-1.1922368,Delta
967,-10.138056,-0.2455652,Ductal
968,4.2148595,2.2902572,Beta
969,-10.838547,-0.94042593,Ductal
970,5.464428,0.017999023,Beta
971,-3.8179834,-3.4453528,Ngn3 high EP
972,-10.4486885,0.47134116,Ductal
973,-10.902349,5.326665,Ductal
974,-9.7587595,0.2423785,Ductal
975,7.1247864,4.9113374,Alpha
976,3.3508441,5.5438113,Beta
977,3.1771665,-3.8969111,Pre-endocrine
978,1.4017875,-4.491197,Ngn3 high EP
979,3.497312,4.779709,Beta
980,2.7205696,4.915182,Beta
981,1.6007276,-0.1935067,Epsilon
982,-11.412879,4.3487186,Ductal
983,6.760431,-1.6469861,Pre-endocrine
984,8.271583,4.057217,Alpha
985,-6.133429,-2.5699167,Ngn3 high EP
986,-1.6511745,-3.6880586,Ngn3 high EP
987,-8.411717,1.1770095,Ngn3 low EP
988,2.7806094,0.24042784,Epsilon
989,2.9642417,-1.7708411,Pre-endocrine
990,3.6076992,2.541449,Epsilon
991,-11.21056,0.009992222,Ductal
992,6.0776763,3.2064805,Beta
993,3.5378742,2.5844326,Epsilon
994,4.094209,4.963853,Beta
995,-2.9314163,-3.4965558,Ngn3 high EP
996,-11.652732,2.0219119,Ductal
997,-11.626649,5.138137,Ductal
998,-10.303003,5.6044426,Ductal
999,-9.236272,-1.1816897,Ductal
1000,-11.675292,5.294537,Ductal
1001,-1.7001508,-4.6097093,Ngn3 high EP
1002,4.874976,-3.9440777,Pre-endocrine
1003,-9.723412,5.537963,Ductal
1004,3.4264266,2.393738,Epsilon
1005,-10.366406,0.49234748,Ductal
1006,2.7281106,-2.271968,Pre-endocrine
1007,6.705448,4.073849,Alpha
1008,3.7149236,4.707275,Beta
1009,2.7643242,-4.636431,Pre-endocrine
1010,3.177371,-4.5278583,Pre-endocrine
1011,3.9746444,4.132046,Beta
1012,5.737597,-1.327671,Pre-endocrine
1013,6.0866566,-2.3522217,Pre-endocrine
1014,6.8459525,4.8806863,Alpha
1015,-0.9032077,-3.9261105,Ngn3 high EP
1016,-11.529704,5.127883,Ductal
1017,-10.512287,6.090151,Ductal
1018,-10.920757,-0.06147105,Ductal
1019,-9.791931,-0.5245155,Ductal
1020,-2.9004357,-4.8375278,Ngn3 high EP
1021,-10.052244,-1.1624088,Ngn3 low EP
1022,0.51606363,-4.070285,Ngn3 high EP
1023,0.51600087,-5.1058545,Ngn3 high EP
1024,4.7586412,3.9066586,Beta
1025,3.0758135,1.7588075,Epsilon
1026,-11.985892,4.9859424,Ductal
1027,-2.7158902,-3.869902,Ngn3 high EP
1028,-10.775906,5.8763013,Ductal
1029,-9.930042,4.719982,Ductal
1030,-2.9289746,-4.4435763,Ngn3 high EP
1031,-9.798034,-1.3812926,Ngn3 low EP
1032,-11.263808,5.9572306,Ductal
1033,-10.489351,0.2288167,Ngn3 low EP
1034,-9.360669,1.7941029,Ductal
1035,3.7287414,-3.2727647,Pre-endocrine
1036,-4.518529,-3.4350255,Ngn3 high EP
1037,-11.890728,2.03812,Ductal
1038,-2.1175482,-4.139339,Ngn3 high EP
1039,-11.300392,-1.1916368,Ductal
1040,5.542148,-1.4525855,Pre-endocrine
1041,4.1965895,-4.2398696,Pre-endocrine
1042,-0.6570406,-3.467319,Ngn3 high EP
1043,7.918187,4.472039,Alpha
1044,-9.18339,-0.5053371,Ngn3 low EP
1045,3.0707061,5.5982947,Beta
1046,4.185972,-0.6343442,Pre-endocrine
1047,3.627469,-2.3629816,Pre-endocrine
1048,-12.113614,3.7085788,Ngn3 low EP
1049,3.0949497,4.0822134,Beta
1050,5.845837,-0.9991029,Pre-endocrine
1051,-10.57928,1.3531942,Ductal
1052,5.9668007,-0.04464989,Beta
1053,4.676017,3.5020888,Beta
1054,-9.561354,0.45304972,Ductal
1055,0.50112236,-2.9260707,Pre-endocrine
1056,5.303883,1.6822666,Beta
1057,6.259916,-1.7070044,Pre-endocrine
1058,2.207783,5.6842246,Beta
1059,-8.285477,-0.93505675,Ngn3 low EP
1060,-4.8976345,-2.7684689,Ngn3 high EP
1061,-11.788116,1.8775017,Ductal
1062,-8.618556,-1.1526488,Ngn3 low EP
1063,2.8042812,4.4819536,Beta
1064,-8.267442,3.6472569,Ngn3 low EP
1065,4.6824923,0.3941121,Pre-endocrine
1066,3.326241,-4.265512,Pre-endocrine
1067,5.115173,-3.5923386,Pre-endocrine
1068,7.685077,2.2391577,Alpha
1069,6.667546,4.6028905,Alpha
1070,4.4547095,2.0102932,Alpha
1071,7.7738223,2.8140883,Alpha
1072,3.7063935,-3.5862,Pre-endocrine
1073,1.7631501,0.09848363,Epsilon
1074,-10.458076,3.2308547,Ductal
1075,-0.78509057,-3.5031822,Ngn3 high EP
1076,4.950829,1.9616107,Beta
1077,-9.363231,5.0457234,Ngn3 low EP
1078,3.5803874,-4.2653656,Pre-endocrine
1079,-10.228986,1.1681406,Ductal
1080,-8.731584,-0.754263,Ductal
1081,-3.2214863,-4.541113,Ngn3 high EP
1082,5.3488913,0.48823047,Beta
1083,7.2491794,1.1239522,Alpha
1084,-9.106795,3.7825587,Ngn3 low EP
1085,-1.2369653,-4.26118,Ngn3 high EP
1086,4.3242874,-3.2827294,Pre-endocrine
1087,5.66651,-2.272631,Pre-endocrine
1088,3.8735611,4.9714055,Beta
1089,6.2888494,2.357752,Alpha
1090,-10.685843,6.2872624,Ductal
1091,1.5530397,-4.556798,Ngn3 high EP
1092,-6.9532866,-2.4427943,Ngn3 high EP
1093,6.580894,-0.8813169,Pre-endocrine
1094,5.110179,-0.65286154,Pre-endocrine
1095,-9.76578,0.6973228,Ductal
1096,4.929497,2.9962478,Beta
1097,-10.111404,2.5510674,Ductal
1098,-10.248005,-1.4406672,Ductal
1099,5.637778,0.13977742,Pre-endocrine
1100,7.723612,4.677212,Alpha
1101,-9.368842,-0.13359381,Ductal
1102,4.193206,-0.57754254,Pre-endocrine
1103,-10.57519,6.3663063,Ductal
1104,1.9309949,5.4640994,Beta
1105,-12.318574,2.9573407,Ductal
1106,7.886614,3.8780625,Alpha
1107,3.4004338,4.2555666,Beta
1108,0.12786193,-3.2639813,Ngn3 high EP
1109,7.8251843,1.0759209,Alpha
1110,2.547651,4.784365,Beta
1111,-4.874323,-2.5297995,Ngn3 high EP
1112,-11.6858225,4.0219517,Ductal
1113,8.033713,1.9235836,Alpha
1114,-11.327361,5.6863484,Ductal
1115,-10.353292,-1.2962368,Ductal
1116,-10.939264,5.2197967,Ductal
1117,-8.658118,0.06533457,Ngn3 low EP
1118,-12.354056,3.19142,Ductal
1119,3.4356675,4.522698,Beta
1120,1.9710128,5.5493636,Beta
1121,8.69291,-1.0775985,Delta
1122,6.3937573,2.3508236,Alpha
1123,-9.322037,2.313391,Ductal
1124,1.9517372,-3.6101,Pre-endocrine
1125,-10.610152,6.327206,Ductal
1126,5.2992864,-3.236077,Pre-endocrine
1127,7.686924,4.105818,Alpha
1128,2.0832539,-0.43325984,Epsilon
1129,-10.127355,-1.3601911,Ductal
1130,7.975042,5.0593224,Alpha
1131,-2.24166,-4.509757,Ngn3 high EP
1132,-10.781892,0.26030186,Ngn3 low EP
1133,5.9560375,1.9101647,Alpha
1134,-8.179758,-1.5600168,Ngn3 low EP
1135,9.005637,-1.3545862,Delta
1136,5.1327252,0.2178616,Beta
1137,7.09317,-1.0801405,Pre-endocrine
1138,-9.698605,-1.6005168,Ductal
1139,-5.5187593,-2.8590412,Ngn3 high EP
1140,-9.628373,1.1125158,Ngn3 low EP
1141,5.4944234,-2.297533,Pre-endocrine
1142,-0.8257158,-3.857699,Ngn3 high EP
1143,7.163431,-0.09252501,Alpha
1144,9.338699,-1.289657,Delta
1145,-11.168543,-0.49517328,Ductal
1146,-11.68967,4.9110513,Ductal
1147,-3.9621499,-3.3797982,Ngn3 high EP
1148,7.427266,-0.20830852,Alpha
1149,-8.788683,-1.9089465,Ngn3 low EP
1150,-2.9155786,-4.4667654,Ngn3 high EP
1151,3.0648134,5.6781917,Beta
1152,-4.2179413,-3.6094508,Ngn3 high EP
1153,-3.5229168,-3.8482993,Ngn3 high EP
1154,-10.464448,0.58163744,Ductal
1155,-7.354401,-1.955172,Ngn3 high EP
1156,-2.2293453,-3.7069468,Ngn3 high EP
1157,4.849149,3.105389,Beta
1158,6.2633734,1.510778,Alpha
1159,6.5655465,-0.9373272,Pre-endocrine
1160,1.6145461,-4.5537934,Ngn3 high EP
1161,2.9562123,-3.7305536,Pre-endocrine
1162,8.3878975,-1.2108883,Delta
1163,-0.58671534,-4.2824984,Ngn3 high EP
1164,5.5756135,-3.2693503,Pre-endocrine
1165,-0.9014218,-4.202152,Ngn3 high EP
1166,5.466826,-2.9052207,Pre-endocrine
1167,-10.118364,4.9717317,Ductal
1168,0.26788017,-4.953174,Ngn3 high EP
1169,-5.937748,-2.6495378,Ngn3 high EP
1170,5.349702,-0.17801665,Beta
1171,2.2260094,5.488763,Beta
1172,7.4874144,0.5015053,Alpha
1173,8.040784,4.8250465,Alpha
1174,7.5338655,3.7064486,Alpha
1175,3.067457,-4.0309076,Pre-endocrine
1176,-7.583224,-1.5059949,Ductal
1177,7.21034,-0.5892341,Alpha
1178,-9.742266,5.4478664,Ductal
1179,-11.334812,1.4711691,Ductal
1180,-11.598212,4.3640466,Ductal
1181,8.212118,4.360341,Alpha
1182,-9.188028,-1.482082,Ngn3 low EP
1183,2.8738482,-3.4470208,Pre-endocrine
1184,7.864521,4.867264,Alpha
1185,5.9649954,3.0703049,Beta
1186,2.3046224,5.7971272,Beta
1187,4.0974393,1.6428165,Beta
1188,-10.027447,-1.4341526,Ductal
1189,8.193872,4.9439235,Alpha
1190,8.743024,4.3809557,Alpha
1191,7.2731524,-0.2310215,Alpha
1192,5.066644,2.2794752,Beta
1193,4.853503,2.0651007,Beta
1194,5.180225,-1.5708454,Pre-endocrine
1195,-8.886909,1.1592594,Ductal
1196,-11.109609,0.71739817,Ductal
1197,-9.862441,5.084946,Ngn3 low EP
1198,-10.592611,1.8105203,Ductal
1199,-12.084591,3.7572374,Ngn3 low EP
1200,-3.2772334,-4.4983983,Ngn3 high EP
1201,2.4498875,5.368471,Beta
1202,-10.243672,2.0604055,Ductal
1203,-10.958335,5.400731,Ductal
1204,-4.9279985,-2.9582684,Ngn3 high EP
1205,-8.305373,3.681302,Ngn3 low EP
1206,-3.3754046,-3.5500047,Ngn3 high EP
1207,-9.979188,-0.24645889,Ngn3 low EP
1208,6.2876577,-2.516976,Pre-endocrine
1209,-9.455832,-1.3323106,Ngn3 low EP
1210,4.3630466,3.8913958,Beta
1211,4.137168,-3.7970066,Pre-endocrine
1212,4.4048343,1.4154721,Alpha
1213,0.27477622,-4.9695706,Ngn3 high EP
1214,-1.3084936,-3.9958751,Ngn3 high EP
1215,7.659285,0.24980019,Alpha
1216,-5.2333817,-3.1306307,Ngn3 high EP
1217,6.937035,1.765049,Alpha
1218,-0.43764904,-5.2911716,Ngn3 high EP
1219,0.8699783,-2.8846743,Pre-endocrine
1220,-12.009092,2.5057461,Ductal
1221,6.0815606,0.41215712,Beta
1222,7.3630056,4.100306,Alpha
1223,1.8351253,0.13763456,Epsilon
1224,3.044277,0.94836736,Epsilon
1225,4.6554956,1.8688449,Beta
1226,9.497103,-1.3076282,Delta
1227,-9.397498,4.352203,Ductal
1228,3.6592538,2.0078883,Epsilon
1229,-1.0398357,-3.5865104,Ngn3 high EP
1230,-1.4907638,-4.624357,Ngn3 high EP
1231,0.28464106,-3.4825952,Ngn3 high EP
1232,4.5488763,-3.973254,Pre-endocrine
1233,7.761815,3.5372648,Alpha
1234,4.237955,4.920153,Beta
1235,-0.7669375,-3.4361296,Ngn3 high EP
1236,3.9834306,0.6281417,Pre-endocrine
1237,-9.246078,-1.5526978,Ductal
1238,-10.041672,5.1744127,Ductal
1239,-11.371448,5.7895517,Ductal
1240,-8.140586,-0.77152145,Ngn3 low EP
1241,7.6138535,4.7971206,Alpha
1242,7.518338,4.8066134,Alpha
1243,4.5754743,3.7490995,Beta
1244,8.002293,1.6598301,Alpha
1245,3.9163551,2.1952298,Alpha
1246,7.419462,-0.45063713,Alpha
1247,-3.293437,-4.191907,Ngn3 high EP
1248,7.5704074,1.8990686,Alpha
1249,3.365134,4.9643884,Beta
1250,4.7644186,3.4180462,Beta
1251,3.1945355,1.996799,Epsilon
1252,-8.925347,0.55815333,Ductal
1253,3.0689678,2.3176534,Epsilon
1254,7.2925177,1.1351821,Alpha
1255,1.9928253,5.7459736,Beta
1256,5.485357,0.45394525,Beta
1257,-11.295242,4.0542364,Ductal
1258,3.631953,4.9901485,Beta
1259,-9.965864,2.838431,Ductal
1260,5.490172,-0.7741029,Pre-endocrine
1261,5.1208754,0.5209867,Beta
1262,-9.977473,-0.742612,Ductal
1263,-12.423415,2.7055714,Ductal
1264,3.128067,-3.423096,Pre-endocrine
1265,-6.418795,-2.6564307,Ngn3 high EP
1266,-9.225705,0.66171426,Ductal
1267,3.1128385,-3.611977,Pre-endocrine
1268,2.374868,1.188128,Epsilon
1269,1.2152631,-4.018548,Ngn3 high EP
1270,4.0236135,-3.7686691,Pre-endocrine
1271,-10.146718,4.537281,Ngn3 low EP
1272,0.32116657,-3.9701164,Ngn3 high EP
1273,-11.222027,4.687574,Ductal
1274,5.5654874,-0.7596688,Pre-endocrine
1275,7.3327374,3.2172017,Alpha
1276,4.085453,-3.863362,Pre-endocrine
1277,7.7316318,4.1415095,Alpha
1278,-10.398573,0.42162645,Ductal
1279,-9.082766,1.3632891,Ductal
1280,-10.579467,-0.4756156,Ductal
1281,5.4455624,1.8456227,Beta
1282,7.1989903,-1.0405041,Alpha
1283,-6.022319,-3.280653,Ngn3 high EP
1284,3.5248263,4.676948,Beta
1285,6.5864143,-0.33710805,Pre-endocrine
1286,-2.974261,-3.76936,Ngn3 high EP
1287,-3.243448,-4.4400764,Ngn3 high EP
1288,-10.360915,0.8476447,Ductal
1289,2.8395598,1.943031,Epsilon
1290,5.261005,-2.8992105,Pre-endocrine
1291,1.7204286,-1.250188,Pre-endocrine
1292,1.5522596,-1.1258314,Epsilon
1293,-11.502334,4.539966,Ductal
1294,-11.6541815,4.832352,Ductal
1295,-9.8143425,4.3440456,Ngn3 low EP
1296,-2.5133247,-3.7956867,Ngn3 high EP
1297,4.9267263,2.354707,Beta
1298,-1.6367625,-4.824825,Ngn3 high EP
1299,-10.273457,5.7250457,Ductal
1300,-0.03556466,-3.4583137,Ngn3 high EP
1301,-7.8180666,-1.2852892,Ductal
1302,3.4230335,4.271681,Beta
1303,3.2298162,3.4934914,Beta
1304,-8.984437,3.205006,Ductal
1305,-9.477649,3.2712142,Ductal
1306,4.8611736,2.7158697,Beta
1307,2.0200393,-4.661959,Ngn3 high EP
1308,6.7479267,2.6152132,Alpha
1309,0.7911129,-5.110008,Ngn3 high EP
1310,-11.529861,4.7457976,Ductal
1311,-8.106027,-1.0873271,Ngn3 low EP
1312,7.7982125,2.6168234,Alpha
1313,7.1680336,-0.66066617,Alpha
1314,3.3815873,4.224986,Beta
1315,-2.5973487,-4.2763047,Ngn3 high EP
1316,-11.271465,5.2765937,Ductal
1317,-9.2454,1.1743417,Ductal
1318,4.6152015,2.8084078,Beta
1319,-8.533458,-1.2623851,Ngn3 low EP
1320,7.21565,0.9752158,Alpha
1321,-9.659244,0.3062603,Ductal
1322,5.4312334,1.1781543,Beta
1323,-9.989059,-0.2654669,Ductal
1324,-10.825146,4.3800735,Ductal
1325,0.21073803,-3.9344356,Ngn3 high EP
1326,-10.240133,2.0936625,Ductal
1327,4.8760066,-0.6930598,Delta
1328,-10.891375,2.7562144,Ductal
1329,6.995397,3.9617994,Alpha
1330,-9.227129,0.86384237,Ductal
1331,-7.9294186,-2.1508448,Ngn3 high EP
1332,6.571179,3.8923197,Alpha
1333,-0.18579201,-3.5729487,Ngn3 high EP
1334,0.6785596,-2.7127073,Pre-endocrine
1335,4.01355,3.8062663,Beta
1336,2.377695,0.2921389,Epsilon
1337,7.390041,4.468298,Alpha
1338,-9.916382,2.2102034,Ductal
1339,3.5094736,-3.9458869,Pre-endocrine
1340,-11.716515,3.9443212,Ductal
1341,6.609128,2.30774,Alpha
1342,3.3837156,5.494353,Beta
1343,-12.272629,3.4551547,Ductal
1344,2.1606987,-2.3829434,Pre-endocrine
1345,-8.355492,1.5350477,Ductal
1346,-8.580298,2.1876316,Ductal
1347,9.298838,-1.1153374,Delta
1348,5.399826,0.8128565,Beta
1349,-0.1727611,-5.0662274,Ngn3 high EP
1350,5.865731,-2.6299455,Pre-endocrine
1351,5.6590166,-2.1091738,Pre-endocrine
1352,3.2135735,1.998603,Epsilon
1353,8.678681,-1.1751659,Delta
1354,-6.9427686,-2.0277731,Ngn3 high EP
1355,7.683844,0.42167816,Alpha
1356,2.1122978,6.3385725,Beta
1357,-1.9493889,-4.5666924,Ngn3 high EP
1358,-10.408028,-0.9722667,Ductal
1359,-0.9881666,-3.5553668,Ngn3 high EP
1360,-10.799716,0.5229624,Ductal
1361,-11.536615,1.4646232,Ngn3 low EP
1362,2.734267,2.260924,Epsilon
1363,-9.009676,1.0433563,Ductal
1364,-2.4281619,-3.6202836,Ngn3 high EP
1365,-9.368475,-0.9092741,Ngn3 low EP
1366,-2.1263146,-4.504609,Ngn3 high EP
1367,5.9787903,-2.3426423,Pre-endocrine
1368,3.455144,-4.039115,Pre-endocrine
1369,-11.732975,2.4988956,Ngn3 low EP
1370,-11.069991,0.5810448,Ductal
1371,-10.337712,1.3921636,Ductal
1372,7.679765,2.2557194,Alpha
1373,-11.02043,1.2726873,Ductal
1374,4.787755,-3.861888,Pre-endocrine
1375,2.5030894,1.7850068,Epsilon
1376,2.58725,0.9900574,Epsilon
1377,6.0138617,1.0527359,Beta
1378,6.3062687,-1.7679349,Pre-endocrine
1379,-8.188959,1.0745574,Ngn3 low EP
1380,-11.778194,3.8508906,Ngn3 low EP
1381,4.6445723,1.4548879,Beta
1382,-11.422651,4.3356166,Ngn3 low EP
1383,-7.9937496,-1.8419219,Ngn3 low EP
1384,-8.262239,3.0405877,Ductal
1385,5.500285,2.8556077,Beta
1386,-11.788772,0.5824572,Ductal
1387,4.5100946,0.7274529,Beta
1388,-10.369808,6.1923513,Ductal
1389,-11.561833,0.85081923,Ductal
1390,-3.477034,-3.8648267,Ngn3 high EP
1391,5.8098707,-3.1571035,Pre-endocrine
1392,6.5797915,4.4470487,Alpha
1393,-11.399767,5.7244725,Ductal
1394,-7.9212236,-1.5448788,Ngn3 low EP
1395,-10.7242,0.2226194,Ductal
1396,8.577185,-1.2187935,Delta
1397,-9.550497,-1.5536071,Ductal
1398,5.7241445,-2.296604,Pre-endocrine
1399,5.9246564,0.44353595,Beta
1400,-10.410273,6.2195864,Ductal
1401,-8.106773,3.0094085,Ductal
1402,-10.342654,0.5387761,Ngn3 low EP
1403,2.54579,0.22083542,Epsilon
1404,-11.113588,3.3563209,Ductal
1405,-9.908223,0.30068165,Ductal
1406,5.4151773,-3.1364844,Pre-endocrine
1407,-11.313216,-1.1716346,Ductal
1408,-11.011331,0.93675476,Ductal
1409,5.846013,-0.9420242,Pre-endocrine
1410,5.9274406,-1.9553043,Pre-endocrine
1411,3.0574765,1.5306647,Pre-endocrine
1412,-10.774097,-0.84960073,Ductal
1413,4.915813,2.1471646,Beta
1414,-9.534481,0.1288675,Ngn3 low EP
1415,1.586682,-2.571466,Pre-endocrine
1416,-12.159621,2.6139503,Ngn3 low EP
1417,-2.2373686,-4.51062,Ngn3 high EP
1418,2.8245633,5.174379,Beta
1419,4.710966,2.369242,Beta
1420,6.200606,0.36449975,Beta
1421,5.1452894,-0.2954785,Pre-endocrine
1422,0.3312658,-4.714017,Ngn3 high EP
1423,5.1831985,-0.8579731,Pre-endocrine
1424,-2.688637,-2.2590623,Ngn3 low EP
1425,3.4858663,4.0397754,Beta
1426,-10.464027,0.2874332,Ductal
1427,5.5057297,-2.0987892,Pre-endocrine
1428,7.3996024,4.0693755,Alpha
1429,6.3913193,1.6564524,Alpha
1430,-0.30862868,-3.847772,Ngn3 high EP
1431,7.4931393,4.553553,Alpha
1432,4.4876885,3.4531853,Beta
1433,-3.7941236,-4.1431274,Ngn3 high EP
1434,5.084949,3.062202,Beta
1435,7.5848017,4.833737,Alpha
1436,4.181213,1.3414183,Alpha
1437,5.4306307,-2.28168,Pre-endocrine
1438,5.8055224,0.9040599,Beta
1439,-10.586566,1.9091254,Ductal
1440,5.0834503,-2.791134,Pre-endocrine
1441,6.105948,-0.015309109,Pre-endocrine
1442,-8.104379,3.405066,Ductal
1443,-6.98718,-2.4633172,Ngn3 high EP
1444,5.625785,-1.6384262,Pre-endocrine
1445,6.026189,0.09085077,Pre-endocrine
1446,-11.015133,0.036483634,Ductal
1447,-8.357877,-0.05426161,Ngn3 low EP
1448,6.775226,-1.7485454,Pre-endocrine
1449,5.2176204,-2.4773448,Pre-endocrine
1450,3.0430756,-3.6401906,Pre-endocrine
1451,6.2570295,0.05766711,Pre-endocrine
1452,-7.39161,-1.5470787,Ngn3 high EP
1453,-9.276977,3.1546557,Ductal
1454,5.9431233,-1.7153214,Pre-endocrine
1455,7.7067604,3.8736339,Alpha
1456,2.9178238,1.8460044,Epsilon
1457,-9.557258,-0.73683226,Ductal
1458,1.6711173,5.5723653,Beta
1459,9.304493,-1.1878756,Delta
1460,-10.256771,0.8580581,Ductal
1461,4.9076643,1.6631497,Beta
1462,6.951556,3.5978272,Alpha
1463,-12.0683565,2.1769602,Ductal
1464,-8.180496,-0.47828767,Ductal
1465,7.0269976,1.438973,Alpha
1466,7.4336724,5.091146,Alpha
1467,0.07544813,-4.800091,Ngn3 high EP
1468,-8.773867,0.8247911,Ductal
1469,5.220926,-0.10441168,Beta
1470,-9.431856,1.7300371,Ductal
1471,2.8692834,-4.494689,Pre-endocrine
1472,-9.161869,-0.91064185,Ductal
1473,5.68721,-2.9177036,Pre-endocrine
1474,4.895441,3.0082703,Beta
1475,-1.0290432,-4.964707,Ngn3 high EP
1476,0.71903706,-4.228884,Ngn3 high EP
1477,-12.250345,3.5395858,Ductal
1478,-10.662379,0.24798617,Ductal
1479,7.094771,-0.036212567,Alpha
1480,4.402481,1.8222282,Beta
1481,5.429237,3.9107184,Epsilon
1482,-10.0022335,3.1767905,Ductal
1483,6.666866,2.7216227,Beta
1484,1.8164217,-0.6424562,Epsilon
1485,-8.967623,0.59857905,Ductal
1486,7.1280775,4.8057427,Alpha
1487,3.404038,4.0573745,Beta
1488,4.277071,-2.7866948,Pre-endocrine
1489,9.064313,-0.87311924,Delta
1490,2.66157,5.350772,Beta
1491,-8.603319,1.2231078,Ngn3 low EP
1492,-2.230609,-2.0451355,Ngn3 high EP
1493,3.6236792,-1.1612029,Pre-endocrine
1494,-9.087511,2.8156803,Ductal
1495,-8.903204,-1.4859387,Ngn3 low EP
1496,7.3909698,3.9313858,Alpha
1497,-10.855245,-0.606135,Ductal
1498,-8.817268,-0.024337739,Ngn3 low EP
1499,-11.404786,-0.37595046,Ductal
1500,-0.34906888,-4.207853,Ngn3 high EP
1501,1.6301647,-4.5453105,Ngn3 high EP
1502,3.1370656,-3.9328558,Pre-endocrine
1503,5.1787586,3.1576626,Beta
1504,-0.43755087,-3.9113705,Ngn3 high EP
1505,4.3551655,-0.530357,Pre-endocrine
1506,3.0821044,-4.7031603,Pre-endocrine
1507,-4.013536,-3.7020638,Ngn3 high EP
1508,-11.734554,4.7636547,Ductal
1509,7.6279335,2.1370082,Alpha
1510,-6.145546,-3.0589356,Ngn3 high EP
1511,2.0185437,5.333519,Beta
1512,-10.519577,0.09898051,Ductal
1513,5.2454753,2.626675,Beta
1514,6.6058884,0.70774436,Alpha
1515,3.9144,1.8315157,Beta
1516,9.122249,-1.0385505,Delta
1517,4.2382965,-3.1758265,Pre-endocrine
1518,7.4978285,4.4387465,Alpha
1519,1.7532965,-3.083239,Pre-endocrine
1520,-8.395604,1.2513145,Ductal
1521,-9.436914,-1.0369265,Ductal
1522,4.777925,-3.505569,Pre-endocrine
1523,1.9038018,5.977254,Beta
1524,5.2725005,3.3830662,Beta
1525,-4.417708,-2.9609847,Ngn3 high EP
1526,-3.7999644,-4.259018,Ngn3 high EP
1527,6.190155,-2.311475,Pre-endocrine
1528,5.3983464,-2.462954,Pre-endocrine
1529,3.5630403,3.3088,Beta
1530,4.3083797,2.194227,Beta
1531,-9.28383,-0.28251082,Ductal
1532,-8.3658495,3.0306847,Ductal
1533,-2.6005366,-4.925211,Ngn3 high EP
1534,-10.242316,4.722749,Ngn3 low EP
1535,7.088114,3.674299,Alpha
1536,-8.3111515,1.7051779,Ductal
1537,-10.165576,0.5259522,Ductal
1538,-9.1108055,-1.0406399,Ductal
1539,7.839636,5.463624,Alpha
1540,6.3685956,1.9968705,Alpha
1541,1.2860285,-2.3254075,Pre-endocrine
1542,3.712604,3.3537054,Beta
1543,6.358046,4.2697806,Alpha
1544,3.7358627,-1.1109612,Pre-endocrine
1545,2.4944682,5.5279183,Beta
1546,3.98455,3.2005758,Beta
1547,7.459607,4.2995486,Alpha
1548,4.788344,2.689065,Beta
1549,3.5068955,3.7355893,Beta
1550,-0.91852295,-4.265094,Ngn3 high EP
1551,1.6397893,-2.4329834,Pre-endocrine
1552,7.705466,4.9657974,Alpha
1553,2.9300368,4.1314855,Beta
1554,7.4786267,0.73613346,Alpha
1555,-9.807234,-0.094383456,Ductal
1556,-11.461877,5.1598625,Ductal
1557,-0.98435384,-4.8400235,Ngn3 high EP
1558,5.174951,0.68690586,Beta
1559,7.982597,3.8644943,Alpha
1560,-4.129004,-3.966647,Ngn3 high EP
1561,-0.8331479,-4.116385,Ngn3 high EP
1562,5.372402,2.1861925,Pre-endocrine
1563,-11.620923,5.275384,Ductal
1564,8.374187,-0.94887304,Delta
1565,-12.282925,2.8920636,Ngn3 low EP
1566,-2.857373,-4.157538,Ngn3 high EP
1567,5.9133,-3.0616915,Pre-endocrine
1568,8.444833,-1.0808756,Delta
1569,-11.1289215,-0.36535716,Ductal
1570,-8.827103,1.107943,Ductal
1571,6.8820076,-1.6350801,Pre-endocrine
1572,-0.08665899,-4.2757998,Ngn3 high EP
1573,7.5447903,1.33839,Alpha
1574,7.8148103,4.935174,Alpha
1575,-1.5016658,-4.9725294,Ngn3 high EP
1576,-8.863844,0.91336983,Ductal
1577,5.3754573,-1.4029927,Pre-endocrine
1578,-11.201026,-0.43357036,Ductal
1579,6.290447,2.071325,Alpha
1580,5.7779603,0.2639963,Beta
1581,-9.336302,-0.58558714,Ductal
1582,1.3757689,-4.6851215,Ngn3 high EP
1583,-9.644439,2.2596498,Ductal
1584,-9.302039,-0.3016688,Ductal
1585,5.6358743,0.9555472,Beta
1586,-9.654029,2.1054926,Ductal
1587,-8.364496,-0.95129627,Ngn3 low EP
1588,2.521214,-3.4757657,Pre-endocrine
1589,-9.313127,-0.9808408,Ngn3 low EP
1590,-2.6709824,-3.681895,Ngn3 high EP
1591,-9.400057,0.38393044,Ductal
1592,4.337008,-4.311701,Pre-endocrine
1593,2.5192404,0.72430646,Epsilon
1594,-10.789778,-0.12445809,Ngn3 low EP
1595,-7.71493,-1.5989503,Ngn3 low EP
1596,5.9015403,3.772347,Alpha
1597,-0.26077896,-4.2012944,Ngn3 high EP
1598,5.721183,1.7895288,Beta
1599,-9.842079,-1.6662208,Ngn3 low EP
1600,-0.350086,-4.1679296,Ngn3 high EP
1601,3.8281217,4.534882,Beta
1602,9.510706,-1.2111696,Delta
1603,-8.443872,-1.2521057,Ductal
1604,7.297786,4.022376,Alpha
1605,5.5217934,1.3756864,Beta
1606,-8.68752,3.752203,Ductal
1607,-12.512244,3.511391,Ductal
1608,3.5854661,2.107808,Epsilon
1609,-9.535494,4.705476,Ngn3 low EP
1610,4.45999,4.481878,Beta
1611,-0.014928535,-4.848887,Ngn3 high EP
1612,4.406884,4.1091976,Beta
1613,-9.749293,2.8102176,Ductal
1614,6.2797527,2.7000544,Beta
1615,2.7514336,5.1688385,Beta
1616,6.099193,1.6926821,Alpha
1617,1.5913596,-3.9727123,Ngn3 high EP
1618,5.58538,-1.7928405,Pre-endocrine
1619,4.9752636,2.0354736,Beta
1620,5.825713,-0.78807575,Pre-endocrine
1621,5.4108243,1.5300417,Beta
1622,5.7126184,4.352421,Alpha
1623,-4.058565,-3.0608368,Ngn3 high EP
1624,7.920517,4.7464867,Alpha
1625,-10.927354,6.2198343,Ductal
1626,-1.2716066,-4.0048466,Ngn3 high EP
1627,-12.412349,3.471774,Ductal
1628,-9.132864,-1.5808467,Ductal
1629,1.1802721,-4.8321905,Pre-endocrine
1630,-0.8042754,-4.0896683,Ngn3 high EP
1631,7.517089,4.0157375,Alpha
1632,8.054764,4.6194077,Alpha
1633,5.2746477,3.12272,Beta
1634,-1.2551827,-3.8981345,Ngn3 high EP
1635,-4.181443,-4.0013866,Ngn3 high EP
1636,4.4830055,5.1021976,Beta
1637,-8.032653,-1.5666034,Ngn3 low EP
1638,8.480144,3.8499582,Alpha
1639,-4.180438,-3.8270614,Ngn3 high EP
1640,-12.167145,3.5488935,Ductal
1641,7.0083685,2.4146805,Alpha
1642,-10.533242,4.9515276,Ductal
1643,5.707879,1.2874848,Beta
1644,7.672118,0.1585365,Alpha
1645,5.4762416,-0.5631058,Pre-endocrine
1646,6.9907923,2.3354254,Alpha
1647,-10.48085,-0.6005157,Ductal
1648,4.202369,-0.80227727,Pre-endocrine
1649,-0.60090667,-4.761734,Ngn3 high EP
1650,-12.061886,4.5840697,Ductal
1651,-11.258106,-0.078872666,Ductal
1652,-9.974892,0.31134292,Ductal
1653,-11.701939,1.6338489,Ductal
1654,5.4053574,1.7818183,Beta
1655,4.0170674,-4.0147038,Pre-endocrine
1656,-3.061698,-4.30277,Ngn3 high EP
1657,-9.796348,-0.044959486,Ductal
1658,-6.7044535,-1.1548195,Ngn3 high EP
1659,0.87163305,-4.125993,Ngn3 high EP
1660,2.2041802,6.203187,Beta
1661,6.441229,0.69487983,Alpha
1662,-1.9586012,-3.7404828,Ngn3 high EP
1663,-10.24121,-1.0658324,Ductal
1664,8.246027,4.6631403,Alpha
1665,-8.425811,3.9189563,Ductal
1666,0.39088768,-4.778192,Ngn3 high EP
1667,-9.407606,0.5025396,Ductal
1668,3.1258738,5.95054,Beta
1669,6.00396,-2.537013,Pre-endocrine
1670,6.314982,-2.423928,Pre-endocrine
1671,-9.074364,-0.14480597,Ductal
1672,5.609019,-2.5149217,Pre-endocrine
1673,-8.771362,-0.5988657,Ngn3 low EP
1674,-8.141506,-0.5323875,Ngn3 low EP
1675,6.418415,0.2667555,Pre-endocrine
1676,7.9448943,3.997374,Alpha
1677,5.190838,-2.732,Pre-endocrine
1678,7.629248,2.6859207,Alpha
1679,3.7864738,4.978775,Beta
1680,6.1137757,-0.4063657,Pre-endocrine
1681,-11.645493,4.789607,Ductal
1682,7.9639254,3.9321954,Alpha
1683,-9.996091,1.8453163,Ductal
1684,7.9007783,3.6052713,Alpha
1685,-3.7914634,-3.7767992,Ngn3 high EP
1686,-5.520585,-3.134231,Ngn3 high EP
1687,-2.2763932,-4.776951,Ngn3 high EP
1688,-9.158761,-1.1162553,Ngn3 low EP
1689,7.8798637,1.6754721,Alpha
1690,-0.6734203,-5.18245,Ngn3 high EP
1691,2.4616408,4.7719293,Beta
1692,7.5002303,4.6012235,Alpha
1693,-2.3765306,-4.698466,Ngn3 high EP
1694,2.3070147,1.3741671,Epsilon
1695,-7.9867644,-1.7871248,Ngn3 low EP
1696,5.974776,-3.2198339,Pre-endocrine
1697,-9.138396,-0.3651811,Ductal
1698,-5.160703,-2.328704,Ngn3 high EP
1699,1.8027859,5.4718447,Beta
1700,-9.990993,4.98495,Ductal
1701,-9.724804,3.0354285,Ductal
1702,-10.599279,6.261941,Ductal
1703,-10.985338,0.401943,Ductal
1704,-2.756714,-3.9511497,Ngn3 high EP
1705,4.244553,-3.314083,Pre-endocrine
1706,6.0461464,-0.6762191,Pre-endocrine
1707,-1.459245,-4.059452,Ngn3 high EP
1708,-10.343651,2.1198628,Ductal
1709,5.171977,-3.4135506,Pre-endocrine
1710,-9.644769,0.25073728,Ductal
1711,-10.931357,0.9076065,Ductal
1712,-8.833608,2.2462506,Ductal
1713,-9.429216,2.6340365,Ductal
1714,4.2907195,-0.3896783,Pre-endocrine
1715,0.3293591,-3.7878184,Pre-endocrine
1716,3.779474,0.7175197,Pre-endocrine
1717,4.2313213,3.5484276,Beta
1718,7.9455624,2.2126827,Alpha
1719,-5.67777,-2.249819,Ngn3 high EP
1720,-10.562198,-1.1869237,Ngn3 low EP
1721,4.493607,-0.6535565,Pre-endocrine
1722,1.0044854,-4.0431933,Ngn3 high EP
1723,-11.690418,5.026906,Ductal
1724,-11.857227,2.1120193,Ductal
1725,4.0320134,4.173755,Beta
1726,6.059252,-2.9607508,Pre-endocrine
1727,-6.3757277,-2.2059872,Ngn3 high EP
1728,-6.5523148,-1.7459888,Ngn3 high EP
1729,7.7201967,1.4085454,Alpha
1730,-9.609393,5.0435247,Ductal
1731,4.6295843,2.0094073,Beta
1732,-11.781315,4.821253,Ductal
1733,-9.476414,3.2772627,Ductal
1734,-9.237828,0.108329736,Ductal
1735,-10.35577,6.0590878,Ductal
1736,-11.271993,0.43368283,Ductal
1737,-10.408468,-0.73236287,Ductal
1738,4.0735025,2.7851555,Beta
1739,-9.0490265,1.1318998,Ductal
1740,-10.461375,-0.043587722,Ductal
1741,-3.1020286,-3.8225627,Ngn3 high EP
1742,3.7894838,2.7843351,Beta
1743,2.7265286,-3.997956,Pre-endocrine
1744,4.308072,4.849743,Beta
1745,4.0457425,5.2650084,Beta
1746,8.672801,-1.4008393,Delta
1747,5.1643634,1.0123246,Beta
1748,-0.74843067,-4.015075,Ngn3 high EP
1749,5.4363227,-1.2998726,Pre-endocrine
1750,-10.395778,-0.5005383,Ductal
1751,-6.1681433,-2.6208625,Ngn3 high EP
1752,5.699672,2.4385824,Beta
1753,-6.7576895,-2.504435,Ngn3 high EP
1754,-9.647767,0.23569125,Ductal
1755,-9.635847,-0.70799893,Ductal
1756,-10.74946,5.8750634,Ductal
1757,-10.276818,-1.8020297,Ngn3 low EP
1758,-10.829382,0.75621104,Ductal
1759,3.668789,4.837645,Beta
1760,5.918519,-1.4108787,Pre-endocrine
1761,-10.08566,5.516794,Ductal
1762,5.995211,3.8536663,Alpha
1763,2.7198281,5.657067,Beta
1764,5.9222555,-1.9152821,Pre-endocrine
1765,6.082773,-0.6924548,Pre-endocrine
1766,-9.734891,-0.66991836,Ductal
1767,5.8397646,-0.9195707,Pre-endocrine
1768,7.6143637,-1.0500697,Delta
1769,6.164463,-1.2361996,Pre-endocrine
1770,4.126834,2.669382,Beta
1771,8.219823,-1.1145785,Delta
1772,6.212419,-2.0578153,Pre-endocrine
1773,-1.6624818,-5.2310743,Ngn3 high EP
1774,-5.602018,-2.5051117,Ngn3 high EP
1775,7.248331,-0.5036319,Alpha
1776,-10.50657,-1.1892858,Ductal
1777,5.2693353,1.8225579,Beta
1778,6.890921,0.77318275,Alpha
1779,-4.9331026,-2.7556007,Ngn3 high EP
1780,7.751034,2.7835464,Alpha
1781,-10.501734,0.62853795,Ngn3 low EP
1782,2.951215,0.6289743,Epsilon
1783,-10.363971,4.942047,Ductal
1784,5.5035024,-1.93394,Pre-endocrine
1785,-6.8587904,-2.1724188,Ngn3 high EP
1786,-2.8502305,-4.665241,Ngn3 high EP
1787,6.2981257,2.80521,Alpha
1788,1.3863962,-1.6848811,Pre-endocrine
1789,5.5995836,-3.331828,Pre-endocrine
1790,-1.2707219,-4.777946,Ngn3 high EP
1791,4.5833106,1.8882042,Beta
1792,-10.051534,1.5761957,Ductal
1793,5.728852,3.5708745,Beta
1794,4.353581,3.7444315,Beta
1795,-4.074361,-3.392225,Ngn3 high EP
1796,3.0930617,1.9031821,Epsilon
1797,4.649284,0.9025038,Pre-endocrine
1798,-11.694049,3.9700954,Ngn3 low EP
1799,-10.013877,-0.33051887,Ductal
1800,6.597371,1.455273,Alpha
1801,-9.3361225,1.3718536,Ductal
1802,7.6532574,0.6720778,Alpha
1803,8.560468,4.773777,Alpha
1804,4.175913,-0.6011048,Pre-endocrine
1805,6.7024283,3.2342734,Alpha
1806,2.9909732,0.506341,Epsilon
1807,-10.03126,0.21987501,Ductal
1808,7.691665,5.2946467,Alpha
1809,3.9870954,-0.39264065,Pre-endocrine
1810,3.2079885,5.785996,Beta
1811,0.9617992,-4.645154,Ngn3 high EP
1812,-10.869031,-0.9704363,Ductal
1813,-9.412014,5.350993,Ngn3 low EP
1814,-10.107629,0.49394035,Ductal
1815,-6.3820276,-1.999,Ngn3 high EP
1816,-2.4804287,-4.3813925,Ngn3 high EP
1817,7.398934,1.7117815,Alpha
1818,3.9593372,-3.6949039,Pre-endocrine
1819,5.0599275,-3.632994,Pre-endocrine
1820,-5.020849,-3.0213835,Ngn3 high EP
1821,6.4325714,-0.47223794,Pre-endocrine
1822,-2.0613103,-4.67574,Ngn3 high EP
1823,-11.682782,4.8512044,Ductal
1824,-11.3853245,-0.17449872,Ductal
1825,2.02354,6.009814,Beta
1826,5.924599,-1.2933484,Pre-endocrine
1827,7.7491617,2.6856964,Alpha
1828,-9.847562,-1.119726,Ngn3 low EP
1829,-12.140347,1.6033266,Ductal
1830,7.393262,0.32696617,Alpha
1831,-2.2127266,-3.8663633,Ngn3 high EP
1832,-1.757137,-3.7168572,Ngn3 high EP
1833,-9.710245,0.9583108,Ductal
1834,8.223058,5.320813,Alpha
1835,7.650046,-0.056889802,Alpha
1836,-10.2162485,-1.5724071,Ngn3 low EP
1837,4.54232,3.208017,Beta
1838,9.499692,-1.1476548,Delta
1839,1.7896659,-0.05262358,Epsilon
1840,4.7962885,-3.0231996,Pre-endocrine
1841,-1.186011,-4.9798083,Ngn3 high EP
1842,-3.5266242,-4.05187,Ngn3 high EP
1843,-8.010988,3.048708,Ductal
1844,-11.465613,5.445051,Ductal
1845,-9.679585,1.5625602,Ductal
1846,-2.7438035,-4.0467386,Ngn3 high EP
1847,-10.6781645,4.9839106,Ductal
1848,4.3510528,-3.189437,Pre-endocrine
1849,3.486062,-3.7300131,Pre-endocrine
1850,7.6511297,4.1281776,Alpha
1851,-11.434648,4.97831,Ductal
1852,4.587042,3.6973178,Beta
1853,0.3624228,-4.9801393,Ngn3 high EP
1854,4.369149,3.0312588,Beta
1855,2.3910143,0.90293604,Epsilon
1856,5.8902197,-1.3323042,Pre-endocrine
1857,2.7060351,5.146825,Beta
1858,-9.871016,2.132987,Ductal
1859,-9.337566,4.3810806,Ngn3 low EP
1860,-9.8529825,5.324762,Ductal
1861,3.355071,-3.5104373,Pre-endocrine
1862,-9.54447,0.6627425,Ductal
1863,-10.815633,6.0697393,Ductal
1864,-8.932976,-0.57839274,Ductal
1865,-8.794902,1.2414527,Ductal
1866,7.9142146,4.701291,Alpha
1867,3.746784,-3.9390483,Pre-endocrine
1868,8.155316,4.9890227,Alpha
1869,6.9033747,1.5066776,Alpha
1870,-11.303763,0.31124964,Ductal
1871,-10.637715,0.04047591,Ductal
1872,-10.090042,3.6569433,Ductal
1873,3.4992304,1.6356084,Epsilon
1874,5.208779,1.0002011,Beta
1875,-10.785818,-1.3001167,Ductal
1876,6.0236726,1.9043784,Alpha
1877,-0.44241607,-5.0732436,Ngn3 high EP
1878,3.7532945,-4.5839596,Pre-endocrine
1879,-12.150494,2.9719205,Ductal
1880,-10.99386,-0.23362543,Ngn3 low EP
1881,-11.151186,0.22745156,Ductal
1882,5.490734,-3.4325933,Pre-endocrine
1883,3.6841571,-0.82810205,Pre-endocrine
1884,5.3772163,1.7155409,Alpha
1885,8.359296,4.79105,Alpha
1886,8.812473,-1.3052939,Delta
1887,-10.879517,3.6934624,Ductal
1888,-10.118356,1.9908435,Ductal
1889,-4.619057,-3.6241827,Ngn3 high EP
1890,-0.03248334,-4.31165,Ngn3 high EP
1891,4.316274,4.0603156,Beta
1892,3.318854,2.584695,Epsilon
1893,5.920717,-2.057084,Pre-endocrine
1894,3.5306568,1.9143673,Epsilon
1895,-12.227441,3.2681742,Ductal
1896,-9.636179,0.1572844,Ductal
1897,-10.526302,0.3864726,Ductal
1898,-12.252572,1.9115824,Ductal
1899,-10.935328,3.6661413,Ductal
1900,2.5298393,6.1878333,Beta
1901,-1.2603792,-4.5408826,Ngn3 high EP
1902,5.737583,-2.8623707,Pre-endocrine
1903,6.8561797,3.7202704,Alpha
1904,1.4647124,-3.9824724,Ngn3 high EP
1905,7.6897717,3.476968,Alpha
1906,5.439929,-0.41181612,Pre-endocrine
1907,-6.1676884,-2.9895885,Ngn3 high EP
1908,-10.988695,0.12952794,Ductal
1909,5.420435,-2.225737,Pre-endocrine
1910,5.301779,-1.5814396,Pre-endocrine
1911,-2.7932508,-4.528922,Ngn3 high EP
1912,4.7972865,2.455233,Beta
1913,-11.103504,-0.77250755,Ductal
1914,5.765782,3.1849284,Beta
1915,-9.415957,-1.0355687,Ductal
1916,-8.51735,-1.5854436,Ngn3 low EP
1917,-11.14261,-0.24444443,Ductal
1918,6.3421283,-0.47498092,Pre-endocrine
1919,-6.9267297,-1.77812,Ngn3 high EP
1920,-12.086117,3.3791444,Ngn3 low EP
1921,5.614148,-3.1789596,Pre-endocrine
1922,-11.280589,1.3074878,Ductal
1923,-6.2904725,-3.035638,Ngn3 high EP
1924,5.330812,0.7109954,Beta
1925,-11.248041,5.600662,Ductal
1926,6.6372724,0.5262673,Alpha
1927,-9.489105,2.3487442,Ductal
1928,-9.798174,-1.4032321,Ngn3 low EP
1929,-5.620544,-3.1874208,Ngn3 high EP
1930,-9.941251,-0.08735156,Ductal
1931,8.317636,-0.91614085,Delta
1932,-1.419037,-4.665893,Ngn3 high EP
1933,7.4692917,3.4494495,Alpha
1934,-10.5183325,1.0182455,Ductal
1935,-8.354246,3.4562478,Ductal
1936,5.288625,-0.8383782,Pre-endocrine
1937,4.254513,1.250765,Pre-endocrine
1938,8.791363,-1.1437455,Delta
1939,5.2317886,0.83437407,Beta
1940,6.7870803,4.9859095,Alpha
1941,3.0936885,2.0558426,Epsilon
1942,-9.869989,5.1478806,Ductal
1943,-11.025,-0.5960285,Ductal
1944,5.947137,-2.3544145,Pre-endocrine
1945,-9.7076025,-0.5169865,Ductal
1946,-10.322852,-0.95059264,Ductal
1947,-1.5567883,-3.913949,Ngn3 high EP
1948,3.3844535,4.0277553,Beta
1949,3.8696585,5.443918,Beta
1950,-11.732227,3.5300858,Ductal
1951,5.267513,-0.94468427,Pre-endocrine
1952,1.1286465,-4.8098817,Ngn3 high EP
1953,-8.605144,0.31562433,Ngn3 low EP
1954,-8.829329,2.5839047,Ductal
1955,-10.846723,-0.79797786,Ductal
1956,5.191534,1.1294637,Beta
1957,2.41761,6.553197,Beta
1958,-9.2423525,-0.82324183,Ngn3 low EP
1959,3.0506353,4.242124,Beta
1960,-9.080266,0.5961114,Ngn3 low EP
1961,7.4974327,2.3608267,Alpha
1962,4.8005896,2.0242114,Beta
1963,-2.0041454,-4.541246,Ngn3 high EP
1964,-8.253857,2.422035,Ngn3 low EP
1965,-10.688571,-1.6281644,Ductal
1966,7.848562,3.9014993,Alpha
1967,-5.539701,-2.077304,Ngn3 high EP
1968,-9.354167,1.1208234,Ductal
1969,-9.683513,2.4058075,Ductal
1970,7.19021,2.843738,Alpha
1971,5.850399,3.6130176,Beta
1972,5.90428,0.2748965,Beta
1973,1.1786683,-4.2741885,Ngn3 high EP
1974,5.49951,-0.9525686,Pre-endocrine
1975,-11.155008,1.9892995,Ductal
1976,-0.96825224,-4.2203765,Ngn3 high EP
1977,-8.306859,-1.0993218,Ngn3 low EP
1978,-10.459954,0.29344353,Ductal
1979,6.9808793,-1.1768324,Pre-endocrine
1980,-5.3465075,-3.6029081,Ngn3 high EP
1981,7.1474204,-0.160702,Alpha
1982,6.982049,4.445933,Alpha
1983,5.2435746,-0.37434193,Beta
1984,4.8971176,1.400504,Beta
1985,-10.911221,0.83004963,Ductal
1986,-9.219648,4.314206,Ngn3 low EP
1987,4.5789094,-4.052991,Pre-endocrine
1988,5.4122205,1.232137,Beta
1989,4.7649007,0.17571448,Pre-endocrine
1990,7.470536,2.6615834,Alpha
1991,5.6811495,1.0882682,Beta
1992,-10.174838,-1.3334383,Ductal
1993,4.739831,-3.8025436,Pre-endocrine
1994,-10.839268,-0.687069,Ductal
1995,2.586993,5.172072,Beta
1996,3.7269442,4.595799,Beta
1997,5.4225593,-1.3188472,Pre-endocrine
1998,-2.5363653,-4.8152657,Ngn3 high EP
1999,-8.10446,3.3603754,Ngn3 low EP
2000,-9.997896,2.769866,Ductal
2001,-10.51738,-1.2470198,Ductal
2002,5.3186316,-3.1611767,Pre-endocrine
2003,2.1003563,-0.062502265,Epsilon
2004,-10.851357,-0.16541703,Ductal
2005,0.32926878,-4.17425,Ngn3 high EP
2006,2.5111485,4.573152,Beta
2007,5.5631313,0.61877996,Beta
2008,-10.9270315,-0.4617428,Ductal
2009,7.242069,3.464586,Alpha
2010,7.285131,0.7484606,Alpha
2011,-12.087597,1.9023981,Ductal
2012,0.53556186,-4.360464,Ngn3 high EP
2013,-12.193845,2.1458817,Ductal
2014,8.608067,-1.3314778,Delta
2015,-11.316277,0.2858345,Ductal
2016,-10.17543,5.8388705,Ductal
2017,5.8937263,1.2323054,Beta
2018,3.1918266,4.8321643,Beta
2019,-10.739271,6.0629396,Ductal
2020,-2.1873126,-4.7951875,Ngn3 high EP
2021,4.064739,3.660839,Beta
2022,-9.864165,-1.0963804,Ductal
2023,5.2934756,-0.33346048,Beta
2024,0.49607792,-4.7641916,Ngn3 high EP
2025,4.807297,2.526147,Beta
2026,-9.72673,-0.02346642,Ductal
2027,4.54071,4.3529367,Beta
2028,5.2311273,-3.0460072,Pre-endocrine
2029,-12.3223915,2.291649,Ductal
2030,7.8355126,4.477789,Alpha
2031,5.626167,1.1247871,Beta
2032,-0.2074173,-4.984873,Ngn3 high EP
2033,4.341752,3.7724369,Beta
2034,7.7306643,3.96148,Alpha
2035,4.50991,-3.2572072,Pre-endocrine
2036,2.3446238,5.100851,Beta
2037,-11.75265,1.1494406,Ngn3 low EP
2038,-12.179058,3.0062892,Ductal
2039,3.6224906,1.0487742,Pre-endocrine
2040,4.415899,3.2141216,Beta
2041,7.3025136,5.296751,Alpha
2042,-11.298431,3.900044,Ductal
2043,8.630472,4.2929564,Alpha
2044,8.021509,5.2628546,Alpha
2045,4.988459,3.5663831,Beta
2046,-2.1676154,-3.893793,Ngn3 high EP
2047,-4.227683,-3.338916,Ngn3 high EP
2048,7.5519857,5.285234,Alpha
2049,-11.145397,3.6794567,Ductal
2050,6.149426,4.0456104,Alpha
2051,7.880975,3.1360052,Alpha
2052,6.3535824,2.527745,Alpha
2053,-9.432693,0.41062933,Ductal
2054,-9.004248,0.025116477,Ductal
2055,-9.133144,1.0463202,Ductal
2056,5.0401535,2.013554,Beta
2057,-11.446345,0.11026997,Ductal
2058,-10.179644,-0.47416273,Ductal
2059,-10.7087965,3.3704784,Ductal
2060,-10.267722,2.9909568,Ductal
2061,6.9414287,-1.44824,Pre-endocrine
2062,-1.2074659,-3.7476583,Ngn3 high EP
2063,3.2035213,-1.4280689,Pre-endocrine
2064,7.026878,-0.2221034,Alpha
2065,6.1554084,-1.5083052,Pre-endocrine
2066,4.2390203,0.5511743,Pre-endocrine
2067,6.276966,4.608333,Alpha
2068,-10.164526,1.3976238,Ductal
2069,4.268318,-4.1243744,Pre-endocrine
2070,-10.151413,0.21641351,Ductal
2071,-2.260662,-4.553218,Ngn3 high EP
2072,-3.1377833,-4.4431286,Ngn3 high EP
2073,2.4110177,6.2436295,Beta
2074,4.7145786,-3.4906077,Pre-endocrine
2075,-9.812831,4.5400243,Ngn3 low EP
2076,3.9469178,-4.2473407,Pre-endocrine
2077,-2.9903436,-4.7376924,Ngn3 high EP
2078,-9.555072,5.1657705,Ductal
2079,5.7243166,-1.8197176,Pre-endocrine
2080,8.250558,4.1674733,Alpha
2081,1.6661242,-4.048971,Ngn3 high EP
2082,2.3957438,0.5836091,Epsilon
2083,6.124628,0.5130696,Beta
2084,-12.319476,2.5423133,Ductal
2085,6.6212354,-0.13951924,Pre-endocrine
2086,3.071895,-4.160169,Pre-endocrine
2087,4.563321,1.223515,Alpha
2088,1.086945,-4.2091417,Ngn3 high EP
2089,-9.790837,5.234814,Ductal
2090,5.25929,-1.7180289,Pre-endocrine
2091,-11.131366,-0.6631853,Ductal
2092,6.072732,0.6574751,Beta
2093,2.5886881,5.7600455,Beta
2094,1.4235548,-4.790364,Ngn3 high EP
2095,-11.413615,2.8305326,Ductal
2096,4.9927206,2.0005538,Beta
2097,-9.958766,4.9543185,Ductal
2098,4.114924,-0.6921469,Pre-endocrine
2099,-10.8710785,3.3158658,Ductal
2100,3.3875864,-1.3242644,Pre-endocrine
2101,2.4807563,5.402693,Beta
2102,-11.572517,0.5032543,Ductal
2103,7.652523,3.3600492,Alpha
2104,6.9053874,4.71168,Alpha
2105,-12.092011,3.509214,Ductal
2106,5.1644454,2.9903412,Beta
2107,6.738203,-1.7028098,Pre-endocrine
2108,-7.1255975,-1.9862355,Ngn3 high EP
2109,-10.886657,-0.58466333,Ductal
2110,-11.301289,2.6803808,Ductal
2111,-2.3358393,-4.618325,Ngn3 high EP
2112,8.41862,-0.92104137,Delta
2113,-9.907727,0.94293165,Ngn3 low EP
2114,4.3200245,-0.87492365,Pre-endocrine
2115,-8.08532,3.2093549,Ductal
2116,-9.277191,0.72127074,Ductal
2117,1.2742703,-2.2021787,Pre-endocrine
2118,5.5531235,-0.10956663,Beta
2119,5.1955314,0.0062868553,Beta
2120,-9.415863,2.767018,Ductal
2121,-2.4184797,-4.3993583,Ngn3 high EP
2122,-0.3880196,-3.9161344,Ngn3 high EP
2123,-8.999348,1.0973667,Ductal
2124,-9.734041,2.4133463,Ductal
2125,1.6932698,-2.5104468,Pre-endocrine
2126,3.1397247,5.9896135,Beta
2127,5.8152404,-0.07012827,Pre-endocrine
2128,5.5392013,0.043208096,Beta
2129,-0.5690438,-4.1640167,Ngn3 high EP
2130,6.285319,1.8176525,Beta
2131,-3.1690102,-3.6419308,Ngn3 high EP
2132,5.046226,-2.2955358,Pre-endocrine
2133,0.7487317,-2.9432204,Pre-endocrine
2134,-9.587559,-0.28410038,Ductal
2135,1.5330132,-4.5426497,Ngn3 high EP
2136,-8.712679,-0.07433324,Ductal
2137,-11.26085,-1.331124,Ductal
2138,-2.1836822,-3.745517,Ngn3 high EP
2139,-8.28611,-1.1578593,Ngn3 low EP
2140,2.361093,-4.6482487,Pre-endocrine
2141,9.059313,-1.3329755,Delta
2142,7.243307,4.7158256,Alpha
2143,4.2840858,3.4576275,Beta
2144,7.883564,5.2690077,Alpha
2145,0.9377318,-4.9264135,Ngn3 high EP
2146,4.836201,3.3792088,Beta
2147,5.7976213,-0.551793,Pre-endocrine
2148,7.141031,2.0843601,Alpha
2149,-9.537484,-0.17796244,Ngn3 low EP
2150,0.8306465,-4.3443074,Ngn3 high EP
2151,9.400543,-1.1165888,Delta
2152,-10.108347,5.8176336,Ductal
2153,5.295394,-2.6879,Pre-endocrine
2154,-9.616919,-0.16958356,Ductal
2155,-7.979959,2.9805293,Ductal
2156,3.9167852,1.0042711,Pre-endocrine
2157,3.3852935,-4.6076255,Pre-endocrine
2158,3.1041074,1.8403188,Epsilon
2159,6.7578583,-1.5108476,Pre-endocrine
2160,-11.748733,4.0311494,Ductal
2161,5.1863136,-2.6104226,Pre-endocrine
2162,4.0376,3.0522878,Beta
2163,4.0354953,1.0419905,Pre-endocrine
2164,5.010695,-0.054669593,Beta
2165,-11.782512,4.938712,Ductal
2166,-2.4358048,-4.409444,Ngn3 high EP
2167,3.3404405,-3.8981118,Pre-endocrine
2168,-9.766617,5.270094,Ductal
2169,-10.724299,-0.07924357,Ductal
2170,-0.8359444,-5.046505,Ngn3 high EP
2171,4.5833354,-2.865566,Pre-endocrine
2172,7.2706847,4.99171,Alpha
2173,5.260201,0.26917544,Beta
2174,-8.535248,1.6395433,Ductal
2175,7.8218665,0.8172639,Alpha
2176,-10.226343,5.8848896,Ngn3 low EP
2177,6.604291,1.1976926,Alpha
2178,-10.539155,0.3513976,Ductal
2179,-8.969868,0.6437517,Ductal
2180,4.4741955,4.7691984,Beta
2181,-4.7268953,-3.852354,Ngn3 high EP
2182,4.2037067,1.2117927,Beta
2183,-11.8024235,4.7693644,Ngn3 low EP
2184,4.757797,1.8004755,Beta
2185,-8.766792,-0.7251619,Ductal
2186,-11.442597,-1.1946521,Ductal
2187,-0.6739738,-3.6996033,Ngn3 high EP
2188,-3.7407954,-3.952263,Ngn3 high EP
2189,2.1231384,6.4643407,Beta
2190,-11.880602,4.6746945,Ductal
2191,5.756731,-1.5065289,Pre-endocrine
2192,5.7957354,-2.321173,Pre-endocrine
2193,3.2600782,-4.354188,Pre-endocrine
2194,4.4521484,-0.26140702,Pre-endocrine
2195,7.6963315,5.2810984,Alpha
2196,-1.6325804,-4.1927485,Ngn3 high EP
2197,-3.9185138,-3.4532652,Ngn3 high EP
2198,5.9750834,-2.0859902,Pre-endocrine
2199,6.116922,-0.84704137,Pre-endocrine
2200,8.378273,-1.0897092,Delta
2201,-12.025648,1.5361955,Ngn3 low EP
2202,8.940772,-1.2916983,Delta
2203,5.26524,1.6889974,Beta
2204,-10.396692,6.1366935,Ngn3 low EP
2205,5.149748,0.91557413,Beta
2206,7.016443,2.8771372,Alpha
2207,7.8123393,2.7850647,Alpha
2208,-10.73981,6.2851954,Ductal
2209,1.3771261,-4.117562,Ngn3 high EP
2210,4.269729,-2.9896138,Pre-endocrine
2211,7.0022864,-0.53712785,Alpha
2212,5.602381,-2.6412802,Pre-endocrine
2213,5.5455875,2.2265406,Beta
2214,-11.279376,-0.9225593,Ductal
2215,-10.408948,-0.004426881,Ngn3 low EP
2216,-10.056854,0.0020937095,Ductal
2217,-5.583767,-3.3328366,Ngn3 high EP
2218,7.5913587,2.5134208,Alpha
2219,4.7871614,3.3374429,Beta
2220,-9.619148,0.01026332,Ngn3 low EP
2221,-2.225877,-2.0799506,Ngn3 high EP
2222,2.6098175,2.0222883,Epsilon
2223,4.494848,1.6430244,Beta
2224,-8.488646,-1.4175992,Ngn3 low EP
2225,3.5513268,0.35289708,Pre-endocrine
2226,-11.659958,1.5267259,Ductal
2227,-7.490492,-2.0148501,Ngn3 high EP
2228,5.3320894,-0.25003937,Beta
2229,-9.325984,-1.3456675,Ductal
2230,-9.516715,2.7378573,Ductal
2231,-11.283761,0.004703157,Ngn3 low EP
2232,-9.774916,-0.82085866,Ductal
2233,-11.246894,1.1411281,Ductal
2234,5.789007,1.9136351,Beta
2235,4.132414,-3.0179737,Pre-endocrine
2236,-2.4140143,-2.1695352,Ngn3 high EP
2237,-5.3843174,-3.0641677,Ngn3 high EP
2238,7.9913154,-1.1462377,Delta
2239,6.8783875,0.36907172,Alpha
2240,-10.3536,0.11249923,Ductal
2241,5.1101747,1.7638685,Beta
2242,3.2469165,3.9088235,Beta
2243,2.9513173,-3.9866147,Pre-endocrine
2244,5.1863203,-0.53471327,Pre-endocrine
2245,-7.034463,-1.7987055,Ngn3 high EP
2246,-2.9185667,-3.452427,Ngn3 high EP
2247,3.263164,5.2561736,Beta
2248,2.680298,5.6188965,Beta
2249,-11.252761,5.7729683,Ductal
2250,5.3025126,0.11584648,Alpha
2251,6.0868387,1.4939374,Beta
2252,-9.576129,0.518503,Ductal
2253,7.4897733,4.4535437,Alpha
2254,2.9521847,4.613201,Beta
2255,1.3289678,-1.794587,Pre-endocrine
2256,-0.54452395,-5.0958667,Ngn3 high EP
2257,-11.981093,2.2936924,Ductal
2258,7.942875,2.2550542,Alpha
2259,-9.602369,5.210483,Ngn3 low EP
2260,5.693957,2.5453908,Beta
2261,-4.814383,-3.6974583,Ngn3 high EP
2262,-7.499623,-2.206078,Ngn3 high EP
2263,9.416532,-1.0194837,Delta
2264,2.835354,5.395729,Beta
2265,3.345072,4.721307,Beta
2266,2.6460283,1.9308832,Epsilon
2267,-6.6917734,-2.170025,Ngn3 high EP
2268,6.811084,2.6637032,Alpha
2269,5.7458205,-1.3948702,Pre-endocrine
2270,7.7119546,-0.46957698,Delta
2271,7.180744,3.7492876,Alpha
2272,3.787063,-4.0123324,Pre-endocrine
2273,1.6688821,-1.0073203,Pre-endocrine
2274,6.6687255,1.6485187,Alpha
2275,4.7494855,-3.7107205,Pre-endocrine
2276,3.3562236,-1.1650695,Pre-endocrine
2277,6.194917,0.1698655,Beta
2278,3.7550247,3.539874,Beta
2279,2.349067,5.3669486,Beta
2280,8.460687,-0.8001486,Delta
2281,6.9804053,-1.3274071,Pre-endocrine
2282,-6.822655,-2.5109649,Ngn3 high EP
2283,-10.055026,-0.71970785,Ngn3 low EP
2284,4.7273674,-3.2829225,Pre-endocrine
2285,-8.865841,-0.7899009,Ngn3 low EP
2286,-11.919812,1.3259813,Ductal
2287,-10.477087,-0.31686366,Ductal
2288,4.1161857,4.750666,Beta
2289,7.688973,2.5572052,Alpha
2290,-8.334864,1.6140331,Ngn3 low EP
2291,-11.140878,1.0765868,Ductal
2292,7.137754,2.6589675,Alpha
2293,-11.086246,4.748774,Ductal
2294,-10.944112,4.668374,Ductal
2295,7.680015,5.1051626,Alpha
2296,-6.485505,-2.2575278,Ngn3 high EP
2297,8.579597,4.316441,Alpha
2298,-4.192797,-3.4923747,Ngn3 high EP
2299,4.7615547,-2.9148073,Pre-endocrine
2300,3.359534,5.2570615,Beta
2301,-1.8401172,-4.0956354,Ngn3 high EP
2302,5.809072,-2.6855228,Pre-endocrine
2303,-9.062106,-0.4062788,Ngn3 low EP
2304,5.4218316,2.5142097,Beta
2305,-11.328527,1.402005,Ductal
2306,-10.728851,-1.4242533,Ductal
2307,-10.266694,1.1798489,Ductal
2308,3.5140557,-2.9490614,Pre-endocrine
2309,-6.9947324,-1.6315347,Ngn3 high EP
2310,-9.4190855,1.6798916,Ductal
2311,4.151875,5.1398535,Beta
2312,-2.247921,-2.2911825,Ngn3 high EP
2313,-11.441838,4.8639803,Ductal
2314,5.3141694,-0.5490612,Pre-endocrine
2315,2.7500064,0.34183252,Epsilon
2316,7.318722,3.8677688,Alpha
2317,0.06971342,-5.309977,Ngn3 high EP
2318,-11.737467,2.0797145,Ductal
2319,7.9672985,4.9944377,Alpha
2320,3.990729,5.355658,Beta
2321,2.3364942,6.0769367,Beta
2322,1.5938991,-4.0600815,Ngn3 high EP
2323,5.5152926,0.6612624,Beta
2324,5.5001082,-1.242701,Pre-endocrine
2325,-8.074653,3.5323288,Ductal
2326,2.3959858,-2.4437115,Pre-endocrine
2327,-4.5046916,-2.8763058,Ngn3 high EP
2328,4.668039,3.2371914,Beta
2329,1.9172169,5.7947416,Beta
2330,-2.8328693,-4.233774,Ngn3 high EP
2331,3.538932,-3.6952877,Pre-endocrine
2332,-8.812871,0.738768,Ngn3 low EP
2333,-6.1761613,-2.3067784,Ngn3 high EP
2334,7.355024,4.851021,Alpha
2335,5.655788,-2.8904462,Pre-endocrine
2336,-9.277353,-0.11564095,Ductal
2337,-12.218656,3.4813254,Ductal
2338,3.5559554,4.759451,Beta
2339,7.745668,2.523167,Alpha
2340,2.54507,6.259965,Beta
2341,-9.730955,0.49676442,Ductal
2342,-9.300635,-0.9673325,Ngn3 low EP
2343,-9.809827,-0.40639296,Ductal
2344,-2.9579306,-1.9917028,Ngn3 low EP
2345,5.4670033,-1.7118902,Pre-endocrine
2346,1.1108415,-3.2977562,Ngn3 high EP
2347,-7.667112,-2.2923331,Ngn3 high EP
2348,-2.3291628,-4.9857965,Ngn3 high EP
2349,6.2698216,-2.16122,Pre-endocrine
2350,-11.6842375,1.7191336,Ductal
2351,-0.24209546,-3.889542,Ngn3 high EP
2352,-11.14636,1.0891263,Ductal
2353,-1.9562802,-4.840914,Ngn3 high EP
2354,-8.674133,4.064599,Ngn3 low EP
2355,4.0093603,4.1664033,Beta
2356,-9.596465,0.2167862,Ductal
2357,3.6152825,-3.50593,Pre-endocrine
2358,2.0944242,-3.9357579,Ngn3 high EP
2359,6.319708,2.096425,Alpha
2360,-7.534988,-2.167339,Ngn3 low EP
2361,-0.54935664,-4.016656,Ngn3 high EP
2362,-6.362396,-2.1551778,Ngn3 high EP
2363,2.6877468,5.7437396,Beta
2364,-1.0142803,-3.674305,Ngn3 high EP
2365,4.2503543,-4.197379,Pre-endocrine
2366,2.3551192,6.4534492,Beta
2367,3.7022777,2.3154807,Epsilon
2368,4.5519104,3.7469494,Beta
2369,4.1169186,-3.1380477,Pre-endocrine
2370,8.282953,4.5913234,Alpha
2371,5.8223605,-1.3698199,Pre-endocrine
2372,-11.930454,2.1934516,Ductal
2373,-8.416932,-0.89059514,Ngn3 low EP
2374,-9.958534,0.4966404,Ngn3 low EP
2375,-8.604858,1.8476803,Ngn3 low EP
2376,5.561037,2.1886892,Beta
2377,-4.2823133,-3.9657624,Ngn3 high EP
2378,-4.512824,-3.5355833,Ngn3 high EP
2379,2.4452956,6.705115,Beta
2380,8.022405,4.9460425,Alpha
2381,-10.481097,-0.585391,Ductal
2382,7.9245887,1.2563332,Alpha
2383,2.6382463,0.10532199,Epsilon
2384,-9.332999,-0.30363294,Ductal
2385,7.2971544,-0.087490134,Alpha
2386,1.8562715,5.2966504,Beta
2387,-11.470521,1.6795766,Ductal
2388,7.920199,2.1307962,Alpha
2389,5.238813,2.6639616,Beta
2390,3.5614274,0.55768883,Pre-endocrine
2391,5.808911,1.3730001,Beta
2392,2.7147274,-4.4280267,Pre-endocrine
2393,-0.84289116,-4.803189,Ngn3 high EP
2394,5.1086507,3.3819866,Beta
2395,4.6231995,-0.07526808,Pre-endocrine
2396,-11.749156,1.8109629,Ductal
2397,6.4317365,1.8354493,Alpha
2398,-10.834728,2.7812784,Ductal
2399,-8.861428,0.8249341,Ductal
2400,-11.048035,-1.3553307,Ductal
2401,-8.08106,-0.79302144,Ngn3 low EP
2402,3.9374425,2.84944,Epsilon
2403,-9.696557,3.173911,Ductal
2404,-12.217338,2.044601,Ductal
2405,6.0383906,-0.81028175,Pre-endocrine
2406,7.5804505,1.7141435,Alpha
2407,-8.250983,2.8094044,Ductal
2408,-10.242413,5.207615,Ductal
2409,1.1377468,-2.4859264,Pre-endocrine
2410,5.607171,2.9123719,Beta
2411,-8.576881,0.5053382,Ngn3 low EP
2412,-4.826479,-3.829173,Ngn3 high EP
2413,-9.4788065,3.4622636,Ductal
2414,7.908372,4.298059,Alpha
2415,0.003469435,-5.117958,Ngn3 high EP
2416,-0.044257157,-3.2861247,Ngn3 high EP
2417,-8.66183,-1.3754191,Ductal
2418,-9.790996,0.92803186,Ductal
2419,2.925402,4.933767,Beta
2420,4.3369474,1.9063612,Beta
2421,1.3634838,-4.7403884,Ngn3 high EP
2422,5.3333077,-1.1309481,Pre-endocrine
2423,3.868142,-3.8623722,Pre-endocrine
2424,4.3050213,3.1707149,Beta
2425,-7.122564,-0.4367275,Ngn3 low EP
2426,6.113184,-1.0548273,Pre-endocrine
2427,4.29522,4.5012374,Beta
2428,8.261737,4.4390993,Alpha
2429,-1.1850661,-5.229765,Ngn3 high EP
2430,2.2269137,6.696216,Beta
2431,-11.333779,4.7538667,Ductal
2432,-1.2219975,-4.5400004,Ngn3 high EP
2433,-9.930101,1.1582432,Ductal
2434,-9.741731,-0.36667746,Ductal
2435,-11.061591,3.5473855,Ductal
2436,2.832764,-0.6751053,Epsilon
2437,-10.014349,0.08232496,Ngn3 low EP
2438,5.668247,-0.47424328,Pre-endocrine
2439,3.464187,1.6644447,Epsilon
2440,-9.578479,0.91579515,Ngn3 low EP
2441,-9.3993635,4.6912556,Ductal
2442,-10.405557,-1.2798072,Ductal
2443,-11.880521,0.7242257,Ductal
2444,-0.17212693,-4.962457,Ngn3 high EP
2445,4.135482,-4.222747,Pre-endocrine
2446,3.0721657,1.5921681,Epsilon
2447,3.5478108,5.391859,Beta
2448,1.0580775,-2.5977626,Pre-endocrine
2449,-10.72126,5.976353,Ductal
2450,-8.345664,-1.9906212,Ngn3 low EP
2451,-9.621684,2.9830039,Ductal
2452,4.8006573,3.4373343,Beta
2453,5.1318364,2.465532,Beta
2454,-9.295429,1.2572104,Ngn3 low EP
2455,4.9465995,-2.5907497,Pre-endocrine
2456,5.9672794,-1.9411054,Pre-endocrine
2457,2.35464,4.8441052,Beta
2458,2.7962706,4.168321,Beta
2459,2.704946,-2.6679184,Pre-endocrine
2460,6.947864,4.141087,Alpha
2461,6.38196,4.2235446,Alpha
2462,-9.823025,5.5408545,Ductal
2463,-11.210058,-0.29092783,Ductal
2464,5.2239265,0.46807903,Beta
2465,4.076569,3.6192703,Beta
2466,7.11346,2.5706553,Alpha
2467,6.9251866,2.0379627,Alpha
2468,-1.717559,-3.6184204,Ngn3 high EP
2469,-9.44106,1.1998675,Ductal
2470,-6.0976233,-2.945439,Ngn3 high EP
2471,-0.29139987,-5.114933,Ngn3 high EP
2472,-10.598923,-0.7095983,Ductal
2473,8.002668,5.4348764,Alpha
2474,2.5736623,1.7439991,Epsilon
2475,3.2231236,-1.7363305,Pre-endocrine
2476,-8.156321,3.614488,Ductal
2477,5.9794283,-1.5926532,Pre-endocrine
2478,-0.28499612,-4.2199893,Ngn3 high EP
2479,6.5714264,2.6494646,Alpha
2480,7.820514,1.759709,Alpha
2481,-0.0057387734,-5.113515,Ngn3 high EP
2482,2.0981727,6.330519,Beta
2483,6.96211,4.1263437,Alpha
2484,8.004752,-1.1051118,Delta
2485,2.48737,5.4441414,Beta
2486,-6.7103086,-2.0879211,Ngn3 high EP
2487,-10.702765,1.144505,Ductal
2488,-9.912207,5.591431,Ductal
2489,-0.4192081,-3.9871917,Ngn3 high EP
2490,-8.836504,0.6962111,Ngn3 low EP
2491,-2.7084353,-4.7608023,Ngn3 high EP
2492,-4.4028606,-3.2404583,Ngn3 high EP
2493,-10.436062,2.8435848,Ductal
2494,2.6547773,4.7933774,Beta
2495,-10.756544,-1.4034919,Ngn3 low EP
2496,5.4611197,3.024766,Beta
2497,5.39501,-1.0369655,Pre-endocrine
2498,6.9376526,2.4778569,Alpha
2499,-8.717516,-1.2983133,Ductal
2500,1.4034587,-3.8641202,Ngn3 high EP
2501,3.7274206,-4.0182896,Pre-endocrine
2502,3.1218283,-4.031128,Pre-endocrine
2503,-8.886908,-0.734502,Ngn3 low EP
2504,7.203073,3.4958608,Alpha
2505,5.354224,-1.1179872,Pre-endocrine
2506,3.2978983,-3.70278,Pre-endocrine
2507,3.1043293,5.250842,Beta
2508,2.725335,-3.6202018,Pre-endocrine
2509,9.418961,-1.2891462,Delta
2510,-10.47583,0.67078596,Ductal
2511,4.385255,3.2869518,Beta
2512,2.2892804,5.8623776,Beta
2513,-1.5607224,-3.7297606,Ngn3 high EP
2514,3.847542,-4.616081,Pre-endocrine
2515,5.958616,-2.5347807,Pre-endocrine
2516,-0.006577382,-5.288283,Ngn3 high EP
2517,6.783841,4.5186605,Alpha
2518,5.1052527,-0.20892686,Beta
2519,-9.934997,-0.009711355,Ductal
2520,5.684571,-2.1088953,Pre-endocrine
2521,-0.011202304,-4.3964057,Ngn3 high EP
2522,2.9601119,0.92158973,Epsilon
2523,3.450912,-2.786728,Pre-endocrine
2524,-11.085742,1.1937988,Ductal
2525,5.490833,2.8427868,Beta
2526,8.0269985,1.9616419,Alpha
2527,-11.936146,4.564591,Ductal
2528,-9.695363,-1.5060408,Ductal
2529,-9.701956,5.1943326,Ductal
2530,-7.879124,-1.3594561,Ngn3 low EP
2531,-10.68316,4.9527097,Ductal
2532,-0.29699206,-4.0489173,Ngn3 high EP
2533,-5.9692426,-3.1897435,Ngn3 high EP
2534,-2.2279994,-3.7690277,Ngn3 high EP
2535,-2.5874481,-3.8136969,Ngn3 high EP
2536,2.9256248,1.3169519,Epsilon
2537,5.4864874,-1.0862122,Pre-endocrine
2538,-4.478537,-3.8970025,Ngn3 high EP
2539,7.245406,0.20492546,Pre-endocrine
2540,1.1654562,-4.112432,Ngn3 high EP
2541,8.049162,3.6475573,Alpha
2542,3.2066355,0.4392531,Epsilon
2543,-9.537243,-0.489932,Ductal
2544,-10.031877,0.28023842,Ductal
2545,5.1518517,1.584581,Beta
2546,4.6056848,2.8588676,Beta
2547,6.255006,1.441725,Beta
2548,5.4312716,2.7744365,Beta
2549,-6.5948424,-2.324075,Ngn3 high EP
2550,2.807811,0.7230554,Epsilon
2551,5.9069076,1.9839218,Beta
2552,5.814756,-1.32298,Pre-endocrine
2553,-10.085567,-1.3294528,Ductal
2554,2.0399008,6.445741,Beta
2555,7.5403113,4.2542796,Alpha
2556,-7.5943093,-1.3894743,Ductal
2557,2.044023,6.565597,Beta
2558,5.27295,-0.06491402,Beta
2559,-4.065666,-3.4986188,Ngn3 high EP
2560,5.733867,2.2060575,Beta
2561,-0.079243526,-4.806414,Ngn3 high EP
2562,-5.6358323,-3.099199,Ngn3 high EP
2563,-10.892826,-1.3393053,Ductal
2564,3.5943737,-4.083165,Pre-endocrine
2565,-10.892335,-0.25956115,Ductal
2566,-8.617578,-1.5100557,Ngn3 low EP
2567,1.1200778,-3.7395446,Pre-endocrine
2568,-10.481755,-0.67483336,Ductal
2569,5.870796,-0.2687942,Pre-endocrine
2570,-1.1411006,-3.9275806,Ngn3 high EP
2571,-9.650427,3.4376655,Ductal
2572,8.150025,4.8313017,Alpha
2573,-5.5926023,-3.4941957,Ngn3 high EP
2574,-1.3534362,-3.7784038,Ngn3 high EP
2575,6.0228167,-0.3271179,Pre-endocrine
2576,-6.2222037,-2.7527454,Ngn3 high EP
2577,2.743004,2.0390947,Epsilon
2578,-8.180792,-2.115999,Ngn3 high EP
2579,-8.164875,3.6366181,Ngn3 low EP
2580,2.4257166,-4.4205604,Pre-endocrine
2581,5.6849775,2.692441,Beta
2582,5.2193403,1.8122932,Beta
2583,-4.8483834,-3.8995278,Ngn3 high EP
2584,-8.0260315,2.7307649,Ngn3 low EP
2585,8.0268,4.6537895,Alpha
2586,6.037676,0.021163944,Pre-endocrine
2587,-8.746249,1.0215527,Ductal
2588,-9.858997,-0.122054115,Ductal
2589,-9.393046,-0.49897733,Ductal
2590,-11.802183,5.1950397,Ductal
2591,-5.8932314,-3.3644958,Ngn3 high EP
2592,-9.315092,-0.18049584,Ngn3 low EP
2593,-11.077853,-0.36820808,Ductal
2594,5.823374,-1.8392588,Pre-endocrine
2595,7.4686103,0.23985972,Alpha
2596,5.335768,-2.0617347,Pre-endocrine
2597,-1.1504418,-3.4897468,Ngn3 high EP
2598,1.672097,-0.23258536,Epsilon
2599,7.957968,4.841057,Alpha
2600,-12.188421,3.2443063,Ductal
2601,7.977743,4.6418157,Alpha
2602,5.344755,-3.3723674,Pre-endocrine
2603,2.6586187,6.2522054,Beta
2604,-2.9685948,-3.861196,Ngn3 high EP
2605,4.6342463,-4.031209,Pre-endocrine
2606,-11.052176,-0.45016322,Ductal
2607,1.9442214,-0.11159472,Epsilon
2608,-11.747773,1.9282155,Ductal
2609,5.936725,0.9630088,Beta
2610,-9.309992,-0.06290655,Ductal
2611,5.166961,3.6366518,Beta
2612,-0.25424546,-5.3162947,Ngn3 high EP
2613,7.3174696,4.3387113,Alpha
2614,-10.5999775,-0.9155155,Ductal
2615,-6.853236,-2.146409,Ngn3 high EP
2616,5.363261,-1.9917929,Pre-endocrine
2617,4.0804887,-4.379986,Pre-endocrine
2618,4.168673,1.4739523,Alpha
2619,3.4406397,4.921493,Beta
2620,5.7713814,0.37246823,Beta
2621,6.9104457,3.49479,Alpha
2622,1.5902625,-1.8137426,Pre-endocrine
2623,1.351811,-2.5554965,Pre-endocrine
2624,-11.9809675,4.726595,Ductal
2625,-8.195807,3.0385098,Ductal
2626,2.3076332,0.31399092,Epsilon
2627,-10.708003,0.35833254,Ductal
2628,-3.736915,-4.100156,Ngn3 high EP
2629,1.625341,-3.9948783,Ngn3 high EP
2630,5.3762856,1.4940759,Beta
2631,-9.847016,3.0303814,Ductal
2632,4.4267874,-3.531951,Pre-endocrine
2633,3.3004704,5.829143,Beta
2634,-10.28094,0.37815782,Ductal
2635,1.6119964,-2.265401,Pre-endocrine
2636,-9.067349,-0.6971846,Ngn3 low EP
2637,7.1979837,3.6328382,Alpha
2638,5.0394983,0.5159618,Beta
2639,2.5554986,-4.330304,Pre-endocrine
2640,-4.1683173,-3.6984456,Ngn3 high EP
2641,-8.013098,-1.2509507,Ductal
2642,7.643492,4.636043,Alpha
2643,4.13038,0.30740955,Pre-endocrine
2644,-7.9534073,2.480393,Ngn3 low EP
2645,-1.5989909,-3.961805,Ngn3 high EP
2646,8.003077,2.9905303,Alpha
2647,3.5473604,-0.9377352,Pre-endocrine
2648,-3.572725,-4.279343,Ngn3 high EP
2649,8.698289,-1.1519436,Delta
2650,3.6682932,2.7820435,Epsilon
2651,3.8936,2.9562848,Epsilon
2652,-5.2809815,-2.8141615,Ngn3 high EP
2653,-7.9538555,-1.9931483,Ngn3 low EP
2654,-10.471871,3.7318635,Ductal
2655,5.7805395,0.7865515,Beta
2656,5.5419965,-1.2186102,Pre-endocrine
2657,2.1666915,6.036174,Beta
2658,-10.73863,0.8487892,Ngn3 low EP
2659,4.446803,1.8867232,Beta
2660,-1.5164144,-4.4436364,Ngn3 high EP
2661,2.1803513,6.212414,Beta
2662,-12.044748,2.5259733,Ductal
2663,-7.5421658,-1.7425292,Ngn3 low EP
2664,-8.778641,-0.8351827,Ngn3 low EP
2665,-0.39609593,-3.6979177,Ngn3 high EP
2666,3.6318455,-1.0375798,Pre-endocrine
2667,0.091656335,-4.573541,Ngn3 high EP
2668,-5.299135,-3.4329867,Ngn3 high EP
2669,-3.960067,-3.9699402,Ngn3 high EP
2670,6.041757,-2.4460468,Pre-endocrine
2671,-3.027652,-3.4688785,Ngn3 high EP
2672,-10.047478,-0.8009396,Ngn3 low EP
2673,-8.540433,1.1498876,Ductal
2674,-12.086013,3.3845649,Ductal
2675,-9.442506,-1.0721537,Ductal
2676,-6.03668,-2.6356044,Ngn3 high EP
2677,8.34439,4.2050195,Alpha
2678,-3.5152194,-3.5975573,Ngn3 high EP
2679,-2.980489,-3.059478,Ngn3 high EP
2680,-10.171935,-0.09998295,Ductal
2681,4.766002,-2.806064,Pre-endocrine
2682,5.879834,2.0902653,Alpha
2683,-9.725178,5.121694,Ngn3 low EP
2684,-2.3147595,-2.0710037,Ngn3 high EP
2685,-11.181824,-0.7265834,Ductal
2686,-9.957339,5.1544952,Ductal
2687,5.984285,0.5177768,Beta
2688,-9.191695,4.431997,Ngn3 low EP
2689,5.454208,-2.7805667,Pre-endocrine
2690,-11.807224,4.8235335,Ductal
2691,8.957825,-1.1860813,Delta
2692,7.6833715,5.2401133,Alpha
2693,-12.056437,1.3283222,Ductal
2694,-0.32845953,-4.237255,Ngn3 high EP
2695,-11.106949,5.7710953,Ductal
2696,1.6055881,-0.42769706,Epsilon
2697,-11.633968,5.481196,Ductal
2698,3.4912732,-4.6601667,Pre-endocrine
2699,-0.99094075,-3.8224378,Ngn3 high EP
2700,-7.3395576,-1.7034726,Ngn3 high EP
2701,-8.176729,3.0537808,Ductal
2702,-6.2523584,-2.3568897,Ngn3 high EP
2703,2.3028557,0.330987,Epsilon
2704,3.7859719,0.19694544,Pre-endocrine
2705,3.6617656,-1.5432239,Pre-endocrine
2706,5.265461,1.5858641,Beta
2707,4.025217,-0.9068449,Pre-endocrine
2708,0.05387757,-4.1232085,Ngn3 high EP
2709,4.7118244,-0.93425167,Pre-endocrine
2710,-11.194662,0.24125078,Ductal
2711,5.033206,2.9130197,Beta
2712,-9.345329,0.09995997,Ductal
2713,0.80371314,-3.941137,Ngn3 high EP
2714,-2.05504,-2.075583,Ngn3 high EP
2715,-12.207639,2.7071261,Ngn3 low EP
2716,-8.248476,3.595743,Ductal
2717,5.3229766,-2.735148,Pre-endocrine
2718,-9.381082,5.2715373,Ngn3 low EP
2719,8.122674,3.6855757,Alpha
2720,-8.701575,-1.0968214,Ngn3 low EP
2721,4.0114293,2.113926,Beta
2722,3.7092054,-0.90772134,Pre-endocrine
2723,-11.92016,1.6697673,Ductal
2724,-7.387236,-1.6191611,Ngn3 high EP
2725,-11.014637,0.16195777,Ductal
2726,-5.07014,-3.4893942,Ngn3 high EP
2727,-9.799742,-0.2211121,Ductal
2728,7.1932044,4.75746,Alpha
2729,3.1125693,4.9037557,Beta
2730,3.7808545,1.4567038,Alpha
2731,7.4679565,0.74883634,Alpha
2732,0.9438953,-4.591492,Ngn3 high EP
2733,6.0667295,-1.7922364,Pre-endocrine
2734,2.6740446,2.2063239,Epsilon
2735,-9.936601,-1.4304928,Ductal
2736,1.7957553,-3.9591284,Ngn3 high EP
2737,1.0678889,-4.861272,Ngn3 high EP
2738,5.401688,1.8710282,Beta
2739,0.17247364,-4.30951,Ngn3 high EP
2740,3.275799,3.7991858,Beta
2741,-10.586386,2.9955337,Ductal
2742,-7.4862657,-1.9687219,Ngn3 high EP
2743,-11.070185,0.47491625,Ductal
2744,-4.431205,-3.8493936,Ngn3 high EP
2745,-8.093555,-1.3524451,Ngn3 low EP
2746,0.8250187,-4.9725738,Ngn3 high EP
2747,-2.0400357,-3.8871503,Ngn3 high EP
2748,5.9207273,4.256434,Alpha
2749,3.4679325,5.162719,Beta
2750,3.1904387,4.321874,Beta
2751,3.452234,-3.763648,Pre-endocrine
2752,4.409221,2.3879302,Beta
2753,8.088402,-1.2373154,Delta
2754,1.7236937,-2.2073202,Pre-endocrine
2755,7.478608,1.325744,Alpha
2756,-9.4228735,1.9135114,Ductal
2757,8.489957,4.986085,Alpha
2758,-0.5080961,-5.2279744,Ngn3 high EP
2759,-10.819593,5.6833005,Ductal
2760,7.05585,4.343544,Alpha
2761,-9.386342,0.2883365,Ductal
2762,3.0366535,-1.7419535,Pre-endocrine
2763,-9.893701,0.070649266,Ductal
2764,2.6099274,1.1101302,Epsilon
2765,3.409596,-4.217416,Pre-endocrine
2766,4.2137294,4.5583696,Beta
2767,6.006326,3.3306942,Alpha
2768,7.89605,4.8042426,Alpha
2769,-0.5960376,-5.1700397,Ngn3 high EP
2770,-10.616375,-1.0447308,Ngn3 low EP
2771,-0.09084082,-5.403876,Ngn3 high EP
2772,-9.610044,0.20975223,Ductal
2773,2.448277,5.869152,Beta
2774,5.1961584,-3.7806778,Pre-endocrine
2775,2.7298498,-3.9022937,Pre-endocrine
2776,6.043642,-1.8847905,Pre-endocrine
2777,-11.910512,3.0456831,Ductal
2778,-10.545619,3.272214,Ductal
2779,-9.576306,3.2998986,Ductal
2780,-11.720974,1.5905548,Ductal
2781,-0.18899673,-4.5747046,Ngn3 high EP
2782,7.5648623,1.6071455,Alpha
2783,2.1322165,-0.29390332,Epsilon
2784,4.539886,3.1471908,Beta
2785,-9.973639,0.5798333,Ngn3 low EP
2786,2.6615725,5.961809,Beta
2787,-9.336937,-0.5219275,Ductal
2788,5.8211703,0.72455597,Beta
2789,5.424863,-3.3832211,Pre-endocrine
2790,7.7886696,5.122162,Alpha
2791,-4.5475893,-3.3684204,Ngn3 high EP
2792,5.081826,-3.5683525,Pre-endocrine
2793,5.599488,-1.8737144,Pre-endocrine
2794,-9.383181,-0.033533048,Ductal
2795,4.1513166,3.5271358,Beta
2796,7.209482,2.3526921,Alpha
2797,5.2006516,-2.5441377,Pre-endocrine
2798,8.126566,4.943285,Alpha
2799,2.6909122,6.516835,Beta
2800,-2.33266,-4.5279446,Ngn3 high EP
2801,-8.077199,3.1253526,Ductal
2802,-10.106441,-0.03419432,Ductal
2803,5.838811,-0.0721275,Beta
2804,-0.6827166,-3.861489,Ngn3 high EP
2805,7.817418,-1.2047355,Delta
2806,2.9706593,5.600674,Beta
2807,6.049453,-1.6244992,Pre-endocrine
2808,1.9740734,5.939631,Beta
2809,4.8877225,0.3062461,Pre-endocrine
2810,5.1471124,1.7541673,Alpha
2811,5.837179,0.46744493,Beta
2812,5.8717203,3.2898235,Beta
2813,3.3450394,5.7498336,Beta
2814,3.2840667,3.9001849,Beta
2815,7.348346,4.6853504,Alpha
2816,8.093085,3.8277762,Alpha
2817,7.645756,5.1838183,Alpha
2818,-12.196783,2.585831,Ductal
2819,-1.6820785,-4.9186025,Ngn3 high EP
2820,-3.241805,-3.6244674,Ngn3 high EP
2821,5.6844726,-2.557499,Pre-endocrine
2822,-9.71075,3.0998983,Ductal
2823,6.3368874,4.310871,Alpha
2824,5.4148855,-3.136614,Pre-endocrine
2825,6.396369,-2.0628238,Pre-endocrine
2826,-8.485123,-1.5902239,Ngn3 low EP
2827,-9.981712,2.1856995,Ductal
2828,8.73738,-1.0825231,Delta
2829,0.020680556,-4.799568,Ngn3 high EP
2830,-9.057467,2.57656,Ductal
2831,-8.946378,-0.072182804,Ductal
2832,-4.7916718,-3.0315502,Ngn3 high EP
2833,-7.7804885,-1.4136097,Ngn3 low EP
2834,-2.523287,-2.3744042,Ngn3 high EP
2835,4.456356,4.361186,Beta
2836,-10.244715,-0.15676402,Ductal
2837,-9.984966,2.4472501,Ductal
2838,0.544705,-3.0546877,Ngn3 high EP
2839,4.777892,1.0029087,Beta
2840,5.05227,3.0724595,Beta
2841,-9.941376,-0.45075792,Ngn3 low EP
2842,8.302982,4.363623,Alpha
2843,-8.577516,2.627775,Ductal
2844,7.423354,4.332818,Alpha
2845,1.2821306,-2.3754659,Pre-endocrine
2846,-9.624585,-0.8503989,Ductal
2847,-7.7741113,-1.036639,Ngn3 low EP
2848,7.4486136,5.1725636,Alpha
2849,5.5976505,-0.5301655,Pre-endocrine
2850,8.955201,-0.9580774,Delta
2851,7.718896,2.1190464,Alpha
2852,-9.088344,4.181665,Ngn3 low EP
2853,-9.296064,0.2391207,Ductal
2854,6.0779614,1.7447702,Alpha
2855,-12.084613,4.03734,Ductal
2856,7.6290946,5.204148,Alpha
2857,8.05188,2.8756566,Alpha
2858,-10.014392,-1.6220384,Ductal
2859,-10.31705,-0.026602993,Ductal
2860,-1.4089444,-3.735415,Ngn3 high EP
2861,6.589973,2.4719307,Alpha
2862,5.063077,-3.2897315,Pre-endocrine
2863,-1.8549342,-3.819315,Ngn3 high EP
2864,6.2029967,1.0716903,Beta
2865,2.1602416,-2.2891955,Pre-endocrine
2866,-8.203449,0.545731,Ngn3 low EP
2867,6.811276,3.0830371,Alpha
2868,3.1669536,2.3205135,Epsilon
2869,9.649625,-1.1393329,Delta
2870,-5.2949495,-3.5710993,Ngn3 high EP
2871,3.3951886,1.458784,Epsilon
2872,8.129192,4.4586926,Alpha
2873,7.814857,5.305035,Alpha
2874,2.7210238,6.1623464,Beta
2875,2.880346,6.216698,Beta
2876,6.9282284,3.0357513,Alpha
2877,-4.176718,-3.7821264,Ngn3 high EP
2878,2.8754265,4.3484554,Beta
2879,1.1078138,-3.884899,Ngn3 high EP
2880,0.5065203,-4.6791043,Ngn3 high EP
2881,-10.11898,2.813101,Ductal
2882,-0.55162704,-3.8443418,Ngn3 high EP
2883,-10.100423,2.1965265,Ductal
2884,-10.537689,-1.4282583,Ductal
2885,5.2801685,-0.93789005,Pre-endocrine
2886,7.0078526,-0.22382633,Alpha
2887,3.9806993,4.5671144,Beta
2888,2.2796369,5.805306,Beta
2889,-8.39452,2.6416225,Ductal
2890,5.3747687,1.1207075,Beta
2891,6.1088715,-2.592215,Pre-endocrine
2892,-10.757215,-0.57268125,Ngn3 low EP
2893,1.3485583,-4.0482683,Ngn3 high EP
2894,-10.552397,0.11198347,Ductal
2895,3.5165906,2.6646893,Epsilon
2896,3.561689,2.093795,Epsilon
2897,2.477479,0.4141317,Epsilon
2898,-10.044596,1.0829808,Ductal
2899,3.5459604,4.9475083,Beta
2900,5.1672735,1.4508958,Beta
2901,5.7739835,-1.6584452,Pre-endocrine
2902,5.261415,0.6074037,Beta
2903,6.0026627,1.7353227,Beta
2904,-9.562346,3.2631755,Ductal
2905,7.7327766,5.297768,Alpha
2906,-10.251924,-0.47349632,Ductal
2907,2.0504591,-0.3297671,Epsilon
2908,7.7332087,4.32534,Alpha
2909,1.4481483,-4.195485,Ngn3 high EP
2910,-8.815901,3.0773597,Ductal
2911,-10.676203,2.8571267,Ductal
2912,3.060273,1.8986629,Epsilon
2913,-2.7819386,-4.3194437,Ngn3 high EP
2914,-9.978836,-0.019443912,Ngn3 low EP
2915,8.324782,4.5570393,Alpha
2916,-11.011212,-0.57064354,Ductal
2917,-8.051788,-1.669522,Ngn3 low EP
2918,9.564088,-1.1722631,Delta
2919,3.283763,-4.8011394,Pre-endocrine
2920,4.9912486,-0.22713946,Pre-endocrine
2921,3.2228727,-4.029481,Pre-endocrine
2922,-7.2460017,-2.237044,Ngn3 high EP
2923,3.2117755,4.042262,Beta
2924,-12.154295,2.3451278,Ductal
2925,6.209656,-1.041038,Pre-endocrine
2926,-8.687371,0.7685981,Ductal
2927,9.523203,-1.1623079,Delta
2928,1.5081006,-1.4925922,Pre-endocrine
2929,1.4442906,-4.187797,Ngn3 high EP
2930,5.2985287,2.1522875,Beta
2931,0.4320445,-4.5130887,Ngn3 high EP
2932,-8.202177,2.418995,Ductal
2933,-7.609059,0.22276448,Ngn3 low EP
2934,-2.3412578,-3.548617,Ngn3 high EP
2935,-9.617082,5.1094265,Ductal
2936,5.2471457,1.5547923,Beta
2937,1.5727712,-4.5012946,Ngn3 high EP
2938,-1.4015095,-4.476578,Ngn3 high EP
2939,-8.251775,2.8507967,Ductal
2940,3.7496772,4.894573,Beta
2941,7.1980386,4.7830353,Alpha
2942,-8.587033,0.7330025,Ngn3 low EP
2943,-9.308093,-0.58092386,Ductal
2944,-11.554559,3.8415847,Ductal
2945,-9.26611,0.15119429,Ductal
2946,2.8688471,-4.427242,Pre-endocrine
2947,-1.7190795,-4.6208787,Ngn3 high EP
2948,5.0793343,0.07102245,Beta
2949,-12.195101,1.5214018,Ductal
2950,-2.9800076,-3.822571,Ngn3 high EP
2951,4.719584,2.3057368,Beta
2952,-9.930867,0.14022501,Ductal
2953,-10.464272,1.1120373,Ductal
2954,-1.937821,-4.796452,Ngn3 high EP
2955,5.148949,1.1288601,Beta
2956,3.3859298,4.6542473,Beta
2957,6.419862,1.7229252,Alpha
2958,-9.809722,0.6036467,Ductal
2959,-0.7276897,-4.9411907,Ngn3 high EP
2960,-9.926398,-0.85374135,Ductal
2961,2.857728,6.2357287,Beta
2962,2.513339,6.042078,Beta
2963,5.182744,2.269865,Beta
2964,-11.717932,4.9450803,Ductal
2965,4.47377,4.3675056,Beta
2966,5.6875296,-1.7521157,Pre-endocrine
2967,1.2546676,-2.157583,Pre-endocrine
2968,7.594552,4.2184396,Alpha
2969,-7.874665,-1.026542,Ngn3 low EP
2970,5.379908,-2.7479694,Pre-endocrine
2971,3.0102792,4.478548,Beta
2972,-10.034426,-0.46904477,Ductal
2973,6.7363954,3.7982173,Alpha
2974,3.1175563,-4.4131713,Pre-endocrine
2975,4.0871716,4.650711,Beta
2976,4.576146,3.9277353,Beta
2977,-8.628633,0.8781833,Ductal
2978,2.4858654,1.3925875,Epsilon
2979,-11.017596,-0.44113448,Ductal
2980,-1.653373,-4.324791,Ngn3 high EP
2981,2.9218717,-4.4553576,Pre-endocrine
2982,5.347557,-1.0206188,Pre-endocrine
2983,3.0606508,4.23254,Beta
2984,-4.934223,-3.772807,Ngn3 high EP
2985,7.1787195,4.4074726,Alpha
2986,2.7408001,1.5493739,Epsilon
2987,1.0762694,-4.203014,Ngn3 high EP
2988,-9.660886,-0.31182942,Ductal
2989,7.991635,0.8696514,Alpha
2990,-9.35204,-1.288104,Ngn3 low EP
2991,6.542718,2.24791,Alpha
2992,4.849988,0.3184806,Pre-endocrine
2993,-11.306205,4.96224,Ductal
2994,-11.8566,4.207953,Ductal
2995,4.779786,3.8522964,Beta
2996,7.484823,1.906911,Alpha
2997,-9.615585,0.5156808,Ductal
2998,-9.530906,-0.19480523,Ductal
2999,-10.102479,1.8910459,Ductal
3000,3.2488768,5.215488,Beta
3001,6.7597027,3.4954813,Alpha
3002,-9.568368,-0.6165912,Ductal
3003,7.050106,-0.5158598,Alpha
3004,-8.787682,-1.16128,Ngn3 low EP
3005,-10.505928,5.919856,Ductal
3006,4.940738,-0.68328166,Pre-endocrine
3007,-11.112989,4.2804294,Ngn3 low EP
3008,2.8380034,5.9655538,Beta
3009,0.6944031,-4.2410364,Ngn3 high EP
3010,-10.905937,5.6329308,Ductal
3011,5.9399796,-2.1410382,Pre-endocrine
3012,6.4653463,-0.32196808,Pre-endocrine
3013,8.208344,4.2374234,Alpha
3014,3.240741,2.3386052,Epsilon
3015,5.592017,-1.6610442,Pre-endocrine
3016,4.400426,-3.4555888,Pre-endocrine
3017,-2.3855624,-4.492549,Ngn3 high EP
3018,-4.1347528,-3.6965592,Ngn3 high EP
3019,-0.055253163,-5.272611,Ngn3 high EP
3020,0.7308385,-4.663861,Ngn3 high EP
3021,6.293482,-2.7575195,Pre-endocrine
3022,-11.35771,-0.52780676,Ductal
3023,1.766761,-2.9036505,Pre-endocrine
3024,2.4158838,5.3084774,Beta
3025,-11.05919,0.18539348,Ductal
3026,-2.3717058,-4.3657503,Ngn3 high EP
3027,-10.078918,1.2556434,Ductal
3028,5.023946,-3.6729147,Pre-endocrine
3029,4.5287814,2.8949783,Beta
3030,5.9676795,-1.4501908,Pre-endocrine
3031,-8.034939,-1.2609184,Ductal
3032,-10.74869,-0.060357634,Ductal
3033,6.0248294,1.7181793,Alpha
3034,3.7449214,4.0103683,Beta
3035,-10.724752,6.1106195,Ductal
3036,3.9990835,0.35773468,Pre-endocrine
3037,4.919539,1.3711252,Beta
3038,2.5769484,4.800942,Beta
3039,-5.5811343,-3.5831637,Ngn3 high EP
3040,-9.813268,4.9627504,Ngn3 low EP
3041,-10.037365,1.0588305,Ngn3 low EP
3042,-8.519134,0.58903027,Ductal
3043,5.8081207,3.532994,Alpha
3044,5.2229056,1.9253832,Beta
3045,-10.361349,6.116014,Ductal
3046,5.643011,-0.9055212,Pre-endocrine
3047,3.183497,4.178009,Beta
3048,-0.72182345,-3.8273387,Ngn3 high EP
3049,-0.29823917,-5.0734715,Ngn3 high EP
3050,3.601744,4.954075,Beta
3051,5.091476,0.02526528,Pre-endocrine
3052,6.929329,3.0573604,Alpha
3053,-2.1588788,-4.8266687,Ngn3 high EP
3054,-12.008178,4.8173027,Ductal
3055,5.710058,-2.2395873,Pre-endocrine
3056,-5.7897973,-3.1148868,Ngn3 high EP
3057,2.0088367,-4.087332,Pre-endocrine
3058,-9.363203,2.427994,Ductal
3059,2.5752132,-4.6136074,Pre-endocrine
3060,2.3101606,-4.4199724,Ngn3 high EP
3061,-8.834809,-0.39372686,Ngn3 low EP
3062,-9.472711,4.5352597,Ngn3 low EP
3063,-9.566519,-1.3418096,Ductal
3064,4.376596,-3.320833,Pre-endocrine
3065,7.311135,0.08314842,Alpha
3066,6.4727263,3.3832648,Alpha
3067,-9.645068,-0.3125268,Ductal
3068,3.934314,3.761562,Beta
3069,6.2865677,2.335801,Alpha
3070,-4.88938,-3.917828,Ngn3 high EP
3071,2.5548847,5.9981933,Beta
3072,-11.1004305,-1.2622461,Ductal
3073,-12.388145,2.8762474,Ductal
3074,-5.7178187,-2.3581405,Ngn3 high EP
3075,8.639412,4.407149,Alpha
3076,5.8366237,0.0065318868,Pre-endocrine
3077,7.162904,2.5928514,Alpha
3078,-0.048369043,-4.705376,Ngn3 high EP
3079,-8.498058,-1.7623398,Ngn3 low EP
3080,4.3824797,3.8519747,Beta
3081,-1.9325289,-4.424458,Ngn3 high EP
3082,8.948965,-1.2637885,Delta
3083,4.0057154,-4.1772556,Pre-endocrine
3084,4.9464583,-3.0447412,Pre-endocrine
3085,3.4907613,5.2803454,Beta
3086,2.1875768,6.606803,Beta
3087,-10.96965,4.151917,Ductal
3088,-8.233359,0.63230556,Ngn3 low EP
3089,2.5411146,0.6616511,Epsilon
3090,5.46103,4.3026843,Beta
3091,-6.8623347,-2.3429306,Ngn3 high EP
3092,-10.595545,-1.008687,Ductal
3093,1.9440352,0.24210902,Epsilon
3094,5.1774983,-2.8412488,Pre-endocrine
3095,2.625565,4.8460197,Beta
3096,1.6358848,-0.93633664,Epsilon
3097,-7.4450445,0.15941578,Ngn3 low EP
3098,6.7295575,2.3284583,Alpha
3099,8.039416,4.1595182,Alpha
3100,4.786529,3.5258963,Epsilon
3101,7.514073,-0.11962641,Alpha
3102,0.26888007,-3.2851694,Ngn3 high EP
3103,4.8777843,1.4145834,Alpha
3104,-9.922938,-1.191587,Ductal
3105,5.4435678,-1.4263673,Pre-endocrine
3106,0.7416657,-4.6631045,Ngn3 high EP
3107,-11.200003,-0.5043114,Ductal
3108,2.5304408,5.1536183,Beta
3109,5.3750777,-0.43074045,Pre-endocrine
3110,2.012546,-3.8899696,Ngn3 high EP
3111,-12.082752,4.3512936,Ductal
3112,7.9162517,5.0154424,Alpha
3113,2.9049213,2.1824396,Epsilon
3114,4.439878,4.0450845,Beta
3115,-9.450751,-0.5643755,Ductal
3116,-3.487601,-3.604107,Ngn3 high EP
3117,-10.981086,-0.7653934,Ductal
3118,4.3713155,-4.1654067,Pre-endocrine
3119,1.0887082,-2.3707118,Pre-endocrine
3120,6.870564,0.2391737,Beta
3121,-12.13262,1.9287547,Ductal
3122,7.539421,4.704502,Alpha
3123,-2.1313505,-3.9181294,Ngn3 high EP
3124,-4.78647,-3.209186,Ngn3 high EP
3125,4.8406014,2.963165,Beta
3126,6.593437,-1.3709223,Pre-endocrine
3127,7.5037475,-0.13223067,Alpha
3128,3.9790874,-3.441912,Pre-endocrine
3129,-9.977367,1.9051994,Ductal
3130,3.1575792,-1.5141116,Pre-endocrine
3131,-0.42475328,-4.95196,Ngn3 high EP
3132,1.8762056,-4.090156,Ngn3 high EP
3133,-9.851962,5.0863843,Ngn3 low EP
3134,5.9423776,4.0812306,Epsilon
3135,7.704872,4.315843,Alpha
3136,-11.117677,0.31331602,Ductal
3137,5.6628833,3.82018,Alpha
3138,6.7764945,1.3223624,Alpha
3139,-11.056734,4.0905886,Ngn3 low EP
3140,5.8332086,-1.4899211,Pre-endocrine
3141,2.1370318,5.513917,Beta
3142,5.586023,1.3095127,Beta
3143,6.805768,3.5351949,Alpha
3144,4.4016776,-3.2861767,Pre-endocrine
3145,7.514641,3.0836282,Alpha
3146,-11.552562,3.7454157,Ductal
3147,2.6268704,-3.7012951,Pre-endocrine
3148,3.7081592,4.2070603,Beta
3149,-11.264446,5.8580513,Ductal
3150,6.384062,2.008199,Alpha
3151,5.9336276,1.629769,Alpha
3152,-11.091844,-1.5186132,Ductal
3153,5.082512,-0.09660233,Pre-endocrine
3154,-10.499344,-0.39209294,Ductal
3155,4.7627506,1.803881,Beta
3156,-10.898587,5.6153255,Ductal
3157,5.93473,-0.055334255,Pre-endocrine
3158,-11.267834,5.638401,Ductal
3159,-8.954212,-0.5556013,Ductal
3160,-7.611187,-1.5438896,Ngn3 low EP
3161,-6.656038,-2.375447,Ngn3 high EP
3162,-12.310024,2.5490623,Ductal
3163,-12.0879755,3.6589367,Ductal
3164,-5.5963817,-3.1832514,Ngn3 high EP
3165,3.6592135,-3.6322737,Pre-endocrine
3166,5.8217835,-1.4305497,Pre-endocrine
3167,-8.131338,-0.61566246,Ngn3 low EP
3168,-6.7673254,-2.550058,Ngn3 high EP
3169,-0.9684659,-3.7777982,Ngn3 high EP
3170,-9.76295,-1.0132574,Ductal
3171,5.185222,-1.6270154,Pre-endocrine
3172,5.085424,1.2749233,Beta
3173,-10.904997,-0.88950205,Ductal
3174,-0.21223307,-3.540902,Ngn3 high EP
3175,2.0526783,0.029384397,Epsilon
3176,-9.282312,2.3353631,Ductal
3177,-8.7359,-0.627829,Ngn3 low EP
3178,-1.9669499,-4.3866687,Ngn3 high EP
3179,-10.854662,-0.699464,Ductal
3180,4.3440146,2.766769,Beta
3181,7.0385866,2.421125,Alpha
3182,-11.152553,0.8132424,Ductal
3183,3.3869565,-0.6620249,Pre-endocrine
3184,-5.1348257,-3.7563212,Ngn3 high EP
3185,5.012987,0.71200925,Beta
3186,-12.067709,4.2511277,Ngn3 low EP
3187,6.6883664,3.5213506,Alpha
3188,-9.998445,0.5429582,Ductal
3189,7.1684785,1.2038751,Alpha
3190,-7.930037,-1.5867757,Ngn3 low EP
3191,-3.3589995,-3.7424326,Ngn3 high EP
3192,5.0460362,-3.6721923,Pre-endocrine
3193,2.718242,-4.209067,Pre-endocrine
3194,3.2344973,-1.433329,Pre-endocrine
3195,7.6336656,0.23701985,Alpha
3196,7.4109387,-0.37072968,Alpha
3197,-10.148981,3.2952883,Ductal
3198,5.9517307,0.33545822,Beta
3199,-11.165598,-0.58389014,Ductal
3200,5.7157125,3.3023965,Beta
3201,7.4407196,-0.77656513,Delta
3202,-12.218185,1.9570822,Ductal
3203,2.9572637,1.9222233,Epsilon
3204,-8.715087,-1.3175828,Ngn3 low EP
3205,2.6618667,-4.3421035,Pre-endocrine
3206,2.3690085,-4.538322,Pre-endocrine
3207,5.22939,-3.1358962,Pre-endocrine
3208,1.4960924,-2.002422,Pre-endocrine
3209,-0.65114605,-4.986791,Ngn3 high EP
3210,4.6872215,2.5272727,Beta
3211,6.1233535,-2.1014278,Pre-endocrine
3212,-8.447909,2.1838665,Ngn3 low EP
3213,-1.8363432,-3.9175758,Ngn3 high EP
3214,-6.864301,-2.5897355,Ngn3 high EP
3215,3.2137678,2.2410977,Epsilon
3216,5.5250683,3.843335,Beta
3217,4.8798347,1.0239991,Pre-endocrine
3218,-7.7873917,-0.92678726,Ngn3 low EP
3219,-8.905399,3.252008,Ductal
3220,3.5895581,5.419317,Beta
3221,5.3176703,-3.5299945,Pre-endocrine
3222,8.435904,3.8746455,Alpha
3223,5.5578938,0.734402,Beta
3224,-10.271492,-1.1040636,Ductal
3225,-1.925727,-3.89839,Ngn3 high EP
3226,-11.162253,1.0939736,Ductal
3227,-1.0288771,-4.860438,Ngn3 high EP
3228,3.2891972,3.8646717,Beta
3229,3.073784,-4.5222344,Pre-endocrine
3230,7.7543187,4.866087,Alpha
3231,6.2920475,2.5565634,Alpha
3232,-2.2910988,-2.174536,Ngn3 high EP
3233,2.2026165,-4.5116158,Ngn3 high EP
3234,-9.837445,0.19745953,Ngn3 low EP
3235,-12.339652,3.3165536,Ductal
3236,-9.043615,-0.4402088,Ductal
3237,-9.372487,-1.1887928,Ngn3 low EP
3238,-8.418871,-1.7315075,Ngn3 low EP
3239,-10.144275,-1.5914662,Ductal
3240,1.9490336,6.2153068,Beta
3241,5.288992,0.09288903,Beta
3242,4.1017876,-4.22042,Pre-endocrine
3243,-8.944336,-1.5494668,Ductal
3244,2.8880355,0.40712494,Epsilon
3245,3.8883388,1.7723237,Epsilon
3246,3.53487,3.9930823,Beta
3247,7.6545563,1.3036174,Alpha
3248,3.105008,5.01903,Beta
3249,-10.598378,-1.3636519,Ductal
3250,7.941132,2.8731577,Alpha
3251,9.360009,-1.2066541,Delta
3252,6.5465794,2.2704,Alpha
3253,-5.507449,-3.4383612,Ngn3 high EP
3254,4.8057437,0.9399095,Beta
3255,4.7676706,3.4806273,Beta
3256,-11.164391,-0.9300439,Ductal
3257,-1.7413499,-3.9006124,Ngn3 high EP
3258,-8.617489,-0.8583241,Ngn3 low EP
3259,3.573473,0.90717304,Pre-endocrine
3260,5.322759,1.3457962,Beta
3261,-10.791601,4.9600015,Ductal
3262,-10.634447,0.57489854,Ductal
3263,7.0047216,3.822643,Alpha
3264,-8.089976,0.544756,Ngn3 low EP
3265,-2.23698,-3.7676861,Ngn3 high EP
3266,-8.942372,3.1308434,Ductal
3267,8.290081,4.907939,Alpha
3268,5.947429,1.112579,Beta
3269,4.6538577,2.413908,Beta
3270,5.7744827,-1.7656041,Pre-endocrine
3271,-9.250384,1.9750572,Ductal
3272,6.94897,4.2180405,Alpha
3273,-9.779785,5.1191235,Ductal
3274,5.4223027,0.57824785,Beta
3275,4.7802324,-3.8452704,Pre-endocrine
3276,-9.208654,-0.6500344,Ngn3 low EP
3277,-9.515919,-0.8652788,Ductal
3278,-3.7102222,-3.9159093,Ngn3 high EP
3279,-11.595456,5.466562,Ductal
3280,-12.133611,3.5588923,Ngn3 low EP
3281,-5.0653243,-3.4757285,Ngn3 high EP
3282,2.5652773,5.8437824,Beta
3283,-11.127897,4.290145,Ductal
3284,-9.634763,1.1162184,Ductal
3285,-8.288487,-1.7860253,Ngn3 low EP
3286,-8.283001,2.8382623,Ductal
3287,-2.2538764,-2.8610475,Ngn3 high EP
3288,-2.372506,-2.5565758,Ngn3 high EP
3289,7.003385,4.0309753,Alpha
3290,3.1861794,4.817816,Beta
3291,2.8871212,2.1128964,Epsilon
3292,-1.6716139,-4.239286,Ngn3 high EP
3293,2.2774475,1.5366029,Epsilon
3294,3.9162965,2.4039514,Epsilon
3295,-10.441655,3.3066373,Ductal
3296,6.005229,2.027597,Beta
3297,-11.7960205,4.9581127,Ductal
3298,-9.8132105,2.807458,Ductal
3299,6.668726,2.0775678,Alpha
3300,-10.449508,1.2321903,Ductal
3301,6.326122,2.0441773,Alpha
3302,-10.176479,6.009998,Ductal
3303,6.66056,4.093653,Alpha
3304,5.691958,1.679279,Pre-endocrine
3305,-4.585396,-3.3968053,Ngn3 high EP
3306,-9.9248905,0.7809895,Ductal
3307,-10.983704,5.85137,Ductal
3308,0.10468864,-3.2827313,Ngn3 high EP
3309,3.9844918,-4.3958545,Pre-endocrine
3310,-10.828022,3.5895712,Ductal
3311,-9.1928625,0.56453323,Ductal
3312,-10.296893,0.60745776,Ductal
3313,2.1195242,-4.5113487,Ngn3 high EP
3314,7.4908953,1.5467111,Alpha
3315,4.276242,3.4834194,Beta
3316,-9.367031,-1.5261405,Ngn3 low EP
3317,4.975053,-2.4043741,Pre-endocrine
3318,-1.5660167,-3.6353786,Ngn3 high EP
3319,5.8237634,2.5358257,Beta
3320,2.717212,5.865118,Beta
3321,-8.995721,1.2936478,Ductal
3322,7.9451857,1.3772856,Alpha
3323,5.776459,-0.6761702,Pre-endocrine
3324,-10.480133,-0.055897463,Ductal
3325,-7.5567894,-1.8433781,Ngn3 high EP
3326,-9.052008,0.42880067,Ductal
3327,5.3283396,2.0185242,Beta
3328,-3.4455283,-4.2071314,Ngn3 high EP
3329,-1.2108362,-4.7996397,Ngn3 high EP
3330,8.800503,-1.3249571,Delta
3331,-7.462007,-1.4478532,Ngn3 low EP
3332,6.754327,-0.07227983,Pre-endocrine
3333,-9.959538,0.09277571,Ngn3 low EP
3334,-10.068035,-1.413173,Ductal
3335,3.211215,4.294565,Beta
3336,-10.088614,-0.97611845,Ductal
3337,5.124625,1.6148815,Beta
3338,5.961632,2.6682565,Alpha
3339,4.713338,-3.9889147,Pre-endocrine
3340,7.3301535,0.88708586,Alpha
3341,-9.331545,0.07630078,Ngn3 low EP
3342,-3.4471529,-3.9496508,Ngn3 high EP
3343,5.80596,-1.3143202,Pre-endocrine
3344,4.9902844,2.6812763,Beta
3345,-10.386935,4.9259377,Ngn3 low EP
3346,-4.5705447,-3.2038136,Ngn3 high EP
3347,-8.782312,0.1952403,Ngn3 low EP
3348,1.629157,-2.7849784,Pre-endocrine
3349,8.020035,4.8393784,Alpha
3350,2.4790494,4.828404,Beta
3351,-9.329246,0.26825207,Ductal
3352,2.7019985,-3.6492054,Pre-endocrine
3353,-9.24065,-0.1915168,Ductal
3354,-4.3904276,-3.7661445,Ngn3 high EP
3355,4.44714,-0.4633284,Pre-endocrine
3356,7.301875,4.1249294,Alpha
3357,4.930727,2.602017,Beta
3358,1.9658728,0.84974194,Epsilon
3359,-1.1230097,-4.9661236,Ngn3 high EP
3360,2.9196975,5.3307395,Beta
3361,-10.692728,-0.123680755,Ductal
3362,-10.828777,4.6460085,Ductal
3363,-0.40019777,-4.15132,Ngn3 high EP
3364,5.759311,0.45926416,Beta
3365,-4.914341,-3.2556176,Ngn3 high EP
3366,-12.00255,3.7817667,Ngn3 low EP
3367,2.157737,-4.7122808,Ngn3 high EP
3368,7.1320667,4.263799,Alpha
3369,1.0379419,-4.952495,Ngn3 high EP
3370,3.774058,2.5189013,Epsilon
3371,0.25574142,-3.1150782,Ngn3 high EP
3372,-10.245889,0.52048826,Ductal
3373,-9.11182,0.5352271,Ngn3 low EP
3374,6.0522428,-0.74763596,Pre-endocrine
3375,5.7471943,0.9212082,Beta
3376,8.587255,4.3653827,Alpha
3377,1.0355145,-2.9057863,Pre-endocrine
3378,5.6121216,-1.4937655,Pre-endocrine
3379,3.2639165,0.5351428,Pre-endocrine
3380,3.9183605,3.781322,Beta
3381,-1.6601225,-4.467767,Ngn3 high EP
3382,-9.304523,1.4364269,Ductal
3383,5.848971,-2.6644876,Pre-endocrine
3384,-9.500974,-0.009619295,Ductal
3385,-11.209026,-0.13110307,Ductal
3386,-10.108688,-0.3738746,Ngn3 low EP
3387,1.1683394,-4.888338,Ngn3 high EP
3388,4.7320795,0.60582995,Pre-endocrine
3389,5.849278,-2.4657118,Pre-endocrine
3390,-9.218119,1.1987513,Ductal
3391,-5.257141,-3.3982282,Ngn3 high EP
3392,7.335326,1.3624641,Alpha
3393,-2.8534222,-3.2757792,Ngn3 high EP
3394,-11.932412,1.9190938,Ductal
3395,5.3595247,-2.349715,Pre-endocrine
3396,5.3746467,1.7398217,Beta
3397,6.5051656,2.9330728,Alpha
3398,-10.694381,0.7282713,Ngn3 low EP
3399,5.4479055,-0.04101819,Beta
3400,-10.33282,-1.1904751,Ductal
3401,-5.969287,-2.361582,Ngn3 high EP
3402,-5.116809,-3.7930672,Ngn3 high EP
3403,-11.683599,4.5486035,Ductal
3404,-10.066669,5.429803,Ductal
3405,-10.889197,-1.2863542,Ductal
3406,3.4871001,-4.3511333,Pre-endocrine
3407,-11.058939,6.0130043,Ductal
3408,2.7277496,6.1127,Beta
3409,6.0606933,-2.9056304,Pre-endocrine
3410,-10.215721,0.7379198,Ductal
3411,4.6826286,0.50986826,Beta
3412,-2.489799,-2.2711177,Ngn3 high EP
3413,5.6058116,0.71538913,Beta
3414,-9.557991,1.9020467,Ductal
3415,-3.8005557,-4.0613003,Ngn3 high EP
3416,-10.813456,-0.89025605,Ductal
3417,-10.075324,5.0714293,Ductal
3418,-9.259452,4.0974574,Ngn3 low EP
3419,7.860896,-1.0617602,Delta
3420,-8.137203,2.4502714,Ductal
3421,-9.907021,-1.2081568,Ductal
3422,-10.105676,-0.5050958,Ductal
3423,-11.155005,3.9334562,Ductal
3424,4.4941964,2.6286774,Beta
3425,-9.357093,-1.5416559,Ductal
3426,5.0861516,1.4428006,Beta
3427,1.6891019,-0.37978297,Epsilon
3428,2.6477172,-3.8756182,Pre-endocrine
3429,-11.425537,5.091131,Ductal
3430,4.0870595,3.637953,Beta
3431,4.1085367,2.952996,Beta
3432,-11.673002,3.3998392,Ductal
3433,5.473214,-3.42275,Pre-endocrine
3434,-11.981852,4.5939894,Ductal
3435,-9.714906,2.265131,Ductal
3436,5.8125744,1.393243,Beta
3437,7.9907928,5.50127,Alpha
3438,-10.145468,-0.8576263,Ductal
3439,-8.7502165,4.3313437,Ngn3 low EP
3440,5.611056,-1.0550052,Pre-endocrine
3441,4.4061847,-3.7614417,Pre-endocrine
3442,6.6366715,4.2302985,Alpha
3443,4.1323895,3.5869288,Beta
3444,-11.551416,3.0895126,Ductal
3445,8.605805,-1.1912602,Delta
3446,7.333028,5.263666,Alpha
3447,2.3013961,6.4542885,Beta
3448,-11.840385,1.2072667,Ductal
3449,1.3717763,-3.8605025,Ngn3 high EP
3450,-2.2775257,-2.4354217,Ngn3 high EP
3451,6.290097,4.1395264,Alpha
3452,6.387202,-1.7473699,Pre-endocrine
3453,4.4891953,-2.7059774,Pre-endocrine
3454,5.0753655,0.96973515,Beta
3455,6.050404,1.6020813,Beta
3456,-0.72420007,-3.91506,Ngn3 high EP
3457,-9.296904,-0.03953967,Ductal
3458,7.634461,3.477059,Alpha
3459,-9.908816,3.3783882,Ductal
3460,-11.593908,1.4963092,Ductal
3461,-10.995916,0.599871,Ngn3 low EP
3462,-10.253343,6.123114,Ductal
3463,7.8444204,4.0226,Alpha
3464,3.2638407,2.5978906,Epsilon
3465,6.156519,1.2888489,Beta
3466,-11.479376,4.9647894,Ductal
3467,7.6489034,4.3909354,Alpha
3468,-9.748277,-0.87535423,Ngn3 low EP
3469,1.6328652,-0.39686874,Epsilon
3470,4.4144907,2.105587,Beta
3471,-8.491961,0.17717524,Ngn3 low EP
3472,-6.7012115,-2.4621072,Ngn3 high EP
3473,1.6750875,-0.14929478,Epsilon
3474,3.1948805,5.9314847,Beta
3475,3.5711913,4.8357563,Beta
3476,7.6358986,1.7427877,Alpha
3477,6.0003357,1.064856,Beta
3478,3.6383328,1.3119661,Epsilon
3479,-9.824477,4.9370217,Ductal
3480,-9.635221,0.71397567,Ductal
3481,6.2182875,-0.15691003,Pre-endocrine
3482,-9.638986,-0.69635767,Ductal
3483,3.9064808,4.1219873,Beta
3484,-11.645293,5.137493,Ductal
3485,2.4165206,6.2873893,Beta
3486,6.6614957,3.8286934,Alpha
3487,-10.544383,-1.5323185,Ngn3 low EP
3488,2.6407025,0.65043247,Epsilon
3489,2.3572807,5.7370915,Beta
3490,-12.273853,2.837031,Ductal
3491,5.807965,-1.444458,Pre-endocrine
3492,-5.9216013,-2.922156,Ngn3 high EP
3493,3.5948684,-4.2124095,Pre-endocrine
3494,4.3551087,2.5171325,Beta
3495,5.716337,1.6469313,Beta
3496,-0.35603976,-4.2525587,Ngn3 high EP
3497,7.870039,0.40229726,Alpha
3498,3.1867445,-4.7475724,Pre-endocrine
3499,-9.954683,0.17787698,Ductal
3500,7.091958,1.301291,Alpha
3501,3.2014368,-4.432391,Pre-endocrine
3502,-8.996721,4.291045,Ngn3 low EP
3503,6.468232,3.1820712,Alpha
3504,3.108981,-3.8797767,Pre-endocrine
3505,-5.9222045,-3.005804,Ngn3 high EP
3506,-10.95776,5.6794643,Ductal
3507,-5.4629283,-2.6486645,Ngn3 high EP
3508,4.862818,-3.1938758,Pre-endocrine
3509,3.1507862,1.1691835,Epsilon
3510,4.654796,-3.1314163,Pre-endocrine
3511,-11.617738,5.1574535,Ductal
3512,8.402873,3.8782508,Alpha
3513,-9.919706,-1.310924,Ductal
3514,8.216265,4.5281096,Alpha
3515,-0.3319835,-3.740317,Ngn3 high EP
3516,-7.9092774,-1.4294064,Ngn3 low EP
3517,-8.678429,-1.5775795,Ductal
3518,-7.448922,-1.7568427,Ngn3 low EP
3519,6.2141166,1.8179153,Alpha
3520,6.224984,3.0119598,Alpha
3521,-10.565362,-0.85899585,Ductal
3522,0.60398644,-3.521555,Ngn3 high EP
3523,5.9296637,-1.6748109,Pre-endocrine
3524,2.863865,-4.564295,Pre-endocrine
3525,4.7716503,-3.5408416,Pre-endocrine
3526,6.475962,4.438973,Alpha
3527,-0.7945462,-5.075107,Ngn3 high EP
3528,2.904419,2.145964,Epsilon
3529,3.6781886,4.5114694,Beta
3530,4.8613014,4.6667576,Beta
3531,-10.614386,0.17043035,Ngn3 low EP
3532,2.8767307,4.6072197,Beta
3533,0.22147028,-5.0819106,Ngn3 high EP
3534,4.2128544,-4.2525635,Pre-endocrine
3535,5.0978513,1.9720808,Beta
3536,-0.3845411,-4.8530045,Ngn3 high EP
3537,-8.233152,-2.0855274,Ngn3 high EP
3538,-8.331946,-1.4161415,Ductal
3539,5.7475567,-0.9998253,Pre-endocrine
3540,7.3445635,2.7520552,Alpha
3541,-9.274789,2.4365058,Ngn3 low EP
3542,4.8345356,-3.7305968,Pre-endocrine
3543,3.3451712,-3.8347437,Pre-endocrine
3544,2.1004143,5.514459,Beta
3545,-6.8648562,-2.0709584,Ngn3 high EP
3546,-7.227049,-2.309756,Ngn3 high EP
3547,-12.227198,1.4833428,Ductal
3548,8.226557,-1.0596043,Delta
3549,2.559056,-3.8532586,Pre-endocrine
3550,-0.46086085,-5.075161,Ngn3 high EP
3551,9.541881,-1.0983233,Delta
3552,-6.017226,-2.5456953,Ngn3 high EP
3553,-5.4290066,-3.0425963,Ngn3 high EP
3554,4.21249,2.1510196,Epsilon
3555,-8.997068,3.420043,Ductal
3556,5.8887773,-0.73586607,Pre-endocrine
3557,-8.8812065,0.17045636,Ductal
3558,5.5875163,-2.411594,Pre-endocrine
3559,-1.4442469,-4.9086175,Ngn3 high EP
3560,3.3783255,-1.3445677,Pre-endocrine
3561,-8.74317,-1.082224,Ngn3 low EP
3562,1.5102974,-0.91830504,Epsilon
3563,4.941939,3.2710443,Beta
3564,-9.95595,4.750318,Ductal
3565,7.459807,4.111363,Alpha
3566,6.283103,-1.0875101,Pre-endocrine
3567,-10.039596,0.11554109,Ngn3 low EP
3568,-10.810894,0.21843153,Ngn3 low EP
3569,5.171929,0.30798605,Beta
3570,3.9579084,5.092137,Beta
3571,2.86906,2.0928972,Epsilon
3572,-10.555318,5.9869385,Ductal
3573,-9.499289,2.9682546,Ductal
3574,-6.4037786,-2.715991,Ngn3 high EP
3575,-3.336478,-3.5888026,Ngn3 high EP
3576,-12.3520565,2.2830267,Ductal
3577,0.006408645,-4.153614,Ngn3 high EP
3578,-11.7743635,2.847076,Ductal
3579,3.772834,2.730947,Epsilon
3580,7.1090717,4.800615,Alpha
3581,-2.1880045,-3.900012,Ngn3 high EP
3582,7.0437155,-0.95194614,Pre-endocrine
3583,8.869451,-1.1857938,Delta
3584,5.375573,1.9540421,Beta
3585,6.3475695,4.128499,Alpha
3586,5.00156,0.4221755,Beta
3587,-0.44137344,-3.6494708,Ngn3 high EP
3588,-8.222092,2.51888,Ductal
3589,-12.193673,3.2265875,Ductal
3590,6.116655,-0.9403765,Pre-endocrine
3591,-2.1160378,-4.7431803,Ngn3 high EP
3592,-9.234973,-0.16616526,Ductal
3593,2.7483344,0.9637706,Epsilon
3594,6.969574,2.0368698,Alpha
3595,1.5702741,-3.97469,Ngn3 high EP
3596,-2.9508839,-3.87621,Ngn3 high EP
3597,5.330887,2.113447,Beta
3598,7.169775,1.2719516,Alpha
3599,-3.4221537,-4.4405327,Ngn3 high EP
3600,6.1178036,0.37118572,Beta
3601,-9.166187,-0.31840733,Ductal
3602,4.066785,3.451628,Beta
3603,-5.01142,-2.962405,Ngn3 high EP
3604,6.245828,1.5339768,Beta
3605,-10.954031,2.329907,Ductal
3606,-9.19039,-0.3584355,Ductal
3607,0.29909226,-4.588512,Ngn3 high EP
3608,1.3847989,-3.6980362,Pre-endocrine
3609,0.36767802,-3.9668787,Ngn3 high EP
3610,6.231789,-2.5219004,Pre-endocrine
3611,-9.837903,0.40915036,Ductal
3612,3.4184594,-3.6084757,Pre-endocrine
3613,-11.046195,0.9275813,Ductal
3614,-3.9182708,-3.673639,Ngn3 high EP
3615,8.411371,4.346409,Alpha
3616,7.6921897,5.072018,Alpha
3617,4.8890944,1.400193,Alpha
3618,5.0252347,1.9386641,Alpha
3619,5.914497,-0.5285374,Pre-endocrine
3620,-11.572729,-0.27604187,Ductal
3621,-0.46860677,-5.0079446,Ngn3 high EP
3622,6.198884,1.1098937,Beta
3623,6.0927315,0.96325684,Beta
3624,7.447835,1.2147665,Alpha
3625,-10.037354,-1.3374988,Ductal
3626,-10.184078,3.052631,Ductal
3627,7.1703153,1.2246561,Alpha
3628,4.7295847,-3.8556445,Pre-endocrine
3629,-11.894615,1.2088823,Ductal
3630,-10.639165,-1.0476626,Ductal
3631,3.669992,4.869215,Beta
3632,3.20081,-3.5350833,Pre-endocrine
3633,6.128602,-1.8068864,Pre-endocrine
3634,-11.312201,2.0118725,Ductal
3635,5.7593603,-2.9636247,Pre-endocrine
3636,2.3865051,1.4757226,Epsilon
3637,-9.6161,1.3125572,Ductal
3638,-10.234129,1.2768017,Ductal
3639,5.9128222,-0.45436925,Pre-endocrine
3640,-0.26440614,-3.8145878,Ngn3 high EP
3641,3.3046117,2.0274622,Epsilon
3642,-11.38193,4.045002,Ductal
3643,6.9821906,1.4817544,Alpha
3644,-1.0000678,-4.925156,Ngn3 high EP
3645,5.949341,-2.3861215,Pre-endocrine
3646,7.3871927,4.987564,Alpha
3647,-11.406801,0.69363064,Ductal
3648,-8.616263,2.9533086,Ductal
3649,5.845792,-0.1662216,Pre-endocrine
3650,-8.105682,-1.2903501,Ngn3 low EP
3651,1.6033494,-4.033241,Ngn3 high EP
3652,4.0759315,-3.5573661,Pre-endocrine
3653,-10.633813,-0.52305174,Ductal
3654,1.0375923,-4.2561026,Ngn3 high EP
3655,-5.790003,-3.0777917,Ngn3 high EP
3656,-10.551823,-1.1606503,Ductal
3657,-11.074209,5.736424,Ductal
3658,-10.5400095,-0.92726415,Ductal
3659,5.4632163,-1.0133234,Pre-endocrine
3660,2.3236043,6.225656,Beta
3661,-5.783449,-2.605802,Ngn3 high EP
3662,7.690058,2.7896829,Alpha
3663,-10.559081,-0.5690177,Ductal
3664,-9.315624,0.07144633,Ductal
3665,-11.593998,4.086425,Ductal
3666,4.2145505,2.793928,Beta
3667,-8.552623,0.6740054,Ductal
3668,-11.864051,4.368212,Ductal
3669,3.818511,4.4617643,Beta
3670,6.0799117,4.1871715,Alpha
3671,2.2372234,5.122345,Beta
3672,-11.080321,0.66266304,Ductal
3673,8.695528,-1.1252483,Delta
3674,4.7601285,-2.8684003,Pre-endocrine
3675,-7.7302036,-1.3971118,Ngn3 low EP
3676,-11.940071,2.1922762,Ductal
3677,-10.321405,0.68232834,Ductal
3678,6.568665,2.6076488,Alpha
3679,-9.542283,5.171164,Ductal
3680,-4.610063,-3.2278113,Ngn3 high EP
3681,5.330273,1.8977298,Beta
3682,3.910919,2.648445,Epsilon
3683,7.815907,5.2223816,Alpha
3684,-10.855444,5.7985606,Ductal
3685,1.8449681,5.7047763,Beta
3686,-10.972211,-0.12698655,Ductal
3687,-1.0752212,-3.7588599,Ngn3 high EP
3688,-6.7104497,-1.9975425,Ngn3 high EP
3689,5.4993143,2.3692968,Beta
3690,5.597419,0.08526592,Pre-endocrine
3691,4.7684717,-1.3883531,Pre-endocrine
3692,-1.8733351,-4.18265,Ngn3 high EP
3693,-9.88225,-0.105594136,Ductal
3694,6.6124244,4.531895,Alpha
3695,3.0710435,1.1204324,Epsilon
